,months,mean_ann,vol_ann,sharpe,max_drawdown,hit_rate_monthly,hit_rate_signal
portfolio 1985+,360.0,0.13622634092713107,0.11547149320699014,1.1797400132596927,-0.13754557299785652,0.6611111111111111,0.5423839100857735
COMM 1985+,360.0,0.06153549082306641,0.0714468153499907,0.8612768885726748,-0.13097377121381648,0.6111111111111112,0.5263392359950997
EQ 1985+,360.0,0.021513978122532303,0.04011158162560472,0.5363532738085582,-0.09251900823925241,0.55,0.5642479213907785
FI 1985+,360.0,0.030409612660523035,0.04580923746548311,0.6638314528469598,-0.09434235282415426,0.5972222222222222,0.568076923076923
FX 1985+,360.0,0.022767259321009314,0.03643191530183206,0.6249262256015514,-0.08821907642968985,0.5833333333333334,0.5496268656716418
portfolio full,468.0,0.14997738073193,0.12421414317948525,1.2074098560195174,-0.16307885839385128,0.6623931623931624,0.5439549074361361
COMM full,468.0,0.07649068592750626,0.08624319444526972,0.8869185147826076,-0.16506094384547876,0.6132478632478633,0.5296286056584647
EQ full,468.0,0.01633919456826068,0.0353640451777794,0.46202843837919394,-0.09251900823925274,0.4465811965811966,0.5641410352588146
FI full,468.0,0.025585572987768344,0.04125855329752581,0.6201277297161715,-0.0943423528241546,0.5448717948717948,0.5671140939597316
FX full,468.0,0.03156192724839471,0.043278230079255534,0.7292795290055826,-0.08821907642969018,0.594017094017094,0.5565466709143039
