ID,date,previous_date,calendar_days,intervening_weekdays,previous_close,Open,High,Low,Close,Volume,OpenInterest,close_change,robust_z,absolute_flag,robust_flag,next_date,next_change,two_observation_change,reversal_candidate,ohlc_inconsistent
ZU,1991-01-17,1991-01-16,1,0,104.72,78.79,78.79,70.87,71.32,130417,253612,-0.318945760122,-20.190578809,True,True,1991-01-18,-0.0795008412787,-0.373090145149,False,False
SP,1987-10-19,1987-10-16,3,0,430.68,402.83,410.46,302.13,307.47,162022,172178,-0.286082474227,-36.1645296388,True,True,1987-10-20,0.0731778710118,-0.233839509613,False,False
JO,1991-10-11,1991-10-10,1,0,368.89,397.88,472.53,397.88,468.47,3737,12927,0.269944970045,21.1981479239,True,True,1991-10-14,-0.0232031933742,0.240478191331,False,False
KC,1994-06-27,1994-06-24,3,0,1046.14,1351.57,1388.32,1253.57,1319.72,19343,50718,0.261513755329,15.7498733247,True,True,1994-06-28,0.0702345952172,0.350115663296,False,False
JO,1998-10-09,1998-10-08,1,0,147.44,162.05,192.72,162.05,185.05,17889,28150,0.255086814976,20.0313717139,True,True,1998-10-12,0.00513374763577,0.261530113945,False,False
KC,1994-07-11,1994-07-08,3,0,1538.18,1796.65,1955.9,1792.57,1922.01,12755,45289,0.249535164935,15.0284532178,True,True,1994-07-12,0.0486469893497,0.310321288796,False,False
ZB,1991-01-17,1991-01-16,1,0,47.52,36.71,38.26,35.49,35.84,20696,52902,-0.245791245791,-15.0768871803,True,True,1991-01-18,-0.0440848214286,-0.27904040404,False,False
HS,1997-10-29,1997-10-28,1,0,6714.84,7964.82,8345.91,7698.05,8345.91,0,0,0.242905266544,18.5896493257,True,True,1997-10-30,-0.0776260467702,0.146423444192,False,False
KC,1999-10-13,1999-10-12,1,0,1647.35,1706.21,2047.45,1706.21,2036.36,46626,52129,0.236142896167,14.2218932097,True,True,1999-10-14,-0.10263902257,0.109266397548,False,False
ZL,1973-08-22,1973-08-21,1,0,54.69,66.53,66.53,66.53,66.53,2747,32295,0.216492960322,15.7308515451,True,True,1973-08-23,-0.0410341199459,0.166575242275,False,False
ZN,2003-02-24,2003-02-21,3,0,5795.137,6301.454,7062.765,6237.247,6991.22,141719,448623,0.206394257806,8.04903916218,True,False,2003-02-25,-0.136184671631,0.0421018519493,False,False
JO,1999-08-12,1999-08-11,1,0,130.84,133.82,161.43,131.53,157.15,13257,31677,0.201085295017,15.7907584956,True,True,1999-08-13,-0.0209354120267,0.175940079486,False,False
SP,1987-10-21,1987-10-20,1,0,329.97,369.26,395.97,361.63,394.06,91802,169934,0.194229778465,24.4269369441,True,True,1987-10-22,-0.0532406232553,0.130648240749,False,False
KC,2000-07-18,2000-07-17,1,0,1529.1,1815.85,1846.12,1725.06,1801.48,25664,46846,0.178130926689,10.7280763378,True,True,2000-07-19,-0.0613218020739,0.105885815185,False,False
ZI,2011-09-23,2011-09-22,1,0,5195.6,5097.1,5210.1,4239.2,4275.6,127619,108858,-0.177072907845,-12.9090660975,True,True,2011-09-26,-0.00416315838713,-0.180498883671,False,False
ZM,1973-06-11,1973-06-08,3,0,152.93,156.5,181.47,156.5,179.68,2497,27439,0.174916628523,13.7713510484,True,True,1973-06-12,-0.00740204808549,0.166219839142,False,False
ZN,1997-01-06,1997-01-03,3,0,12044.367,13649.765,14890.653,13378.321,14099.587,59972,153243,0.170637444043,6.65984252519,True,False,1997-01-07,-0.0830583193678,0.0734062653521,False,False
AX,2008-10-28,2008-10-27,1,0,4875.2,5125.2,5753.2,5073.5,5706.6,330821,238290,0.170536593371,15.0448700839,True,True,2008-10-29,-0.0333298286195,0.131522809321,False,False
EN,2001-01-03,2001-01-02,1,0,3025.18,3043.33,3614.87,2942.14,3530.43,115139,47770,0.167014855314,14.4740509609,True,True,2001-01-04,-0.0171962055614,0.146946627969,False,False
ND,2001-01-03,2001-01-02,1,0,2588.17,2525.48,3164.31,2525.48,3020.42,35677,47111,0.167009895022,13.3815997418,True,True,2001-01-04,-0.0171962839605,0.146941661483,False,False
JO,2006-10-12,2006-10-11,1,0,125.7,133.33,147.21,133.33,146.68,9195,30951,0.166905330151,13.1066856968,True,True,2006-10-13,-0.00238614671394,0.164120922832,False,False
SB,1988-07-26,1988-07-25,1,0,16.98,16.1,16.25,13.85,14.15,58958,148359,-0.166666666667,-8.83991677193,True,False,1988-07-27,-0.0586572438163,-0.21554770318,False,False
ZA,2000-02-22,2000-02-18,4,1,1020.09,1115.1,1210.48,1071.09,1188.17,1860,2882,0.164769775216,11.7334198535,True,True,2000-02-23,-0.119536766624,0.0255369624249,True,False
SB,1983-06-01,1983-05-31,1,0,71.62,63.79,64.86,59.61,59.82,28283,101324,-0.164758447361,-8.73870577286,True,False,1983-06-02,0.028752925443,-0.140742809271,False,False
ZN,1995-12-27,1995-12-26,1,0,8851.233,9145.318,10723.334,9145.318,10285.793,41781,162606,0.162074594579,6.32716518549,True,False,1995-12-28,-0.125174305958,0.0166127137315,True,False
ZS,1973-06-22,1973-06-20,2,1,2177.01,1827.02,1827.02,1827.02,1827.02,8268,56698,-0.160766372226,-13.8493982819,True,True,1973-06-25,0.0456097908069,-0.122489102025,False,False
ZN,2001-02-05,2001-02-02,3,0,12203.364,11220.652,11220.652,10261.467,10326.619,48823,345180,-0.153789151909,-5.94453377736,True,False,2001-02-06,0.0101647983721,-0.145187589258,False,False
SB,1985-07-26,1985-07-25,1,0,9.62,10.83,11.29,10.08,11.09,34288,90043,0.152806652807,8.10478855805,True,False,1985-07-29,-0.0883678990081,0.0509355509356,False,False
ZU,2001-09-24,2001-09-21,3,0,146.67,134.98,135.55,123.12,124.31,197687,394845,-0.152451080657,-9.66791753321,True,False,2001-09-25,-0.00909017778135,-0.160155451012,False,False
ZN,2009-09-10,2009-09-09,1,0,224.053,225.32,262.939,217.004,257.87,335469,740404,0.150933038165,5.89430187715,True,False,2009-09-11,-0.0909062706015,0.0463060079535,False,False
ZU,1986-08-04,1986-08-01,3,0,23,23.4,26.63,23.4,26.47,57066,139015,0.150869565217,9.50230715349,True,False,1986-08-05,0.129958443521,0.300434782609,False,False
ZA,2001-04-17,2001-04-16,1,0,983.11,1043.81,1132.65,1039.37,1130.43,145,1593,0.149850983105,10.6674407663,True,True,2001-04-18,-0.0347124545527,0.109936833111,False,False
SB,1980-02-19,1980-02-15,4,1,318.67,281.85,297.5,269.32,270.95,9145,101303,-0.14974738758,-7.94252665811,True,False,1980-02-20,0.0781324967706,-0.0833150280855,False,False
ZN,2000-12-06,2000-12-05,1,0,12575.105,14986.583,14986.583,13794.468,14450.131,63136,388616,0.149106190366,5.82332657057,True,False,2000-12-07,-0.0131997419262,0.133938285207,False,False
HS,1998-02-02,1998-01-27,6,3,7025.11,7497.45,8149.73,7347.5,8067.26,23963,51805,0.148346431586,11.3400516233,True,True,1998-02-03,-0.00371749515945,0.144077459285,False,False
HS,1997-10-28,1997-10-27,1,0,7858.11,6859.65,6859.65,6714.84,6714.84,0,0,-0.145489182513,-11.1876158741,True,True,1997-10-29,0.242905266544,0.0620759953729,False,False
ZU,1990-08-06,1990-08-03,3,0,72.82,80.87,83.85,79.54,83.4,151961,293260,0.145289755562,9.14965656321,True,False,1990-08-07,0.00923261390887,0.155863773689,False,False
ZN,2001-01-02,2000-12-29,4,1,16824.052,14887.78,15318.062,14199.328,14395.536,29036,352665,-0.144347865782,-5.57772808197,True,False,2001-01-03,-0.0209229444461,-0.162250627851,False,False
ZA,1998-07-16,1998-07-15,1,0,411.4,448.98,485.23,439.22,470.59,805,4362,0.143874574623,10.2404138052,True,True,1998-07-17,0.00223124163284,0.146426835197,False,False
ZN,2001-01-17,2001-01-16,1,0,14058.391,13392.391,13718.152,11854.076,12042.293,70006,370660,-0.143408872324,-5.54124701959,True,False,2001-01-18,0.0368199810451,-0.11186920324,False,False
ZN,2006-07-31,2006-07-28,3,0,2111.781,2289.918,2428.078,2254.643,2413.674,126069,908412,0.142956584987,5.58440676167,True,False,2006-08-01,-0.077578827961,0.0542873527132,False,False
ZU,2008-12-31,2008-12-30,1,0,138.66,139.16,161.79,131.23,158.45,369430,1173161,0.142723207847,8.9874477026,True,False,2009-01-02,0.0390028400126,0.187292658301,False,False
ZS,1973-06-06,1973-06-05,1,0,2268.31,2191.42,2287.54,1941.52,1946.33,12650,54521,-0.141947088361,-12.2321780607,True,True,1973-06-07,-0.046913935458,-0.182201727277,False,False
ZN,2012-06-14,2012-06-13,1,0,56.627,56.938,65.594,56.186,64.661,376735,1194046,0.141875783637,5.54241628649,True,False,2012-06-15,-0.011227788002,0.129055044413,False,False
ES,2008-10-13,2008-10-10,3,0,868.22,886.24,991.48,886,990.75,3362609,3136075,0.141127824745,15.9235593397,True,True,2008-10-14,-0.0142619227858,0.12485314782,False,False
SP,2008-10-13,2008-10-10,3,0,774.89,820.11,884.9,812.28,884.21,53529,644382,0.141078088503,17.7218428556,True,True,2008-10-14,-0.0141708417684,0.124908051465,False,False
SC,2008-10-13,2008-10-10,3,0,774.83,790.75,884.84,790.75,884.14,76728,644382,0.141076107017,17.0183722486,True,True,2008-10-14,-0.0141606532902,0.124917723888,False,False
XU,2008-10-13,2008-10-10,3,0,1515.63,1573.39,1731.17,1560.97,1729.3,2612134,3364542,0.140977679249,12.1455716661,True,True,2008-10-14,-0.0215520730932,0.116387244908,False,False
NK,2008-10-28,2008-10-27,1,0,6725,7670,7670,7670,7670,24744,64097,0.140520446097,11.0718457159,True,True,2008-10-29,0.045110821382,0.191970260223,False,False
KC,1997-06-10,1997-06-09,1,0,2820.48,2828.27,2891.74,2416.28,2426.86,13020,22941,-0.139557805764,-8.40497953724,True,False,1997-06-11,-0.0338008785014,-0.168641507828,False,False
ZN,2006-10-16,2006-10-13,3,0,1275.37,1343.207,1453.638,1334.192,1452.286,84905,938460,0.138717391816,5.41970884043,True,False,2006-10-17,-0.000310544892673,0.138363768945,False,False
ZB,2008-12-31,2008-12-30,1,0,62.64,62.22,72.86,60.43,71.31,51256,190884,0.138409961686,8.42474016309,True,False,2009-01-02,0.0457158883747,0.190453384419,False,False
ZM,1973-06-06,1973-06-05,1,0,187.71,178.35,185.03,161.4,161.85,4039,26601,-0.137765702413,-10.8464236156,True,True,1973-06-07,-0.0991658943466,-0.22326993767,False,False
ZI,2006-04-20,2006-04-19,1,0,2413.2,2368.8,2381.3,2027.3,2081.4,82737,139175,-0.137493784187,-10.0303741738,True,True,2006-04-21,0.0351205919093,-0.107202055362,False,False
AX,2008-10-13,2008-10-10,3,0,5326.8,5541.7,6068,5486,6058.8,260874,234372,0.137418337463,12.1085164466,True,True,2008-10-14,-0.01516802007,0.120165953293,False,False
ZN,1996-12-16,1996-12-13,3,0,13242.598,13572.21,15394.763,13572.21,15061.275,46719,160308,0.137335362744,5.36601529403,True,False,1996-12-17,-0.0697734421555,0.0579795596,False,False
EN,2008-10-13,2008-10-10,3,0,1444.1,1460.99,1643.41,1460.99,1642.28,483757,393994,0.137234263555,11.8780901311,True,True,2008-10-14,-0.0634240202645,0.0651062945779,False,False
ND,2008-10-13,2008-10-10,3,0,1235.49,1289.92,1405.52,1270.65,1405.04,3519,25242,0.137233000672,10.978517497,True,True,2008-10-14,-0.063421681945,0.0651077710058,False,False
ZN,2003-02-25,2003-02-24,1,0,6991.22,7062.765,7154.49,5778.626,6039.123,134305,421638,-0.136184671631,-5.26057784771,True,False,2003-02-26,0.122417940486,-0.0304381781721,False,False
YM,2008-10-13,2008-10-10,3,0,7557.23,7664.68,8593.75,7664.68,8584.73,275973,103882,0.135962515366,18.5318928626,True,True,2008-10-14,-0.0153563361923,0.118518293078,False,False
ZD,2008-10-13,2008-10-10,3,0,7265.54,7630.12,8253.38,7591.06,8253.38,3372,26357,0.135962364807,16.3823678444,True,True,2008-10-14,-0.0153561328813,0.118518375785,False,False
ZN,2005-08-29,2005-08-26,3,0,4139.535,4770.217,4917.967,4495.824,4702.252,86186,501059,0.135937248991,5.31169683777,True,False,2005-08-30,0.0466827383985,0.188965910422,False,False
KC,1999-11-30,1999-11-29,1,0,1961.44,2027.65,2267.66,2006.96,2227.93,12116,45212,0.135864466922,8.18254527629,True,False,1999-12-01,-0.0278599417396,0.10421934905,False,False
ZS,1973-06-11,1973-06-08,3,0,1954.98,1970.36,2220.26,1970.36,2220.26,8422,54812,0.135694482808,11.6267299802,True,True,1973-06-12,-0.00606235305775,0.128809501887,False,False
ZN,2000-12-12,2000-12-11,1,0,16030.534,15156.885,15242.036,13641.196,13871.104,65921,386830,-0.134707302951,-5.20318023908,True,False,2000-12-13,-0.0746470504439,-0.199298850556,False,False
YM,2008-10-28,2008-10-27,1,0,7233.09,7243.93,8225.37,7184.34,8206.41,335916,107654,0.134564895501,18.340435554,True,True,2008-10-29,-0.025855398402,0.105230268115,False,False
ZD,2008-10-28,2008-10-27,1,0,6953.91,7261.2,7899.21,7078.91,7889.66,4834,28777,0.134564583091,16.2132283189,True,True,2008-10-29,-0.0258553600535,0.105230007291,False,False
ZN,2004-11-24,2004-11-23,1,0,3534.931,3492.721,4035.415,3474.168,4007.121,70111,382353,0.13357827918,5.22004792998,True,False,2004-11-29,-0.0928347309702,0.0283428445987,False,False
ZI,2009-03-19,2009-03-18,1,0,1731.9,1867.6,1985.9,1834.3,1962,31058,92568,0.132859864888,9.63314523208,True,False,2009-03-20,0.0236493374108,0.159651250072,False,False
ZN,2009-09-16,2009-09-15,1,0,262.939,265.711,300.717,265.711,297.787,390145,733951,0.13253264065,5.17942357406,True,False,2009-09-17,-0.0803191542948,0.0415685767421,False,False
KC,1989-07-03,1989-06-30,3,0,1960.13,1877.41,1920.95,1682.42,1702.19,10558,25330,-0.131593312688,-7.92531162505,True,False,1989-07-05,0.0424100717311,-0.0947641227878,False,False
ZU,1991-01-14,1991-01-11,3,0,90.72,103.72,104.93,100.6,102.64,142170,253213,0.13139329806,8.27138396199,True,False,1991-01-15,-0.0215315666407,0.107032627866,False,False
ZN,2007-08-20,2007-08-17,3,0,1117.079,1029.465,1038.07,968.448,970.795,172017,763818,-0.130952242411,-5.05729147203,True,False,2007-08-21,-0.0282036887293,-0.155462594857,False,False
ZN,2000-12-15,2000-12-14,1,0,12624.493,13338.762,14491.92,13166.649,14268.173,45131,382623,0.130197703781,5.08870837589,True,False,2000-12-18,0.00904705879302,0.140422668855,False,False
ZI,2006-06-13,2006-06-12,1,0,1820.9,1711.5,1724.6,1579.8,1583.9,44744,112993,-0.130155417651,-9.4966358156,True,False,2006-06-14,0.0114274891092,-0.120215278159,False,False
ZU,1998-03-23,1998-03-20,3,0,76.77,89.33,91.95,84.97,86.75,192340,463017,0.129998697408,8.18324354619,True,False,1998-03-24,-0.035734870317,0.0896183404976,False,False
ZU,1986-08-05,1986-08-04,1,0,26.47,31.86,32.86,29.14,29.91,60078,135585,0.129958443521,8.18069945278,True,False,1986-08-06,-0.0033433634236,0.126180581791,False,False
ZU,1986-04-08,1986-04-07,1,0,26.42,25.45,25.54,22.86,22.99,37124,84844,-0.129825889478,-8.23797860755,True,False,1986-04-09,0.0426272292301,-0.0927327781983,False,False
ZU,1986-03-24,1986-03-21,3,0,25.7,22.59,22.99,20.28,22.37,20704,72937,-0.129571984436,-8.22193150767,True,False,1986-03-25,0.00983459991059,-0.121011673152,False,False
ZU,1990-08-27,1990-08-24,3,0,92.54,85.33,87.72,77.99,80.57,98583,256547,-0.129349470499,-8.20786836288,True,False,1990-08-28,0.0359935459849,-0.0980116706289,False,False
CC,1990-08-24,1990-08-23,1,0,6807,6874,7709,6874,7687,13822,46849,0.129278683708,8.37446212727,True,False,1990-08-27,-0.0130089761936,0.114587924196,False,False
ZI,2008-10-02,2008-10-01,1,0,1863.1,1594.7,1847.1,1583.7,1622.4,37294,102795,-0.129193280017,-9.42665705966,True,False,2008-10-03,0.0184294871795,-0.113144758735,False,False
ZN,1996-02-06,1996-02-05,1,0,8133.364,8290.929,9191.301,8290.929,9183.798,30658,148794,0.129151234348,5.04805173833,True,False,1996-02-07,0.0265523043952,0.15913280163,False,False
SB,1985-07-25,1985-07-24,1,0,8.52,8.62,9.78,8.62,9.62,19941,89467,0.129107981221,6.84782285149,True,False,1985-07-26,0.152806652807,0.301643192488,False,False
KC,2004-11-15,2004-11-12,3,0,430.06,432.37,492.67,431.09,485.23,45107,88519,0.128284425429,7.72603126553,True,False,2004-11-16,-0.0512952620407,0.0704087801702,False,False
ZN,2009-03-19,2009-03-18,1,0,385.8,386.415,487.92,384.773,435.269,230480,650761,0.128224468637,5.01204573909,True,False,2009-03-20,0.0153261546308,0.145515811301,False,False
SB,1980-03-10,1980-03-07,3,0,268.84,257.14,261.28,222.26,234.44,20877,86546,-0.127957149234,-6.7867832976,True,False,1980-03-11,0.103864528238,-0.037382829936,False,False
JO,2010-01-11,2010-01-08,3,0,97.64,93.02,94.57,84.72,85.17,9554,35330,-0.127714051618,-10.0290861419,True,True,2010-01-12,0.0345191969003,-0.0976034412126,False,False
ZM,1974-06-24,1974-06-21,3,0,55.14,58.69,62.14,58.2,62.14,5228,23851,0.12694958288,9.99486032892,True,False,1974-06-25,-0.0793369810106,0.0375408052231,False,False
SB,1986-01-23,1986-01-22,1,0,11.35,11.52,12.81,11.52,12.79,35793,95088,0.126872246696,6.72924060876,True,False,1986-01-24,-0.0234558248632,0.100440528634,False,False
JO,1990-10-12,1990-10-11,1,0,361.63,333.79,333.79,305.95,315.84,1320,6163,-0.126621132096,-9.94326172485,True,False,1990-10-15,0.0396719858156,-0.0919724580372,False,False
ZN,1995-12-22,1995-12-21,1,0,9722.728,8714.95,8965.998,8392.174,8492.593,43935,161753,-0.126521589414,-4.8851550987,True,False,1995-12-26,0.0422297406693,-0.0896348226547,False,False
KC,1987-03-03,1987-03-02,1,0,2365.53,2124.55,2151.35,2049.91,2067.71,6914,16408,-0.125899904038,-7.58242157358,True,False,1987-03-04,-0.00981278806022,-0.134477263024,False,False
EN,2008-10-28,2008-10-27,1,0,1308.42,1309.26,1473.94,1296.31,1472.82,485467,407847,0.125647727794,10.8680970043,True,True,2008-10-29,-0.0107073505248,0.113595023005,False,False
ND,2008-10-28,2008-10-27,1,0,1119.4,1163.72,1261.98,1130,1260.05,3509,33589,0.125647668394,10.0435473833,True,True,2008-10-29,-0.0106979881751,0.113605502948,False,False
KC,2000-07-20,2000-07-19,1,0,1691.01,1535.91,1573.74,1442.85,1479.16,12784,45200,-0.125280158012,-7.54509687762,True,False,2000-07-21,-0.0112496281673,-0.135120430985,False,False
ZN,1995-12-28,1995-12-27,1,0,10285.793,9324.638,10006.054,8643.222,8998.276,38814,163771,-0.125174305958,-4.83281146263,True,False,1995-12-29,0.0438420648578,-0.0868201411403,False,False
NK,2008-10-13,2008-10-10,3,0,7566,8512,8512,8512,8512,18658,66132,0.125033042559,9.84916630079,True,False,2008-10-14,0.0482847744361,0.179355009252,False,False
ZN,2003-12-08,2003-12-05,3,0,4475.083,4537.085,5054.983,4529.79,5034.559,102667,343536,0.125020251021,4.88755790398,True,False,2003-12-09,-0.0260793447847,0.0956804600049,False,False
ZB,2008-11-04,2008-11-03,1,0,99.23,99.45,115.08,96.25,111.63,66451,159174,0.124962209009,7.60213974992,True,False,2008-11-05,-0.0706799247514,0.0454499647284,False,False
ZU,1986-04-07,1986-04-04,3,0,23.49,24.89,26.55,24.34,26.42,37240,79580,0.124733929332,7.85050395752,True,False,1986-04-08,-0.129825889478,-0.0212856534696,True,False
SP,2008-10-28,2008-10-27,1,0,725.92,758.8,820.11,733.58,816.37,42405,642601,0.124600506943,15.6431933378,True,True,2008-10-29,-0.0124575866335,0.1105906987,False,False
SC,2008-10-28,2008-10-27,1,0,725.87,727.09,820.05,727.09,816.31,75648,642601,0.12459531321,15.0208522082,True,True,2008-10-29,-0.0124585022847,0.110584539931,False,False
ES,2008-10-28,2008-10-27,1,0,813.41,815.11,918.64,806.1,914.75,3772679,3034451,0.124586616835,14.0483293498,True,True,2008-10-29,-0.0125170811697,0.11051007487,False,False
ZA,2006-06-13,2006-06-12,1,0,410.93,370.91,379.24,356.73,360.11,3191,14355,-0.123670698172,-8.87625888171,True,False,2006-06-14,0.0576490516787,-0.0731511449639,False,False
ZK,2008-10-29,2008-10-28,1,0,247.39,256.91,282.2,246.19,277.94,20509,79415,0.123489227535,9.60946844565,True,False,2008-10-30,-0.0945887601641,0.0172197744452,True,False
ZU,1990-11-30,1990-11-29,1,0,108.04,107.51,107.68,94.22,94.71,114804,238772,-0.123380229545,-7.83060525249,True,False,1990-12-03,0.0104529616725,-0.114216956683,False,False
KC,1979-06-01,1979-05-31,1,0,1900.79,2122.56,2134.76,2073.76,2134.63,1045,10299,0.123022532736,7.40912960484,True,False,1979-06-04,0.0498915502921,0.179051867908,False,False
ZB,1990-08-06,1990-08-03,3,0,35.46,38.64,39.85,38.26,39.81,29166,62214,0.122673434856,7.46213519977,True,False,1990-08-07,0.0100477267018,0.133953750705,False,False
ZA,1998-06-04,1998-06-03,1,0,347.19,372.29,393.2,370.9,389.72,702,4476,0.122497767793,8.71299597798,True,False,1998-06-05,-0.00895514728523,0.112445634955,False,False
ZK,2006-05-23,2006-05-22,1,0,461.9,477.71,519.75,477.71,518.48,14240,81363,0.12249404633,9.53202717746,True,False,2006-05-24,-0.0634354266317,0.0512881576099,False,False
ZU,2009-01-07,2009-01-06,1,0,172.59,171.98,174.4,150.67,151.45,623597,1216198,-0.122486818472,-7.7741406127,True,False,2009-01-08,-0.0218553978211,-0.141665218147,False,False
ZN,2003-02-26,2003-02-25,1,0,6039.123,6145.523,6925.179,6053.799,6778.42,112486,404545,0.122417940486,4.78645490671,True,False,2003-02-27,0.0128552081459,0.136846856737,False,False
KC,1994-08-08,1994-08-05,3,0,1655.78,1616.98,1627.19,1453.65,1453.65,15019,36825,-0.12207539649,-7.35208757321,True,False,1994-08-09,0.0241598734221,-0.100864849195,False,False
KC,1997-05-30,1997-05-29,1,0,3505.27,3440.69,3462.96,3039.84,3077.69,13163,28267,-0.121982044179,-7.34646535626,True,False,1997-06-02,-0.0812232551037,-0.19329752059,False,False
XX,2008-10-13,2008-10-10,3,0,1353.17,1410.05,1517.55,1373.17,1517.55,9151,49558,0.121477715291,13.3247056855,True,True,2008-10-14,-0.0148265296036,0.104850092745,False,False
ZN,1996-02-05,1996-02-02,3,0,9255.078,8591.053,8891.177,8122.109,8133.364,35817,147070,-0.12119984294,-4.67839863675,True,False,1996-02-06,0.129151234348,-0.00770171791097,True,False
JO,1997-08-14,1997-08-13,1,0,148.9,149.37,149.56,130.58,130.86,12372,35792,-0.121155137676,-9.51402995125,True,False,1997-08-15,-0.0107748739111,-0.130624580255,False,False
ZA,1998-05-20,1998-05-19,1,0,490.12,464.09,476.4,430.85,431.22,1333,3852,-0.120174651106,-8.62645896273,True,False,1998-05-21,0.00656277538148,-0.114400554966,False,False
ZI,1987-10-20,1987-10-19,1,0,3609.1,3181.9,3312.7,2920.4,3175.4,51297,92602,-0.120168463052,-8.77025880448,True,False,1987-10-21,0.0246898028595,-0.0984455958549,False,False
HS,2008-10-30,2008-10-29,1,0,9421.83,9795.53,10623.89,9784.38,10550.34,132998,125438,0.119776094453,9.14963281648,True,False,2008-10-31,-0.0165482818563,0.101245724026,False,False
JO,1997-01-27,1997-01-24,3,0,171.16,174.44,191.66,174.44,191.66,8648,30485,0.119770974527,9.40533485243,True,False,1997-01-28,0.00266096212042,0.122750642674,False,False
ZA,1998-05-13,1998-05-12,1,0,409.74,417.93,486.25,417.31,458.73,1351,4441,0.119563625714,8.50334535266,True,False,1998-05-14,-0.00643079807294,0.112363938107,False,False
ZA,2000-02-23,2000-02-22,1,0,1188.17,1100.43,1100.43,1041.74,1046.14,658,2831,-0.119536766624,-8.58088077434,True,False,2000-02-24,-0.0274819813792,-0.143733640809,False,False
MD,2008-10-13,2008-10-10,3,0,567.74,589.99,635.12,586.68,635.12,228,7066,0.118681086413,12.7566273043,True,True,2008-10-14,-0.0250976193475,0.0906048543347,False,False
ZM,1973-06-22,1973-06-20,2,1,173,152.51,152.51,152.51,152.51,1535,25637,-0.118439306358,-9.32483823618,True,False,1973-06-25,0.0447839485935,-0.0789595375723,False,False
ZN,1996-12-27,1996-12-26,1,0,13122.388,12214.989,12408.877,11478.212,11571.278,24084,144682,-0.118203333113,-4.56198050725,True,False,1996-12-30,-0.102882067132,-0.208924396992,False,False
HS,2008-10-28,2008-10-27,1,0,8274.01,8357.96,9383.2,8266.58,9251.7,224461,135408,0.118163985782,9.02603633475,True,False,2008-10-29,0.0183890528227,0.138725962381,False,False
KC,1999-10-18,1999-10-15,3,0,1849.53,1706.21,1706.21,1552.65,1631.14,15840,49955,-0.118078647008,-7.11138016576,True,False,1999-10-19,0.0214389935873,-0.0991711407763,False,False
ZN,2001-02-01,2001-01-31,1,0,10328.429,10623.424,11618.804,10388.152,11546.413,61399,350697,0.117925388266,4.61191367167,True,False,2001-02-02,0.0568965444073,0.181531479763,False,False
SB,1980-01-29,1980-01-28,1,0,226.85,234.87,254.29,234.87,253.54,17211,103338,0.117654837999,6.24035385434,True,False,1980-01-30,0.0405064289658,0.162927044302,False,False
ZO,2001-07-12,2001-07-11,1,0,110.01,114.53,124.01,113.67,122.93,5413,11389,0.117443868739,7.81008460374,True,False,2001-07-13,-0.0280647522981,0.0860830833561,False,False
ZN,2009-07-16,2009-07-15,1,0,303.941,305.144,340.695,300.886,339.584,209517,756948,0.117269470062,4.58643043456,True,False,2009-07-17,0.000273864493027,0.117575450499,False,False
MD,2008-10-15,2008-10-14,1,0,619.18,608.62,608.62,546.73,546.73,34,7091,-0.117009593333,-12.7654032075,True,True,2008-10-16,0.0431474402356,-0.0789108175329,False,False
ZU,1986-02-24,1986-02-21,3,0,25.59,26.86,28.75,26.38,28.58,27769,61930,0.116842516608,7.35175731081,True,False,1986-02-25,-0.037088873338,0.0754200859711,False,False
ZN,2005-09-19,2005-09-16,3,0,4704.363,5029.921,5267.555,5010.118,5253.693,96879,567612,0.116770325759,4.56703805831,True,False,2005-09-20,-0.0175649776262,0.0971542799737,False,False
ZB,1986-08-04,1986-08-01,3,0,9.87,10.17,11.03,10.14,11.02,757,4584,0.116514690983,7.08540420414,True,False,1986-08-05,0.100725952813,0.228976697062,False,False
JO,2004-08-16,2004-08-13,3,0,58.63,68.05,68.05,64.75,65.46,9380,40806,0.116493262835,9.14794380977,True,False,2004-08-17,-0.0294836541399,0.0835749616237,False,False
ZN,2001-08-15,2001-08-14,1,0,5194.46,5257.283,5835.915,5215.953,5799.544,74698,496278,0.116486410522,4.55600759862,True,False,2001-08-16,-0.0265108774069,0.0868873761661,False,False
SB,2010-11-12,2010-11-11,1,0,39.73,39.05,39.11,34.24,35.11,302327,597549,-0.116284923232,-6.1676942592,True,False,2010-11-15,0.0313301053831,-0.088598036748,False,False
ZN,2003-03-03,2003-02-28,3,0,7430.579,6971.041,6971.041,6517.006,6569.289,74404,388448,-0.115911559516,-4.47294225586,True,False,2003-03-04,-0.0168946745987,-0.130847946035,False,False
ZN,2007-01-30,2007-01-29,1,0,1211.214,1274.594,1356.657,1262.372,1351.419,165996,904935,0.1157557624,4.52762101137,True,False,2007-01-31,-0.00943156785571,0.105232436217,False,False
ZB,2005-08-30,2005-08-29,1,0,180.64,188.98,202.48,187.81,201.55,95733,153802,0.115755093003,7.03893951763,True,False,2005-08-31,0.0248573554949,0.143489813995,False,False
ZI,2008-10-29,2008-10-28,1,0,1282.5,1340.8,1484.5,1314.6,1430.5,29969,94720,0.115399610136,8.36321579218,True,False,2008-10-30,-0.00202726319469,0.113138401559,False,False
ER,2008-12-01,2008-11-28,3,0,479.27,478.56,479.57,418.13,424.01,170638,512134,-0.11530035262,-10.1906943056,True,True,2008-12-02,0.054291172378,-0.0672689715609,False,False
RL,2008-12-01,2008-11-28,3,0,472.7,460.5,461.5,412,418.2,1267,17233,-0.11529511318,-11.3978062594,True,True,2008-12-02,0.0542802486848,-0.0672731119103,False,False
ND,1998-08-31,1998-08-28,3,0,1745.13,1749.58,1759.16,1534.65,1544.23,6716,9829,-0.115120363526,-9.38713520602,True,False,1998-09-01,0.08953977063,-0.0358884438409,False,False
ZA,2008-10-16,2008-10-15,1,0,226.63,224.84,225.94,191.24,200.56,2765,14280,-0.115033314213,-8.25909962375,True,False,2008-10-17,0.00812724371759,-0.107840974275,False,False
SB,1982-07-13,1982-07-12,1,0,60.63,64.71,67.67,64.36,67.6,12866,53837,0.114959590962,6.09739929741,True,False,1982-07-14,-0.062426035503,0.0453570839518,False,False
ZB,2005-09-19,2005-09-16,3,0,167.44,176.74,187.82,176.28,186.66,62339,140310,0.114787386527,6.97974481304,True,False,2005-09-20,-0.027108111004,0.0845676063067,False,False
JO,1994-07-08,1994-07-07,1,0,214.61,217.81,239.22,211.78,239.22,2339,24797,0.114673128,9.00501287289,True,False,1994-07-11,-0.0709806872335,0.0355528633335,False,False
KC,2014-02-19,2014-02-18,1,0,290.23,290.14,325.93,286.57,323.5,82819,164181,0.114633221927,6.9038767077,True,False,2014-02-20,-0.0182689335394,0.0942700616752,False,False
XU,2008-10-28,2008-10-27,1,0,1381.46,1464.07,1551.03,1415,1539.23,2208393,3623019,0.114205261101,9.83091577871,True,False,2008-10-29,0.00524288118085,0.120046906896,False,False
ZB,2001-09-24,2001-09-21,3,0,65.25,61.99,61.99,56.62,57.81,45513,84953,-0.114022988506,-7.01660934114,True,False,2001-09-25,-0.0159142016952,-0.128122605364,False,False
ZN,2000-12-04,2000-12-01,3,0,11364.257,12329.87,13539.015,12261.749,12658.553,81015,393569,0.113891827684,4.45520483199,True,False,2000-12-05,-0.00659222266558,0.10654880473,False,False
ZN,2009-09-14,2009-09-11,3,0,234.428,234.111,272.364,230.547,261.118,359769,753745,0.113851587694,4.4536414584,True,False,2009-09-15,0.00697385856203,0.121619431126,False,False
SB,1980-07-14,1980-07-11,3,0,281.81,297.46,314.61,297.46,313.86,10730,68352,0.113729108264,6.03213510962,True,False,1980-07-15,-0.024246479322,0.0867250984706,False,False
ZN,1996-01-11,1996-01-10,1,0,10074.195,9450.162,9575.686,8356.31,8930.134,52680,164249,-0.113563515497,-4.38171782862,True,False,1996-01-12,-0.0694779048108,-0.175151265188,False,False
MD,2008-10-28,2008-10-27,1,0,485.24,506.15,540.83,491.14,540.31,152,7014,0.113490231638,12.194529753,True,True,2008-10-29,0.00401621291481,0.117962245487,False,False
ZI,2013-04-15,2013-04-12,3,0,3678.8,3624.1,3638.8,3145.6,3263.8,236815,162415,-0.112808524519,-8.23495145922,True,False,2013-04-16,0.0114283963478,-0.102669348701,False,False
ZO,2005-03-31,2005-03-30,1,0,280.08,275.35,277.32,248.56,248.56,7485,8552,-0.112539274493,-7.48392627448,True,False,2005-04-01,-0.0237367235275,-0.133604684376,False,False
SB,1983-06-06,1983-06-03,3,0,62.5,61.22,61.38,55.21,55.48,21436,97893,-0.11232,-5.95739671094,True,False,1983-06-07,0.0203677000721,-0.09424,False,False
EN,2000-04-17,2000-04-14,3,0,4719.8,4705.14,5266.23,4558.44,5247.89,41365,18017,0.111888215602,9.6686864964,True,False,2000-04-18,0.0482193795983,0.165502775541,False,False
ND,2000-04-17,2000-04-14,3,0,4037.98,4016.02,4499.2,3978.37,4489.78,32221,38304,0.111887626982,8.93307189799,True,False,2000-04-18,0.0482183982289,0.165501067365,False,False
ZI,2004-04-21,2004-04-20,1,0,1234.2,1155.1,1181.8,1091.1,1096.5,54103,110903,-0.111570247934,-8.14488840388,True,False,2004-04-22,-0.0231646146831,-0.132150380813,False,False
KC,1981-07-23,1981-07-22,1,0,1253.27,1343.21,1396.94,1323.87,1392.43,3617,8835,0.111037525832,6.68732305858,True,False,1981-07-24,-0.0320303354567,0.075450621175,False,False
ZO,2005-03-30,2005-03-29,1,0,252.11,266.29,280.47,259.99,280.08,6476,8561,0.110943635715,7.37781538091,True,False,2005-03-31,-0.112539274493,-0.0140811550514,True,False
HS,2008-01-23,2008-01-22,1,0,16100.04,17556.55,17949.14,16761.01,17883.34,130592,129665,0.110763699966,8.45867427839,True,False,2008-01-24,-0.0222424893784,0.0860575501676,False,False
ND,2000-12-05,2000-12-04,1,0,3108.31,3232.89,3474.74,3204.93,3452.26,27220,53656,0.11065498615,8.83359418678,True,False,2000-12-06,-0.0406632177182,0.0654921806384,False,False
EN,2000-12-05,2000-12-04,1,0,3633.16,3640.97,4058.62,3594.09,4035.18,94292,76780,0.11065298528,9.56101202309,True,False,2000-12-06,-0.0406598962128,0.0654939501701,False,False
ZU,1986-02-04,1986-02-03,1,0,32.75,30.56,31.7,28.96,29.13,29479,68271,-0.110534351145,-7.01873049695,True,False,1986-02-05,0.046687263989,-0.0690076335878,False,False
ZK,2004-10-13,2004-10-12,1,0,173.34,159.81,160.71,152.03,154.18,32590,91610,-0.110534210223,-8.60135759611,True,False,2004-10-14,-0.0143338954469,-0.123283719857,False,False
ZU,1991-01-07,1991-01-04,3,0,82.91,85.75,93.24,85.58,92.07,106072,233585,0.110481244723,6.94971738051,True,False,1991-01-08,-0.0173780818942,0.0911832107104,False,False
ZA,2010-05-20,2010-05-19,1,0,518.52,517.05,524.22,457.95,461.28,14324,21856,-0.110391113168,-7.92740459141,True,False,2010-05-21,0.0745750953867,-0.0440484455759,False,False
ER,2008-10-15,2008-10-14,1,0,565.96,557.65,569.81,496.41,503.6,227640,484588,-0.110184465333,-9.74294126692,True,False,2008-10-16,0.0706711675933,-0.0473001625557,False,False
ZI,2008-09-17,2008-09-16,1,0,1534.4,1534.9,1775.6,1522.5,1703.4,65629,107908,0.110140771637,7.98072688094,True,False,2008-09-18,0.0877656451802,0.207572992701,False,False
ZU,1990-12-05,1990-12-04,1,0,100.65,97.5,99.96,89.13,89.59,111227,239241,-0.109885742673,-6.97773767197,True,False,1990-12-06,-0.0325929233173,-0.138897168405,False,False
KC,2002-10-15,2002-10-14,1,0,499.91,517.42,567.18,517.42,554.84,25335,74434,0.10987977836,6.61759679884,True,False,2002-10-16,-0.037308052772,0.0684723250185,False,False
XU,2010-05-10,2010-05-07,3,0,1623.29,1705.28,1813.06,1694.7,1801.16,3812823,2759677,0.109573766856,9.43049190364,True,False,2010-05-11,-0.0106486930645,0.0977582563806,False,False
SB,1985-09-03,1985-08-30,4,1,11.06,11.2,12.44,11.2,12.27,24710,93994,0.109403254973,5.80269401123,True,False,1985-09-04,-0.00733496332518,0.101265822785,False,False
ZS,1997-06-23,1997-06-20,3,0,393.82,350.29,351.83,348.23,350.8,56960,150706,-0.109237722818,-9.42132469576,True,False,1997-06-24,0.012086659065,-0.0984713828653,False,False
ZK,2008-10-10,2008-10-09,1,0,320.27,305.5,306.1,272.88,285.46,21274,80808,-0.108689543198,-8.45781252808,True,False,2008-10-13,0.0783647446227,-0.0388422268711,False,False
ZB,2008-10-10,2008-10-09,1,0,149.04,145.65,145.83,132.19,132.85,87311,162750,-0.108628556092,-6.68663135606,True,False,2008-10-13,0.0532179149417,-0.061191626409,False,False
ZU,2001-11-15,2001-11-14,1,0,109.71,106.64,106.91,96.33,97.81,262771,452978,-0.108467778689,-6.88812066591,True,False,2001-11-16,0.0297515591453,-0.081943305077,False,False
ZN,2001-12-27,2001-12-26,1,0,3383.516,3202.647,3219.928,2943.44,3017.17,159862,408545,-0.108273760195,-4.17620426344,True,False,2001-12-28,0.0591829429565,-0.0554987770118,False,False
HS,2008-10-27,2008-10-24,3,0,9277.7,9357.94,9446.35,7851.28,8274.01,156646,116227,-0.108183062613,-8.32744568226,True,False,2008-10-28,0.118163985782,-0.00280241870291,True,False
EN,2002-05-08,2002-05-07,1,0,1547.87,1571.97,1719.92,1568.62,1715.24,282940,140756,0.108129235659,9.34101790032,True,False,2002-05-09,-0.0273256220704,0.0778489149606,False,False
ND,2002-05-08,2002-05-07,1,0,1324.26,1389.56,1470.89,1387.27,1467.45,31367,60079,0.108128313171,8.6296843061,True,False,2002-05-09,-0.0273194998126,0.0778548019271,False,False
ZN,2009-06-01,2009-05-29,3,0,369.32,372.595,410.153,370.187,409.19,162632,693086,0.107955160836,4.22455794956,True,False,2009-06-02,-0.0303599794716,0.0743176648976,False,False
KC,1999-12-21,1999-12-20,1,0,2239.52,2184.9,2184.9,1944.89,1997.86,15036,46483,-0.107907051511,-6.49878775975,True,False,1999-12-22,-0.025272041084,-0.130452061156,False,False
KC,1994-06-13,1994-06-10,3,0,1015.11,1069.82,1129.03,1058.8,1124.54,14725,55498,0.107801125001,6.49240825169,True,False,1994-06-14,0.0014494815658,0.10940686231,False,False
NK,2008-10-24,2008-10-23,1,0,8001,7141,7141,7141,7141,19241,64415,-0.107486564179,-8.50748954973,True,False,2008-10-27,-0.058255146338,-0.159480064992,False,False
KC,1993-01-25,1993-01-22,3,0,651.44,647.29,651.44,570.53,581.42,22666,59470,-0.107484956404,-6.47336674718,True,False,1993-01-26,0.033005400571,-0.0780271398747,False,False
KC,1993-07-06,1993-07-02,4,1,586.97,605.57,653.2,605.57,650.02,18241,51023,0.107416051928,6.46921692043,True,False,1993-07-07,-0.0265068767115,0.0780619111709,False,False
ZI,2008-10-10,2008-10-09,1,0,1732.6,1770.5,1802.6,1371.5,1546.5,43006,102096,-0.107410827658,-7.84236302057,True,False,2008-10-13,0.0179760750081,-0.0913655777444,False,False
KC,2000-07-24,2000-07-21,3,0,1462.52,1346.76,1346.76,1277.15,1305.9,14461,43048,-0.107089133824,-6.44952801834,True,False,2000-07-25,-0.0127421701509,-0.11846675601,False,False
ZB,1991-01-14,1991-01-11,3,0,42.91,48.24,49.63,47.41,47.5,19518,53516,0.10696807271,6.50143658336,True,False,1991-01-15,-0.0585263157895,0.042181309718,False,False
KC,1996-04-22,1996-04-19,3,0,940.14,941.73,1051,937.76,1040.67,13843,27333,0.106930882635,6.43999721495,True,False,1996-04-23,-0.0309319957335,0.0726913012956,False,False
KC,1994-05-16,1994-05-13,3,0,938.08,972.95,1045.92,960.78,1038.21,26443,60230,0.106739297288,6.42845883552,True,False,1994-05-17,-0.0562217663093,0.0445164591506,False,False
SB,1985-08-23,1985-08-22,1,0,9.66,9.78,10.71,9.71,10.69,19240,88338,0.106625258799,5.65535048142,True,False,1985-08-26,-0.0327408793265,0.0703933747412,False,False
JO,2012-01-10,2012-01-09,1,0,134.73,134.73,149.08,134.73,149.08,6003,28402,0.106509314926,8.36392770236,True,False,2012-01-11,-0.0945800912262,0.00185556297781,True,False
KC,2000-07-17,2000-07-14,3,0,1382.32,1547.26,1573.74,1484.46,1529.1,13183,45989,0.106183806933,6.39500398833,True,False,2000-07-18,0.178130926689,0.303229353551,False,False
ZB,2008-12-11,2008-12-10,1,0,68.57,69.57,78.14,68.49,75.85,76825,202939,0.106168878518,6.45254979251,True,False,2008-12-12,-0.00514172709295,0.100481260026,False,False
KC,2000-07-14,2000-07-13,1,0,1546.5,1407.29,1433.77,1365.67,1382.32,10866,46066,-0.106162301972,-6.39370883499,True,False,2000-07-17,0.106183806933,-0.0112512124151,True,False
ZU,1998-12-17,1998-12-16,1,0,50.88,49.8,50,45.2,45.48,203736,517230,-0.106132075472,-6.74050145142,True,False,1998-12-18,-0.00967458223395,-0.114779874214,False,False
ZN,2014-01-29,2014-01-28,1,0,91.329,90.387,101.403,88.797,101.015,504405,1244821,0.106056126751,4.15077811608,True,False,2014-01-30,-0.0830767707766,0.0141685554424,True,False
MD,2008-12-01,2008-11-28,3,0,532.03,514.43,517.54,475.82,475.82,148,6771,-0.105651936921,-11.5355266006,True,True,2008-12-02,0.0448278760876,-0.06556021277,False,False
ZA,2008-02-19,2008-02-15,4,1,536.62,579.74,596.37,566.97,593.17,6894,20607,0.105381834445,7.49002652642,True,False,2008-02-20,-0.0102162954971,0.0940889269874,False,False
CC,1999-06-03,1999-06-02,1,0,1410,1424,1562,1424,1558,21843,83391,0.104964539007,6.7994315181,True,False,1999-06-04,0.0340179717587,0.142553191489,False,False
SB,1980-02-13,1980-02-11,2,1,333.2,347.61,368.9,347.61,368.15,18922,105391,0.104891956783,5.56341700802,True,False,1980-02-14,-0.0966182262665,-0.00186074429772,True,False
KC,2000-07-13,2000-07-12,1,0,1399.72,1452.68,1561.63,1452.68,1546.5,18439,46130,0.104863829909,6.31550732514,True,False,2000-07-14,-0.106162301972,-0.0124310576401,True,False
ZN,2002-10-03,2002-10-02,1,0,3861.869,3685.485,3694.769,3444.119,3457.115,117559,406192,-0.104807801611,-4.04154746654,True,False,2002-10-04,0.0040279250184,-0.101202034559,False,False
CA,2008-10-13,2008-10-10,3,0,1996.37,2088.06,2243.08,2085.22,2204.64,216037,831082,0.104324348693,9.30668472391,True,False,2008-10-14,0.0374437549895,0.145674399034,False,False
ZO,2002-04-11,2002-04-10,1,0,192.53,187.52,192.53,172.48,172.48,3421,11331,-0.104139614606,-6.92534407629,True,False,2002-04-12,0.0246985157699,-0.0820131927492,False,False
SB,1980-12-11,1980-12-10,1,0,280.86,247.54,258.49,246.11,251.63,15994,69118,-0.104073203731,-5.51999075504,True,False,1980-12-12,0.029924889719,-0.0772626931567,False,False
SB,1991-07-08,1991-07-03,5,2,13.27,13.56,14.72,13.56,14.65,38103,105008,0.103993971364,5.51578830984,True,False,1991-07-09,-0.00204778156997,0.101733232856,False,False
SB,1980-12-15,1980-12-12,3,0,259.16,272.29,286.58,271.34,286.1,12627,69138,0.103951227041,5.5135211723,True,False,1980-12-16,-0.000664103460329,0.103218089211,False,False
SB,1980-03-11,1980-03-10,1,0,234.44,222.26,259.5,222.26,258.79,13306,85563,0.103864528238,5.50892271105,True,False,1980-03-12,-0.0753506704278,0.0206875959734,True,False
ZN,2006-01-30,2006-01-27,3,0,3004.046,3096.918,3326.45,3058.074,3315.503,84445,533578,0.103679171358,4.05843044607,True,False,2006-01-31,-0.0077749891947,0.0950980777258,False,False
ZA,1998-05-12,1998-05-11,1,0,371.27,380.38,410.54,380.38,409.74,1128,4512,0.103617313545,7.36394779537,True,False,1998-05-13,0.119563625714,0.235569800953,False,False
ZU,2008-11-04,2008-11-03,1,0,255.11,264.06,285.41,264.06,281.54,562234,1125366,0.103602367606,6.51496418543,True,False,2008-11-05,-0.074163529161,0.021755321234,False,False
ZN,2009-08-03,2009-07-31,3,0,325.168,323.298,370.476,320.094,358.815,180969,714186,0.10347574177,4.05052695388,True,False,2009-08-04,-0.00744394743809,0.0952615263495,False,False
ZN,2004-01-05,2003-12-31,5,2,4514.472,4850.742,5047.689,4755.915,4979.851,48897,320446,0.10308603088,4.03538620164,True,False,2004-01-06,0.0373517199611,0.144288191399,False,False
ZU,2009-03-02,2009-02-27,3,0,120.93,119.79,120.2,107.64,108.47,437214,1184185,-0.103034813528,-6.54475082194,True,False,2009-03-03,0.0374297040656,-0.0694616720417,False,False
ZN,1996-12-30,1996-12-27,3,0,11571.278,10857.768,10935.323,10198.546,10380.801,31878,142940,-0.102882067132,-3.9667302896,True,False,1996-12-31,0.0298842064307,-0.0760724096336,False,False
NK,2008-10-15,2008-10-14,1,0,8923,8635,8725,8006,8006,19987,63951,-0.102768127311,-8.13498452551,True,False,2008-10-16,0.0402198351237,-0.0666816093242,False,False
ZU,2008-10-10,2008-10-09,1,0,346.94,326.94,326.94,311.32,311.32,778642,1084312,-0.102669049403,-6.52163409528,True,False,2008-10-13,0.0473146601568,-0.0602121404277,False,False
XX,2008-09-29,2008-09-26,3,0,1723.18,1690.68,1696.31,1546.3,1546.3,3706,43994,-0.102647430913,-11.3791747969,True,True,2008-09-30,0.075179460648,-0.0351849487575,False,False
KC,1999-10-14,1999-10-13,1,0,2036.36,2004.8,2013.33,1771.05,1827.35,28504,50495,-0.10263902257,-6.18151653862,True,False,1999-10-15,0.0121377951679,-0.091747038834,False,False
EN,2000-04-14,2000-04-13,1,0,5258.9,5270.63,5310.97,4617.85,4719.8,43966,18527,-0.102511932153,-9.02047824478,True,False,2000-04-17,0.111888215602,-0.00209359371732,True,False
ND,2000-04-14,2000-04-13,1,0,4499.2,4392.52,4461.55,3953.27,4037.98,35896,40877,-0.10251155761,-8.36956778387,True,False,2000-04-17,0.111887626982,-0.00209370554765,True,False
CC,1994-05-23,1994-05-20,3,0,3473,3456,3865,3456,3829,24972,87404,0.102505038871,6.64010911359,True,False,1994-05-24,-0.0135805693393,0.087532392744,False,False
ZF,1996-04-29,1996-04-26,3,0,108.132,119.209,119.209,118.872,119.209,3649,23317,0.102439610846,13.7832195601,True,True,1996-04-30,0.0146213792583,0.118558798506,False,False
ZG,1980-03-19,1980-03-18,1,0,3561.6,3864.1,3926.1,3725.6,3926.1,30209,146292,0.102341644205,12.892409176,True,True,1980-03-20,0,0.102341644205,False,False
ZU,2014-11-28,2014-11-26,2,1,133.04,132.7,132.81,118.6,119.43,883726,1432110,-0.102300060132,-6.49831353557,True,False,2014-12-01,0.0430377627062,-0.0636650631389,False,False
ZN,2006-09-14,2006-09-13,1,0,1568.7,1534.441,1540.199,1381.861,1408.346,137808,945545,-0.102220947281,-3.94104496206,True,False,2006-09-15,0.0183974676677,-0.085704086186,False,False
JO,1993-10-13,1993-10-12,1,0,368.32,343.1,350.51,311.33,330.71,8504,19364,-0.102112293658,-8.0186398933,True,False,1993-10-14,0.0124882827855,-0.0908992180712,False,False
ZU,1990-10-25,1990-10-24,1,0,99.08,102.97,109.67,102.65,109.19,111152,237498,0.10203875656,6.41614211223,True,False,1990-10-26,-0.0362670574228,0.062071053694,False,False
ZB,1991-01-07,1991-01-04,3,0,38.14,39.4,42.63,39.4,42.03,17346,54504,0.101992658626,6.19708999254,True,False,1991-01-08,-0.0190340233167,0.081017304667,False,False
KC,1999-11-18,1999-11-17,1,0,2150.96,2093.86,2114.55,1870.4,1931.65,16705,45385,-0.101959125228,-6.14056918197,True,False,1999-11-19,-0.0197085393317,-0.11965819913,False,False
SB,2010-12-30,2010-12-29,1,0,45.32,45.34,46.01,39.52,40.7,130320,613376,-0.101941747573,-5.40693938477,True,False,2010-12-31,0.0572481572482,-0.0505295675199,False,False
SB,1986-04-11,1986-04-10,1,0,17.96,16.93,17.14,15.83,16.13,35814,115706,-0.101893095768,-5.40435891736,True,False,1986-04-14,0.0322380657161,-0.0729398663697,False,False
HS,1997-10-23,1997-10-22,1,0,8993.76,8460.24,8460.24,7698.05,8079.14,0,0,-0.101694952945,-7.8300179701,True,False,1997-10-27,-0.0273581098978,-0.126270881144,False,False
ZN,2001-01-29,2001-01-26,3,0,12360.815,11582.609,11709.293,10922.038,11104.826,75468,349138,-0.101610532962,-3.91732960743,True,False,2001-01-30,-0.006355975321,-0.107320674244,False,False
JO,2009-10-09,2009-10-08,1,0,67.76,67.9,74.63,67.31,74.63,8239,30800,0.101387249115,7.96170383898,True,False,2009-10-12,0.0344365536647,0.139315230224,False,False
KC,1999-11-01,1999-10-29,3,0,1709.62,1791.52,1936.55,1791.52,1882.8,12703,48085,0.101297364327,6.10071410684,True,False,1999-11-02,-0.0589016358615,0.0364291479978,False,False
HS,1998-09-07,1998-09-04,3,0,5293.83,5500.56,5891.87,5500.56,5829.11,30398,85655,0.101113938302,7.71885033681,True,False,1998-09-08,0.0272340031326,0.131101678747,False,False
ZN,2003-12-04,2003-12-03,1,0,4198.627,4197.897,4785.092,4186.956,4622.428,126892,335228,0.100937997112,3.95193242114,True,False,2003-12-05,-0.0318761049388,0.0658443819849,False,False
XX,2008-10-15,2008-10-14,1,0,1495.05,1498.17,1498.17,1344.42,1344.42,4542,49650,-0.100752483195,-11.1703068374,True,True,2008-10-16,0.0460272831407,-0.059362563125,False,False
ZB,1986-08-05,1986-08-04,1,0,11.02,12.94,12.94,11.96,12.13,415,4342,0.100725952813,6.11960546778,True,False,1986-08-06,0.0115416323166,0.113430127042,False,False
KC,1997-03-25,1997-03-24,1,0,1650.1,1625.79,1833.45,1625.79,1816.23,13922,37988,0.100678746743,6.06345737221,True,False,1997-03-26,0.0421092042307,0.147027452882,False,False
ZN,2002-03-21,2002-03-20,1,0,3498.735,3510.957,3866.497,3466.514,3850.942,153229,553678,0.100666955342,3.94140211167,True,False,2002-03-22,-0.0317369100859,0.0657351871462,False,False
LX,2008-11-24,2008-11-21,3,0,2556.2,2627.2,2863.6,2592.4,2813.2,198243,752410,0.10053986386,11.224745956,True,True,2008-11-25,-0.00156405516849,0.0988185587982,False,False
ZN,2001-11-05,2001-11-02,3,0,4120.491,3881.99,3907.362,3679.01,3706.919,77070,447347,-0.100369591876,-3.86911750455,True,False,2001-11-06,-0.014373661793,-0.113300575101,False,False
ND,2008-10-15,2008-10-14,1,0,1315.93,1304.37,1306.29,1180.1,1183.95,4903,27580,-0.100294088591,-8.19061156483,True,False,2008-10-16,0.0764812703239,-0.0314834375689,False,False
EN,2008-10-15,2008-10-14,1,0,1538.12,1552.2,1566.56,1383.86,1383.86,559320,390301,-0.100291264661,-8.82690365523,True,False,2008-10-16,0.0764889511945,-0.0314734871141,False,False
ZN,1998-11-30,1998-11-25,5,2,5561.629,5217.193,5217.193,4989.257,5004.453,73596,219634,-0.10018215886,-3.86183549903,True,False,1998-12-01,-0.00910928726876,-0.108378858065,False,False
SB,1984-08-27,1984-08-24,3,0,14.89,14.89,16.77,14.82,16.38,12654,98573,0.100067159167,5.30751215185,True,False,1984-08-28,0.0152625152625,0.116856950974,False,False
KC,2001-11-14,2001-11-13,1,0,479.79,479.79,529.77,478.79,527.77,17244,57198,0.100002084245,6.02270483664,True,False,2001-11-15,-0.0227182295318,0.0750119844098,False,False
ES,2008-10-15,2008-10-14,1,0,976.62,978.33,982.71,874.31,880.15,3840048,3204165,-0.0987794638652,-11.2740519141,False,True,2008-10-16,0.0417996932341,-0.0611087219185,False,False
SP,2008-10-15,2008-10-14,1,0,871.68,850.98,853.16,780.98,785.58,53716,644177,-0.0987747797357,-12.5356343777,False,True,2008-10-16,0.0417398609944,-0.0611577643172,False,False
SC,2008-10-15,2008-10-14,1,0,871.62,873.79,876.84,780.92,785.53,71949,644177,-0.098770106239,-12.0516848877,False,True,2008-10-16,0.041729787532,-0.0611619742548,False,False
AN,2008-10-06,2008-10-03,3,0,63.39,63.05,63.07,57.04,57.37,37488,54182,-0.0949676605143,-16.7490263881,False,True,2008-10-07,0.0231828481785,-0.0739864331914,False,False
ZG,1980-03-17,1980-03-14,3,0,3864.1,3536,3608.9,3499.6,3499.6,20226,149974,-0.0943298568878,-11.8831304886,False,True,1980-03-18,0.0177163104355,-0.0782847234802,False,False
ZG,2013-04-15,2013-04-12,3,0,2015.7,1988.3,2007.1,1792.4,1827.3,751058,426722,-0.0934662896264,-11.7743432733,False,True,2013-04-16,0.0193181196301,-0.0759537629608,False,False
LX,2008-10-10,2008-10-09,1,0,2937.7,2685,2816.3,2593.7,2666.1,438164,690585,-0.0924532797767,-10.3645024321,False,True,2008-10-13,0.0744533213308,-0.0248834121932,False,False
ZG,1999-09-28,1999-09-27,1,0,552,573.8,639.9,573.8,603,187427,225467,0.0923913043478,11.6389228374,False,True,1999-09-29,-0.0258706467662,0.0641304347826,False,False
ZD,2008-10-15,2008-10-14,1,0,8126.64,7959.98,7986.02,7348,7381.86,4607,26903,-0.0916467322288,-11.1596254597,False,True,2008-10-16,0.0543264163774,-0.0422991543861,False,False
YM,2008-10-15,2008-10-14,1,0,8452.9,8463.74,8491.73,7633.07,7678.22,306263,99496,-0.0916466538111,-12.6478578299,False,True,2008-10-16,0.054327695742,-0.0422979095932,False,False
MP,1995-10-26,1995-10-25,1,0,0.016324,0.01623,0.01623,0.014771,0.014829,1427,14525,-0.0915829453565,-19.9484525042,False,True,1995-10-27,0.0342571987322,-0.0604631217839,False,False
ZG,2008-09-17,2008-09-16,1,0,1086.6,1110.4,1215.2,1082.4,1184.1,345806,393005,0.0897294312535,11.3035954409,False,True,2008-09-18,0.0546406553501,0.149272961531,False,False
ES,2008-12-01,2008-11-28,3,0,872.36,874.55,874.55,792.21,794.89,2647040,3251342,-0.0888050804714,-10.1432842596,False,True,2008-12-02,0.0407603567789,-0.0516644504562,False,False
SP,2008-12-01,2008-11-28,3,0,778.63,756.19,757.06,707.05,709.49,41579,647472,-0.0887969895843,-11.2769345732,False,True,2008-12-02,0.0406912007216,-0.0517190449893,False,False
SC,2008-12-01,2008-11-28,3,0,778.57,709.7,757,707,709.44,47932,647472,-0.0887909886073,-10.8421868691,False,True,2008-12-02,0.0406940685611,-0.0517101866242,False,False
JN,1998-10-07,1998-10-06,1,0,146.98,155.91,161.81,154.2,159.66,78653,95463,0.0862702408491,15.5243247933,False,True,1998-10-08,0.00895653263184,0.0959994557083,False,False
SP,1987-10-26,1987-10-23,3,0,367.74,347.9,361.63,332.64,336.08,35170,158715,-0.0860934355795,-10.9358808083,False,True,1987-10-27,0.0379076410378,-0.0514493935933,False,False
SN,2011-09-06,2011-09-02,4,1,170.62,170.55,171.99,155.89,156.12,83808,45785,-0.0849841753605,-13.8467776125,False,True,2011-09-07,0.00403535741737,-0.0812917594655,False,False
SP,1988-01-08,1988-01-07,1,0,399.74,397.54,399.82,364.23,366.13,61477,112489,-0.0840796517737,-10.6818416629,False,True,1988-01-11,0.0288695272171,-0.0576374643518,False,False
SP,1989-10-13,1989-10-12,1,0,508.17,506.96,509.01,465.68,465.68,62514,125604,-0.0836137513037,-10.623068245,False,True,1989-10-16,0.0475863253736,-0.0400062971053,False,False
ZG,1985-03-19,1985-03-18,1,0,1231.9,1267.2,1333.3,1265.2,1333.3,98417,145318,0.082311875964,10.3691746719,False,True,1985-03-20,-0.0137253431336,0.0674567740888,False,False
MP,1997-10-27,1997-10-24,3,0,0.023269,0.022881,0.022881,0.021035,0.021372,23035,41888,-0.0815247754523,-17.770590887,False,True,1997-10-28,0.0412221598353,-0.0436632429413,False,False
ZG,2000-02-04,2000-02-03,1,0,555.7,558.3,610.5,557.8,599.9,124170,149090,0.0795393197769,10.0199040587,False,True,2000-02-07,-0.0270045007501,0.0503868994062,False,False
SP,2008-11-20,2008-11-19,1,0,706.62,692.7,713.14,647.91,650.78,69629,633567,-0.0790240864963,-10.0440813042,False,True,2008-11-21,0.0584068348751,-0.0252327983923,False,False
SP,2008-09-29,2008-09-26,3,0,1056.23,1041.01,1042.05,969.26,973,54644,556828,-0.0787991251905,-10.0157024,False,True,2008-09-30,0.0434429599178,-0.03877943251,False,False
YM,2008-12-01,2008-11-28,3,0,7964.44,7964.44,7975.27,7337.83,7348.66,225981,104604,-0.0773161703773,-10.6847519393,False,True,2008-12-02,0.0359997605006,-0.0440997734932,False,False
MP,1999-01-15,1999-01-14,1,0,0.021301,0.021057,0.022936,0.021057,0.022729,8289,17818,0.0670391061453,14.397445497,False,True,1999-01-19,0.0104712041885,0.0782122905028,False,False
AN,2008-10-10,2008-10-09,1,0,57.32,56.32,56.36,51.76,53.48,20805,52112,-0.0669923237962,-11.8356583947,False,True,2008-10-13,0.0422587883321,-0.0275645498953,False,False
AN,2008-12-26,2008-12-24,2,1,55.94,56.13,61.49,55.72,59.41,14661,33444,0.0620307472292,10.8249384722,False,True,2008-12-29,-0.047803400101,0.0112620664998,False,False
MP,2008-10-06,2008-10-03,3,0,0.043046,0.042326,0.042326,0.040483,0.040703,4159,51139,-0.0544301444966,-11.9038817985,False,True,2008-10-07,-0.0267056482323,-0.0796822004367,False,False
CN,2008-10-29,2008-10-28,1,0,79.143,80.389,84.199,79.357,83.3,46426,107091,0.0525251759473,17.9149852998,False,True,2008-10-30,0.0103121248499,0.0633789469694,False,False
BN,2009-01-20,2009-01-16,4,1,153.46,155.51,156.03,145.06,145.73,90501,87661,-0.0503714322951,-10.2411652801,False,True,2009-01-21,-0.0113909284293,-0.0611885833442,False,False
MP,2008-10-22,2008-10-21,1,0,0.036712,0.035296,0.035589,0.034869,0.034869,2810,42759,-0.0502015689693,-10.9882825966,False,True,2008-10-23,0.00943531503628,-0.0412399215515,False,False
MP,1998-09-14,1998-09-11,3,0,0.019099,0.019167,0.020098,0.019167,0.020008,5007,48283,0.0475941148751,10.1870870981,False,True,1998-09-15,0.0209916033587,0.0695847950154,False,False
MP,1999-01-13,1999-01-12,1,0,0.022802,0.019764,0.022204,0.01708,0.021728,12281,18618,-0.0471011314797,-10.3169553205,False,True,1999-01-14,-0.0196520618557,-0.0658275589861,False,False
MP,2009-04-27,2009-04-24,3,0,0.037568,0.03646,0.036498,0.03583,0.03583,4609,58839,-0.0462627768313,-10.135429215,False,True,2009-04-28,0.00739603684064,-0.0392089011925,False,False
CN,2008-11-24,2008-11-21,3,0,79.367,80.644,83.474,79.888,82.565,33624,85202,0.0402938248894,13.7431863397,False,True,2008-11-25,0.00717010839944,0.0477528443812,False,False
GS,1992-04-10,1992-04-09,1,0,44.7418,46.0976,46.5102,45.8028,46.4071,121630,69542,0.0372202280641,10.025365392,False,True,1992-04-13,0.00412652374313,0.0415003419621,False,False
CN,2008-10-10,2008-10-09,1,0,89.573,89.256,89.512,84.424,86.253,22822,101055,-0.037064740491,-12.6418287814,False,True,2008-10-13,0.0252281080078,-0.0127717057595,False,False
TY,2009-03-18,2009-03-17,1,0,95.630989,95.556856,99.73299,95.482724,99.102863,860620,1019971,0.0363049053064,10.3847637192,False,True,2009-03-19,-0.00635830268597,0.0297157650435,False,False
CN,2008-11-20,2008-11-19,1,0,82.197,81.38,81.554,78.581,79.5,31547,90462,-0.0328114164751,-11.1911294577,False,True,2008-11-21,-0.00167295597484,-0.0344294803947,False,False
CN,2008-10-22,2008-10-21,1,0,84.281,84.23,84.455,80.971,81.656,32288,111192,-0.0311458098504,-10.6230339177,False,True,2008-10-23,-0.00513128245322,-0.036117274356,False,False
CN,2010-05-06,2010-05-05,1,0,97.274,97.334,97.585,93.24,94.384,222644,137771,-0.0297098916463,-10.1332791848,False,True,2010-05-07,0.0195583997288,-0.0107325698542,False,False
SS,1992-09-17,1992-09-16,1,0,87.127,89.129,89.178,89.031,89.178,2344,0,0.0235403491455,105.512171783,False,True,1992-09-18,0.00416021888807,0.0277985010387,False,False
SS,1992-04-01,1992-03-31,1,0,88.112,86.927,86.956,86.917,86.956,2862,0,-0.0131196658798,-58.8047539776,False,True,1992-04-02,-0.00056350338102,-0.0136757762847,False,False
EC,1987-10-20,1987-10-19,1,0,78.9555,80.5758,81.1855,79.6611,79.966,188486,385790,0.0127983484368,43.1445283764,False,True,1987-10-21,0.00283245379286,0.0156670529602,False,False
EC,1982-10-11,1982-10-08,3,0,72.1236,72.6578,72.9329,72.6092,72.9248,1981,18011,0.0111087078293,37.4485788175,False,True,1982-10-12,-0.00122043529773,0.00987471507246,False,False
EC,1982-10-07,1982-10-06,1,0,71.1606,71.4438,71.9456,71.4438,71.9051,2813,18546,0.0104622501778,35.2693046221,False,True,1982-10-08,0.0030387274338,0.0135327695382,False,False
EC,1982-02-22,1982-02-19,3,0,66.8683,67.4636,67.5826,67.3525,67.5271,932,3012,0.00985220201501,33.2127704998,False,True,1982-02-23,-0.000235461022316,0.00961442118313,False,False
SS,1992-03-31,1992-03-30,1,0,87.26,87.211,88.112,87.113,88.112,1900,0,0.00976392390557,43.7637016357,False,True,1992-04-01,-0.0131196658798,-0.00348384139354,False,False
TU,2008-09-19,2008-09-18,1,0,102.1306368,101.9153592,101.9302059,100.8389715,101.1878696,434261,688008,-0.00923099306476,-12.0272816282,False,True,2008-09-22,0.000440173315004,-0.00879488298657,False,False
TU,2008-09-15,2008-09-12,3,0,101.0987892,101.4773808,102.1083667,101.4773808,101.9747461,503652,801491,0.00866436588342,11.2890095225,False,True,2008-09-16,-0.00327582379732,0.00536015915016,False,False
EC,1982-08-02,1982-07-30,3,0,68.3764,68.8846,68.9798,68.7734,68.9481,1729,12901,0.0083610719488,28.1860200739,False,True,1982-08-03,-0.00391598898302,0.00441234110015,False,False
EC,1982-08-27,1982-08-26,1,0,70.5455,70.5212,70.5212,69.9305,69.9709,1606,15186,-0.00814509784465,-27.4579495021,False,True,1982-08-30,0.00173500698147,-0.00642422266481,False,False
EC,1982-06-01,1982-05-28,4,1,68.154,68.0905,68.0905,67.6379,67.6458,1727,10855,-0.00745664231006,-25.1370961909,False,True,1982-06-02,0.0015255936067,-0.0059424245092,False,False
SS,1992-04-10,1992-04-09,1,0,87.417,88.063,88.093,88.054,88.063,1504,0,0.00738986695952,33.1227420319,False,True,1992-04-13,-0.000556419835799,0.00682933525516,False,False
EC,1982-02-18,1982-02-17,1,0,66.4146,66.4862,66.9479,66.4862,66.9002,575,2848,0.007311645331,24.6482966939,False,True,1982-02-19,-0.000476829665681,0.00683132925592,False,False
EC,1982-09-10,1982-09-09,1,0,70.1166,69.9062,69.9062,69.6229,69.6229,3406,17258,-0.0070411286343,-23.7363575203,False,True,1982-09-13,0.00360369935754,-0.0034628033875,False,False
SS,1992-10-16,1992-10-15,1,0,89.901,90.477,90.545,90.457,90.526,1694,0,0.00695209174536,31.1605530553,False,True,1992-10-19,0.00097209641429,0.00793094626311,False,False
SS,1992-09-14,1992-09-11,3,0,87.078,87.674,87.693,87.654,87.683,2151,0,0.00694779393188,31.1412894653,False,True,1992-09-15,-0.00689985516007,0,False,False
SS,1992-09-15,1992-09-14,1,0,87.683,87.078,87.078,87.019,87.078,3306,0,-0.00689985516007,-30.9264190785,False,True,1992-09-16,0.000562713888697,-0.0063410239157,False,False
EC,1982-08-16,1982-08-13,3,0,69.1625,69.4404,69.9089,69.4404,69.6389,2503,14380,0.00688812579071,23.2205694434,False,True,1982-08-17,0.00592915741059,0.0128581239834,False,False
EC,1982-10-04,1982-10-01,3,0,71.4196,71.1039,71.1687,70.8773,70.934,2186,19001,-0.0067992539863,-22.9209735928,False,True,1982-10-05,0.00125468745594,-0.00555309746904,False,False
EC,1982-05-20,1982-05-19,1,0,67.9636,68.0271,68.4478,68.0192,68.4239,1629,9675,0.00677274305658,22.8316025645,False,True,1982-05-21,-0.0016237016598,0.00513804448263,False,False
EC,1982-06-14,1982-06-11,3,0,67.5982,67.2726,67.3838,67.1376,67.1535,1236,11450,-0.00657857753609,-22.1770509362,False,True,1982-06-15,-0.00011764092713,-0.00669544455326,False,False
EC,1982-07-16,1982-07-15,1,0,67.5347,67.5426,67.9873,67.5188,67.9714,1051,12997,0.00646630546963,21.798570433,False,True,1982-07-19,-0.000467843828434,0.00599543642009,False,False
EC,1982-07-08,1982-07-07,1,0,67.0106,67.0423,67.487,67.0423,67.4235,1216,13327,0.00616171172919,20.7717540947,False,True,1982-07-09,0.00153062359563,0.00770176658618,False,False
EC,1982-08-17,1982-08-16,1,0,69.6389,69.5992,70.1153,69.5595,70.0518,2845,14510,0.00592915741059,19.9877899413,False,True,1982-08-18,0.00544168743701,0.011403109469,False,False
EC,1982-04-12,1982-04-08,4,1,66.9794,67.1302,67.4001,67.0747,67.3763,411,5167,0.00592570252943,19.9761431871,False,True,1982-04-13,-0.0016489477754,0.00426698358003,False,False
EC,1982-03-01,1982-02-26,3,0,67.2017,67.4001,67.6144,67.4001,67.5826,413,2902,0.00566801137471,19.107440214,False,True,1982-03-02,0.000822696966379,0.00649537139685,False,False
SS,1993-01-26,1993-01-25,1,0,90.759,91.263,91.263,91.225,91.263,2320,0,0.00555316828083,24.8903209535,False,True,1993-01-27,0.000536909810109,0.00609305964147,False,False
EC,1982-08-18,1982-08-17,1,0,70.0518,70.4488,70.7426,70.3059,70.433,2710,14186,0.00544168743701,18.3444793054,False,True,1982-08-19,0.00112731248137,0.00657513440054,False,False
EC,1982-08-20,1982-08-19,1,0,70.5124,70.7029,70.9888,70.6712,70.8935,1936,14634,0.00540472314089,18.2198689207,False,True,1982-08-23,-0.00285357613886,0.00253572421305,False,False
EC,1982-11-01,1982-10-29,3,0,72.6254,72.7468,73.03,72.7063,73.0138,2448,18302,0.00534799119867,18.0286197995,False,True,1982-11-02,0.00232832697381,0.00768877004464,False,False
EC,1982-05-06,1982-05-05,1,0,67.7096,67.916,68.0747,67.8684,68.0588,1308,8576,0.00515731890308,17.385844186,False,True,1982-05-07,0.00233327651972,0.0075026288739,False,False
EC,1989-04-14,1989-04-13,1,0,78.9099,78.901,79.316,78.8834,79.3071,483708,773997,0.00503358894131,16.9687379576,False,True,1989-04-17,-0.000779249272764,0.00425041724803,False,False
EC,1982-09-17,1982-09-16,1,0,69.9386,69.8981,70.327,69.8981,70.2866,1314,17178,0.00497579305276,16.7739021656,False,True,1982-09-20,0.00218676106114,0.0071734349844,False,False
EC,1982-12-03,1982-12-02,1,0,72.9817,73.2338,73.3883,73.1443,73.3395,3138,19900,0.00490259887068,16.5271571671,False,True,1982-12-06,-0.000222254037729,0.00467925521055,False,False
EC,1982-06-29,1982-06-28,1,0,66.4468,66.5659,66.7803,66.5421,66.7724,1060,12780,0.00490016073009,16.5189379483,False,True,1982-06-30,0.00154554875967,0.00645328292709,False,False
EC,1983-07-05,1983-07-01,4,1,73.6145,73.3037,73.3282,73.2464,73.2546,3766,27818,-0.00488898246949,-16.4812549001,False,True,1983-07-06,0.000780838336432,-0.00411196163799,False,False
EC,1982-08-12,1982-08-11,1,0,68.6146,68.6384,68.964,68.5987,68.9481,1226,13722,0.00486048158847,16.3851755445,False,True,1982-08-13,0.00310958532577,0.00798518099646,False,False
EC,1982-03-22,1982-03-19,3,0,66.9715,67.1064,67.2969,67.1064,67.2969,608,3815,0.00485878321375,16.3794501514,False,True,1982-03-23,0.00224081644177,0.00711048729684,False,False
EC,2008-01-22,2008-01-18,4,1,91.4439,91.9413,91.9413,91.785,91.875,251127,11808886,0.0047143658571,15.8926046203,False,True,2008-01-23,0.00113414965986,0.0058538623134,False,False
EC,1984-06-20,1984-06-19,1,0,73.2052,73.1297,73.1297,72.8026,72.8613,35197,81578,-0.00469775371149,-15.8366033955,False,True,1984-06-21,-0.00126541799282,-0.00595722708223,False,False
SS,2008-11-06,2008-11-05,1,0,94.723,94.753,95.237,94.718,95.158,570087,1946684,0.00459233765822,20.5837014942,False,True,2008-11-07,0.0011874986864,0.00578528973956,False,False
EC,1982-02-26,1982-02-25,1,0,67.5112,67.3842,67.4239,67.1937,67.2017,471,2916,-0.0045844245103,-15.4545591841,False,True,1982-03-01,0.00566801137471,0.00105760229414,False,False
EC,1982-07-22,1982-07-21,1,0,68.0111,67.9873,68.3367,67.9158,68.3208,1266,13307,0.0045536684453,15.350877375,False,True,1982-07-23,0.00151052095409,0.00607106781099,False,False
EC,1989-03-17,1989-03-16,1,0,78.9099,78.9363,78.9628,78.5214,78.5567,394267,728350,-0.00447599097198,-15.0890187478,False,True,1989-03-20,-0.00179742784511,-0.00626537354629,False,False
EC,1985-06-07,1985-06-06,1,0,79.1366,79.128,79.128,78.776,78.7846,54782,128864,-0.00444800509499,-14.994675523,False,True,1985-06-10,0.000326205882876,-0.00412325017754,False,False
EC,1982-12-14,1982-12-13,1,0,73.1525,73.4777,73.5265,73.3639,73.4777,2635,16751,0.00444550767233,14.9862564583,False,True,1982-12-15,0,0.00444550767233,False,False
EC,1982-06-17,1982-06-16,1,0,67.1059,66.8915,66.8994,66.7565,66.8121,1206,11306,-0.00437815452889,-14.7592021925,False,True,1982-06-18,-0.00178410796847,-0.00615445139697,False,False
EC,1982-11-29,1982-11-26,3,0,73.0061,72.998,73.0224,72.689,72.689,2114,19725,-0.00434347266872,-14.6422861304,False,True,1982-11-30,0.000222867283908,-0.00412157340277,False,False
EC,1982-09-21,1982-09-20,1,0,70.4403,70.327,70.7802,70.2866,70.7398,2345,17732,0.00425182743401,14.3333407654,False,True,1982-09-22,0,0.00425182743401,False,False
SS,1992-09-18,1992-09-17,1,0,89.178,89.471,89.569,89.412,89.549,2270,0,0.00416021888807,18.6468657393,False,True,1992-09-21,-0.000435515751153,0.00372289129606,False,False
SS,1992-09-03,1992-09-02,1,0,87.312,87.586,87.664,87.586,87.664,5378,0,0.00403151914972,18.070009856,False,True,1992-09-04,-0.000444880452637,0.00358484515301,False,False
EC,1985-06-14,1985-06-13,1,0,78.8876,78.9649,79.2224,78.9649,79.2052,58202,125913,0.00402598126955,13.5719904787,False,True,1985-06-17,-0.000650209834708,0.00337315370223,False,False
EC,1982-05-03,1982-04-30,3,0,67.7969,67.7334,67.7652,67.5271,67.5271,510,7930,-0.0039795329875,-13.4154086171,False,True,1982-05-04,0.000704902180014,-0.00327743598896,False,False
EC,1985-03-08,1985-03-07,1,0,75.976,76.0442,76.2831,76.0272,76.2745,52026,114053,0.00392887227546,13.2446262276,False,True,1985-03-11,0.00156539865879,0.00550042118564,False,False
EC,1985-03-20,1985-03-19,1,0,76.1978,76.3172,76.5048,76.3172,76.4963,45151,97715,0.00391743593647,13.206073171,False,True,1985-03-21,0.000780429903146,0.00470092312376,False,False
EC,1982-08-03,1982-08-02,1,0,68.9481,69.0037,69.0037,68.6622,68.6781,1651,13150,-0.00391598898302,-13.2011953444,False,True,1982-08-04,0.00208072151093,-0.0018434155546,False,False
EC,1988-09-02,1988-09-01,1,0,80.1796,80.1443,80.5239,80.1443,80.4885,243330,554596,0.00385260091095,12.9875077356,False,True,1988-09-06,0.000110574802612,0.00396360171415,False,False
SS,1994-09-12,1994-09-09,3,0,90.87,90.501,90.53,90.501,90.521,876,0,-0.00384065148014,-17.2145058778,False,True,1994-09-13,0.000209896046221,-0.00363156157148,False,False
EC,1984-06-01,1984-05-31,1,0,72.5343,72.7439,72.8446,72.5846,72.811,26994,91110,0.0038147469542,12.8598982148,False,True,1984-06-04,0.00380162338108,0.0076308725665,False,False
EC,1985-07-05,1985-07-03,2,1,79.0164,79.0421,79.334,79.0421,79.3168,34049,113877,0.00380174242309,12.8160586237,False,True,1985-07-08,-0.0015154418736,0.00228053922983,False,False
EC,1984-06-04,1984-06-01,3,0,72.811,72.9284,73.0961,72.8697,73.0878,22655,88474,0.00380162338108,12.8156573211,False,True,1984-06-05,0.000113562044555,0.00391561714576,False,False
EC,1987-10-22,1987-10-21,1,0,80.1925,80.2273,80.75,80.2273,80.4886,132246,372321,0.00369236524613,12.4473370861,False,True,1987-10-23,-0.00183876971397,0.00184680612277,False,False
EC,1984-05-24,1984-05-23,1,0,72.8529,72.7607,72.7691,72.5343,72.5846,32383,88596,-0.00368276348642,-12.414968582,False,True,1984-05-25,0.00115451486955,-0.00253250042208,False,False
EC,1984-01-13,1984-01-12,1,0,74.0523,74.0854,74.391,74.0854,74.3249,12793,47452,0.00368118208347,12.4096375125,False,True,1984-01-16,-0.000665994841567,0.00301273559363,False,False
SS,1992-04-24,1992-04-23,1,0,87.799,88.103,88.161,88.093,88.122,1707,0,0.00367885739018,16.4893150275,False,True,1992-04-27,-0.00166814189419,0.00200457863985,False,False
EC,1984-12-14,1984-12-13,1,0,76.1331,76.2092,76.5306,76.15,76.4122,41114,91140,0.00366594818811,12.3582825088,False,True,1984-12-17,0.00132832191718,0.00499913966461,False,False
EC,1982-09-13,1982-09-10,3,0,69.6229,69.4206,69.8819,69.4206,69.8738,2252,16825,0.00360369935754,12.1484353985,False,True,1982-09-14,0.00138964819432,0.00499835542616,False,False
EC,1987-05-26,1987-05-22,4,1,79.5439,79.6739,79.8385,79.6652,79.8299,111952,301002,0.00359549883775,12.120790616,False,True,1987-05-27,-0.000760366729759,0.0028323982103,False,False
EC,1989-08-04,1989-08-03,1,0,80.7786,80.7698,80.7786,80.4706,80.4882,348917,758103,-0.00359501155009,-12.1191479199,False,True,1989-08-07,0,-0.00359501155009,False,False
EC,1983-06-13,1983-06-10,3,0,73.2055,73.4672,73.4836,73.2791,73.4672,6677,26347,0.00357486800855,12.051242002,False,True,1983-06-14,-0.00100180760938,0.0025694790692,False,False
EC,1982-10-18,1982-10-15,3,0,72.5768,72.7549,72.852,72.6982,72.8358,1308,17885,0.00356863350272,12.0302248516,False,True,1982-10-19,-0.00077709038687,0.00278876996506,False,False
EC,1989-04-18,1989-04-17,1,0,79.2453,79.2189,79.6073,79.21,79.5279,455300,753441,0.00356614209297,12.0218260571,False,True,1989-04-19,-0.000333216393241,0.00323173740272,False,False
EC,1982-03-31,1982-03-30,1,0,66.7969,66.7651,67.035,66.7096,67.035,721,4657,0.0035645366776,12.0164140393,False,True,1982-04-01,0.000947266353398,0.00451517959666,False,False
SS,2008-11-13,2008-11-12,1,0,95.716,95.681,95.805,95.34,95.375,261110,2058152,-0.003562622759,-15.9683300457,False,True,2008-11-14,-0.00134207077326,-0.00489991224038,False,False
EC,1985-04-11,1985-04-10,1,0,77.1615,77.1871,77.4515,77.1871,77.4345,50058,103683,0.00353803386404,11.9270703714,False,True,1985-04-12,-0.000330601992652,0.00320626219034,False,False
EC,1982-06-04,1982-06-03,1,0,67.6935,67.7093,67.7093,67.4552,67.4552,1816,11475,-0.00352027890418,-11.8672166041,False,True,1982-06-07,0.00247275228596,-0.00105623139592,False,False
EC,1982-07-20,1982-07-19,1,0,67.9396,68.0905,68.3446,68.0508,68.1778,1246,13150,0.0035060553786,11.8192676593,False,True,1982-07-21,-0.0024450774299,0.00105240537183,False,False
SS,1994-07-29,1994-07-28,1,0,90.617,90.271,90.319,90.223,90.3,5236,0,-0.00349823984462,-15.6797539893,False,True,1994-08-01,0.000852713178294,-0.00264850966154,False,False
EC,1984-10-30,1984-10-29,1,0,75.2574,75.2995,75.527,75.2911,75.5186,31344,90117,0.00347075503539,11.7002666283,False,True,1984-10-31,0.000333692626717,0.00380560582747,False,False
EC,2008-10-06,2008-10-03,3,0,91.6768,91.6909,92.0079,91.6909,91.9937,2210737,8104359,0.00345670878565,11.6529152983,False,True,2008-10-07,0.000257626337456,0.00371522566233,False,False
SS,1991-12-19,1991-12-18,1,0,88.279,87.994,88.033,87.955,87.974,0,0,-0.00345495531214,-15.4857447587,False,True,1991-12-20,-0.0011139654898,-0.00456507210095,False,False
EC,1985-02-27,1985-02-26,1,0,76.5901,76.5304,76.5475,76.3172,76.3257,49478,104780,-0.00345214329267,-11.6375245592,False,True,1985-02-28,-0.000446769567786,-0.00389737054789,False,False
EC,1982-12-10,1982-12-09,1,0,73.2826,73.2094,73.2257,73.0142,73.0305,2914,19114,-0.00344010720144,-11.596949677,False,True,1982-12-13,0.0016705349135,-0.00177531910713,False,False
EC,1982-04-16,1982-04-15,1,0,67.2096,67.2175,67.4874,67.1858,67.4398,725,5341,0.00342510593725,11.5463788966,False,True,1982-04-19,0.00211744400191,0.00554980240918,False,False
EC,1984-07-25,1984-07-24,1,0,73.5322,73.5322,73.809,73.5322,73.7838,41264,96199,0.00342163025178,11.534662009,False,True,1984-07-26,0.00216036582556,0.00558938805041,False,False
SS,2007-09-04,2007-09-03,1,0,93.883,93.612,93.622,93.552,93.562,548824,2847958,-0.00341914936677,-15.3252559301,False,True,2007-09-05,0.000106880998696,-0.00331263381017,False,False
EC,1985-04-16,1985-04-15,1,0,77.4174,77.5539,77.6903,77.4601,77.6818,55068,105666,0.0034152529018,11.5131633165,False,True,1985-04-17,-0.00131691078219,0.00209384453624,False,False
EC,1989-06-02,1989-06-01,1,0,79.9953,79.9777,80.2858,79.9689,80.2682,352580,781973,0.00341145042271,11.5003447745,False,True,1989-06-05,0.000438529828749,0.00385147627423,False,False
EC,1982-03-11,1982-03-10,1,0,67.7017,67.543,67.6223,67.4556,67.4715,654,2928,-0.00340021003904,-11.4624523031,False,True,1982-03-12,-0.00270484574969,-0.00609585874505,False,False
EC,1982-07-30,1982-07-29,1,0,68.1461,68.289,68.4081,68.289,68.3764,917,12995,0.00337950374269,11.3926492817,False,True,1982-08-02,0.0083610719488,0.0117688319654,False,False
EC,1987-10-26,1987-10-23,3,0,80.3406,80.5496,80.6716,80.4451,80.6106,91951,372363,0.00336069185443,11.3292325017,False,True,1987-10-27,-0.00194515361503,0.00140900117749,False,False
SS,1992-09-08,1992-09-07,1,0,87.635,87.371,87.381,87.342,87.342,1404,0,-0.00334341301991,-14.9857917025,False,True,1992-09-09,-0.00280506514621,-0.00613909967479,False,False
EC,1984-06-13,1984-06-12,1,0,72.8781,72.8949,73.1297,72.8949,73.1213,21634,90065,0.00333707931464,11.2496322393,False,True,1984-06-14,0.00114740848426,0.00448831679201,False,False
EC,1983-05-31,1983-05-27,4,1,73.729,73.6308,73.6308,73.4754,73.4836,3691,23355,-0.00332840537645,-11.2203915155,False,True,1983-06-01,0.00122476307639,-0.00210771880807,False,False
EC,1982-09-28,1982-09-27,1,0,70.8854,70.9502,71.193,70.9421,71.1201,2377,18379,0.00331097800111,11.1616420688,False,True,1982-09-29,-0.000227783706716,0.00308244010755,False,False
EC,1988-12-02,1988-12-01,1,0,80.1795,80.1884,80.1884,79.8976,79.9152,245375,578017,-0.00329635380615,-11.1123424269,False,True,1988-12-05,0.000441718221315,-0.00285609164437,False,False
EC,1982-07-13,1982-07-12,1,0,67.6617,67.5823,67.6617,67.3838,67.4394,1258,13161,-0.00328546282461,-11.0756278254,False,True,1982-07-14,-0.000707301666385,-0.00399044067767,False,False
EC,1982-03-09,1982-03-08,1,0,68.035,67.9477,67.9477,67.7176,67.8128,579,2710,-0.00326596604689,-11.0099022137,False,True,1982-03-10,-0.0016383337659,-0.00489894907033,False,False
EC,1985-06-05,1985-06-04,1,0,78.9219,79.0936,79.2052,79.0679,79.1795,46847,127102,0.00326398629531,11.0032282707,False,True,1985-06-06,-0.000541806907091,0.0027204109379,False,False
EC,1983-08-29,1983-08-26,3,0,73.3286,73.2299,73.2299,73.0901,73.0901,2963,31971,-0.00325248266024,-10.9644483522,False,True,1983-08-30,0.000450129360885,-0.0028038173373,False,False
EC,1982-07-26,1982-07-23,3,0,68.424,68.3049,68.3287,68.1699,68.2017,1536,13227,-0.00324886004911,-10.9522361633,False,True,1982-07-27,-0.00139732587311,-0.00464164620601,False,False
EC,2001-04-18,2001-04-17,1,0,87.8392,87.7518,88.1474,87.692,88.1244,1574175,4116864,0.00324684195667,10.9454329693,False,True,2001-04-19,-5.21989369573e-05,0.00319447353801,False,False
EC,1989-03-10,1989-03-09,1,0,79.0688,79.0688,79.0776,78.8039,78.8127,283469,759421,-0.00323895139423,-10.9188330845,False,True,1989-03-13,-0.000111657131401,-0.00335024687361,False,False
SS,1992-10-20,1992-10-19,1,0,90.614,90.877,90.926,90.858,90.907,787,0,0.00323349592778,14.4931230919,False,True,1992-10-21,0.00182604199897,0.00506544242611,False,False
EC,1982-10-14,1982-10-13,1,0,72.8277,72.7387,72.8277,72.5445,72.593,1534,17755,-0.00322267488881,-10.8639633368,False,True,1982-10-15,-0.000223162012866,-0.00344511772306,False,False
EC,1982-02-08,1982-02-05,3,0,66.7489,66.6693,66.8126,66.534,66.534,334,1820,-0.00321952871133,-10.8533572539,False,True,1982-02-09,-0.00227402531037,-0.00548623273193,False,False
EC,2008-09-24,2008-09-23,1,0,91.4024,91.3787,91.3977,91.0476,91.1091,1874896,8145029,-0.00320888729399,-10.8174839587,False,True,2008-09-25,0.00233675889675,-0.00087962679317,False,False
EC,2008-12-16,2008-12-15,1,0,93.079,93.0885,93.4099,93.0459,93.3768,1797795,6761626,0.00319943273993,10.7856116997,False,True,2008-12-17,-0.000202405736757,0.00299637941963,False,False
EC,1982-03-29,1982-03-26,3,0,67.0429,67.0271,67.0271,66.8048,66.8286,544,4405,-0.00319646077362,-10.7755929004,False,True,1982-03-30,-0.000474347809172,-0.00366929234863,False,False
EC,1989-06-23,1989-06-22,1,0,80.0041,80.0217,80.2946,80.0217,80.2594,209386,653894,0.00319108645682,10.7574755343,False,True,1989-06-26,0.000767511344466,0.00396104699634,False,False
EC,1987-10-14,1987-10-13,1,0,79.2169,79.1994,79.2343,78.9381,78.9642,184925,390838,-0.00318997587636,-10.7537316551,False,True,1987-10-15,-0.00121320801072,-0.00439931378279,False,False
EC,1985-02-01,1985-01-31,1,0,77.0211,76.9619,76.9619,76.759,76.7759,52603,105364,-0.00318354321089,-10.7320464885,False,True,1985-02-04,0.000771075298369,-0.00241492266405,False,False
EC,1990-05-04,1990-05-03,1,0,79.6841,79.7016,79.9551,79.6928,79.9376,420027,655904,0.00318131220658,10.7245255471,False,True,1990-05-07,-0.000218920758191,0.0029616949931,False,False
EC,1986-01-08,1986-01-07,1,0,79.4642,79.4814,79.49,79.2058,79.2144,80182,128128,-0.0031435539526,-10.59723865,False,True,1986-01-09,-0.000652659112485,-0.00379416139595,False,False
EC,1982-09-03,1982-09-02,1,0,69.9224,70.0114,70.3999,69.9628,70.1409,2227,16247,0.00312489273824,10.534329807,False,True,1982-09-07,0,0.00312489273824,False,False
EC,1991-02-01,1991-01-31,1,0,80.9155,80.9242,81.2202,80.9155,81.168,338390,699406,0.00312053932806,10.5196540206,False,True,1991-02-04,0.000535925487877,0.0036581371925,False,False
EC,1983-06-20,1983-06-17,3,0,73.4263,73.3609,73.4018,73.1891,73.1973,4472,25055,-0.00311877351848,-10.5137012977,False,True,1983-06-21,0.00156426534859,-0.00155938675924,False,False
SS,2008-11-12,2008-11-11,1,0,95.419,95.424,95.77,95.41,95.716,411670,2022889,0.00311258763978,13.9511899211,False,True,2008-11-13,-0.003562622759,-0.000461124094782,False,False
EC,1982-08-13,1982-08-12,1,0,68.9481,69.0275,69.2339,69.0037,69.1625,2182,14150,0.00310958532577,10.4827269698,False,True,1982-08-16,0.00688812579071,0.0100191303314,False,False
EC,1989-05-12,1989-05-11,1,0,79.6073,79.6338,79.8987,79.625,79.8545,409851,776876,0.00310524286089,10.468088081,False,True,1989-05-15,-0.000110200427027,0.00299470023478,False,False
EC,1982-06-24,1982-06-23,1,0,66.6532,66.6771,66.685,66.3991,66.4468,773,12406,-0.00309662551835,-10.4390381468,False,True,1982-06-25,-0.00215059265457,-0.00524055859284,False,False
EC,1983-01-24,1983-01-21,3,0,73.616,73.4452,73.494,73.3558,73.3883,2696,20856,-0.00309307759183,-10.4270777273,False,True,1983-01-25,0,-0.00309307759183,False,False
EC,1983-02-25,1983-02-24,1,0,73.9335,73.9824,74.1863,73.9824,74.1619,3071,21528,0.00308926264819,10.414217166,False,True,1983-02-28,-0.000330358310669,0.00275788377393,False,False
EC,1983-03-08,1983-03-07,1,0,73.9742,73.9742,73.9742,73.7459,73.7459,4995,20449,-0.00308621113848,-10.4039302178,False,True,1983-03-09,-0.000332221859114,-0.00341740769079,False,False
EC,1982-10-01,1982-09-30,1,0,71.201,71.1444,71.4276,71.1363,71.4196,1619,18984,0.00307018159857,10.3498930159,False,True,1982-10-04,-0.0067992539863,-0.0037499473322,False,False
SS,2008-12-17,2008-12-16,1,0,95.863,95.956,96.22,95.956,96.157,240360,3141407,0.00306687668861,13.7463050359,False,True,2008-12-18,0.000457584991212,0.00352586503656,False,False
EC,1996-03-08,1996-03-07,1,0,85.8833,85.8833,85.9014,85.5936,85.6207,1272169,2596013,-0.00305763751509,-10.3076056404,False,True,1996-03-11,0.000317680187151,-0.0027409286788,False,False
EC,2008-09-15,2008-09-12,3,0,91.8329,92.0694,92.1167,92.0315,92.112,4422501,8695860,0.00303921579303,10.2455041502,False,True,2008-09-16,-0.00282482195588,0.000205808593652,False,False
EC,1982-10-08,1982-10-07,1,0,71.9051,71.9618,72.334,71.7918,72.1236,3670,18256,0.0030387274338,10.2438578418,False,True,1982-10-11,0.0111087078293,0.0141811915984,False,False
EC,1987-06-02,1987-06-01,1,0,79.8558,79.8039,79.8039,79.6046,79.6133,165543,297261,-0.00303672369446,-10.2371030336,False,True,1987-06-03,0.00184893730068,-0.00119340110549,False,False
EC,1992-09-04,1992-09-03,1,0,84.8653,84.9181,85.1821,84.8917,85.1205,485638,1609503,0.0030071183393,10.1373003839,False,True,1992-09-08,0.000413531405478,0.00342189328265,False,False
EC,1982-08-06,1982-08-05,1,0,68.7654,68.7019,68.7257,68.5431,68.559,1489,13468,-0.00300150948006,-10.1183923515,False,True,1982-08-09,0.00243148237285,-0.000577325224604,False,False
SS,2008-10-01,2008-09-30,1,0,92.989,92.965,93.305,92.965,93.266,347607,1963371,0.00297884696039,13.3517396135,False,True,2008-10-02,0.00106148006776,0.00404348901483,False,False
EC,1995-06-13,1995-06-12,1,0,85.6562,85.7198,85.9291,85.7107,85.9109,783556,2367371,0.00297351505203,10.0240203003,False,True,1995-06-14,-0.000529618476817,0.0024423217467,False,False
SS,2008-09-17,2008-09-16,1,0,93.271,93.211,93.221,92.94,92.994,723983,2571633,-0.0029698405721,-13.3113713257,False,True,2008-09-18,-0.00191410198507,-0.00487825797944,False,False
SS,1992-08-24,1992-08-21,3,0,87.312,87.078,87.088,87.058,87.058,1658,0,-0.00290910756826,-13.0391548393,False,True,1992-08-25,-0.00156217693951,-0.00446673996701,False,False
SS,1992-03-12,1992-03-11,1,0,87.72,87.505,87.525,87.466,87.466,3499,0,-0.00289557683539,-12.9785076074,False,True,1992-03-13,-0.00246953101777,-0.00535795713634,False,False
SS,1999-09-08,1999-09-07,1,0,92.629,92.354,92.629,92.275,92.364,69044,0,-0.00286087510391,-12.8229680685,False,True,1999-09-09,-0.000638777012689,-0.00349782465535,False,False
SS,1992-09-22,1992-09-21,1,0,89.51,89.735,89.803,89.715,89.764,2636,0,0.00283767176852,12.7189664543,False,True,1992-09-23,-0.00075754199902,0.00207798011395,False,False
SS,1992-04-08,1992-04-07,1,0,87.103,87.319,87.348,87.319,87.348,2181,0,0.00281276190258,12.6073158565,False,True,1992-04-09,0.000789943673582,0.00360492749963,False,False
SS,1995-05-05,1995-05-04,1,0,91.529,91.736,91.795,91.736,91.786,3093,0,0.0028078532487,12.5853143676,False,True,1995-05-09,-0.00107859586429,0.0017262288455,False,False
SS,1992-09-09,1992-09-08,1,0,87.342,87.166,87.166,87.088,87.097,4426,0,-0.00280506514621,-12.5728175797,False,True,1992-09-10,0.00157295888492,-0.00123651851343,False,False
SS,1998-06-04,1998-06-03,1,0,91.774,91.507,91.517,91.497,91.517,17586,0,-0.0028003573997,-12.5517165946,False,True,1998-06-05,-0.00032780794825,-0.00312724736854,False,False
SS,2008-10-10,2008-10-09,1,0,93.691,93.715,93.997,93.7,93.952,305488,1970354,0.00278575316733,12.4862577407,False,True,2008-10-13,0.000787636239782,0.00357558356726,False,False
SS,1993-02-01,1993-01-29,3,0,91.312,91.583,91.583,91.554,91.564,1831,0,0.0027597687051,12.3697906048,False,True,1993-02-02,-0.0011685815386,0.00158796215174,False,False
SS,2008-06-09,2008-06-06,3,0,92.885,92.885,92.885,92.584,92.633,681246,2809858,-0.00271303224417,-12.1603091964,False,True,2008-06-10,0.000744874936578,-0.00197017817732,False,False
SS,1992-03-18,1992-03-17,1,0,87.466,87.25,87.27,87.221,87.231,3797,0,-0.00268675828322,-12.042544474,False,True,1992-03-19,0.000217812474923,-0.00246953101777,False,False
SS,1992-07-13,1992-07-10,3,0,87.917,87.722,87.722,87.683,87.693,2373,0,-0.00254785763845,-11.4199662531,False,True,1992-07-14,0.000444733331053,-0.00210425742462,False,False
SS,1992-03-13,1992-03-12,1,0,87.466,87.289,87.309,87.25,87.25,4127,0,-0.00246953101777,-11.0688919421,False,True,1992-03-16,0.00123782234957,-0.00123476550888,False,False
SS,1996-06-06,1996-06-05,1,0,92.249,92.475,92.475,92.466,92.475,2449,0,0.00244989105573,10.9808620223,False,True,1996-06-07,-9.73236009733e-05,0.00235232902254,False,False
SS,2008-09-19,2008-09-18,1,0,92.816,92.752,93.088,92.737,93.039,389903,2058505,0.00240260299948,10.7689082622,False,True,2008-09-22,-0.00117155171487,0.00122823651095,False,False
SS,1992-12-07,1992-12-04,3,0,90.691,90.497,90.497,90.468,90.478,2377,0,-0.00234863437386,-10.5270109623,False,True,1992-12-08,0.00107208382148,-0.0012790684853,False,False
SS,1998-10-16,1998-10-15,1,0,92.03,92.208,92.248,92.198,92.238,8808,0,0.00226013256547,10.1303295897,False,True,1998-10-19,-0.000216830373599,0.00204281212648,False,False
SS,1992-09-02,1992-09-01,1,0,87.117,87.302,87.322,87.293,87.312,1605,0,0.00223836908984,10.0327816916,False,True,1992-09-03,0.00403151914972,0.00627891226741,False,False
SS,1993-01-21,1993-01-20,1,0,90.701,90.885,90.904,90.875,90.904,1564,0,0.00223812306369,10.0316789572,False,True,1993-01-22,-0.000737041274311,0.00149943220031,False,False
