ID,Name,AssetClass,rows,start,end,weekend_rows,zero_volume_rows,zero_open_interest_rows,unchanged_close_transitions,extreme_flags,absolute_move_flags,robust_move_flags,daily_median,daily_mad,ohlc_inconsistencies,negative_activity_rows,nonpositive_price_rows
AN,AustrialianDollar,FX,6814,1988-01-04,2014-12-31,0,3,3,123,3,0,3,0.000396589331747,0.00384036085532,0,0,0
AP,AustralianEquity,EQ,1614,2008-09-01,2014-12-31,0,0,0,11,0,0,0,0.000373139300897,0.00602322133782,0,0,0
AX,GermanDaxEquity,EQ,4352,1997-11-05,2014-12-30,0,40,42,20,2,2,2,0.0008499959524,0.00760737987948,0,0,0
BN,BritishPound,FX,9841,1976-01-02,2014-12-31,0,6,3,213,1,0,1,0,0.00331749998124,0,0,0
CA,FranceCAC40Equity,EQ,4091,1999-01-04,2014-12-31,0,23,28,22,1,1,0,0.000518086103968,0.00752323377971,0,0,0
CB,Canada10yearBond,FI,5150,1994-06-01,2014-12-31,0,27,44,82,0,0,0,0.000236966824644,0.00226948714985,0,0,0
CC,Cocoa,COMM,8521,1981-01-05,2014-12-31,0,5,2,160,3,3,0,0,0.0104122839453,0,0,0
CN,CanadianDollar,FX,9322,1978-01-03,2014-12-31,0,0,0,271,6,0,6,0,0.00197754813769,0,0,0
CT,Cotton,COMM,10535,1973-01-02,2014-12-31,0,2,1,65,0,0,0,0,0.00838688950762,0,0,0
DA,Milk,COMM,4355,1997-09-02,2014-12-31,0,2,0,301,0,0,0,0,0.00676246883783,0,0,0
DT,EuropeEuroBondBund,FI,6365,1989-11-23,2014-12-30,0,40,27,129,0,0,0,0.000199026215371,0.00200809472055,0,0,0
EC,EuroDollar,FX,8296,1982-02-01,2014-12-31,0,9,9,1691,111,0,111,0,0.000200080243823,0,0,0
EN,NasdaqEquityMini,EQ,3915,1999-06-21,2014-12-31,0,1,3,35,8,8,3,0.000970053012567,0.00773768761174,0,0,0
ER,Russell2000Mini,EQ,3065,2002-11-26,2014-12-31,0,5,2,32,2,2,1,0.00113535843491,0.00770652212932,1,0,0
ES,SP500Mini,EQ,4364,1997-09-11,2014-12-31,0,3,4,68,4,2,4,0.000667770714248,0.00594961255195,0,0,0
FB,TNotes5year,FI,6539,1989-01-03,2014-12-31,0,2,3,213,0,0,0,0.000136720882089,0.00143546117296,0,0,0
FN,Euro,FX,10048,1975-02-13,2014-12-31,0,0,1,375,0,0,0,0,0.00356185887893,0,0,0
GS,UKGiltLongBond,FI,6343,1989-11-23,2014-12-31,0,18,14,131,1,0,1,0.000177392997092,0.00249218347468,0,0,0
HS,HongKongHSIEquity,EQ,4250,1997-10-22,2014-12-31,0,36,34,34,9,9,3,0.000434490279599,0.00879759995298,0,0,0
JN,JapaneseYen,FX,9325,1978-01-03,2014-12-31,0,1,0,143,1,0,1,-0.000156699047999,0.00375502143291,0,0,0
JO,OrangeJuice,COMM,10523,1973-01-02,2014-12-31,0,5,3,199,13,13,5,0,0.00858921206308,0,0,0
KC,Coffee,COMM,10260,1974-01-02,2014-12-31,0,4,2,95,32,32,4,0,0.0111993669923,0,0,0
LB,Lumber,COMM,10339,1974-01-02,2014-12-31,0,1,0,169,0,0,0,-0.000481938466256,0.0112287434103,0,0,0
LX,UKFTSE100Equity,EQ,6323,1990-01-02,2014-12-31,0,20,12,83,2,1,2,0.000198297093448,0.00602948697822,0,0,0
MD,SP400Mini,EQ,5768,1992-02-13,2014-12-31,0,41,14,65,4,4,4,0.000876268366712,0.00622878283568,0,0,0
MP,MexicanPeso,FX,4941,1995-05-03,2014-12-31,0,12,3,142,8,0,8,0.000546381423357,0.0031150476247,0,0,0
MW,Wheat,COMM,8574,1981-01-02,2014-12-31,0,6,5,248,0,0,0,0,0.00680497925311,0,0,0
ND,Nasdaq100Equity,EQ,4716,1996-04-10,2014-12-31,0,0,1,35,9,9,3,0.00119680950845,0.00835769983688,0,0,0
NK,JapanNikkeiEquity,EQ,6085,1991-01-02,2014-12-31,0,60,2,71,4,4,1,0.000275881254041,0.00854362185679,0,0,0
RL,Russell2000,EQ,3994,1993-02-04,2008-12-10,0,16,9,32,1,1,1,0.000992322557059,0.00688156993222,0,0,0
SB,Sugar,COMM,10014,1975-01-02,2014-12-31,0,2,1,220,22,22,0,0,0.0127167630058,0,0,0
SC,SP500,EQ,5248,1994-03-08,2014-12-31,0,1,3,43,4,2,4,0.000663856691254,0.00556497201838,0,0,0
SN,SwissFranc,FX,9829,1976-01-02,2014-12-31,0,2,0,150,1,0,1,0,0.00413966646872,0,0,0
SP,SP500,EQ,8251,1982-04-21,2014-12-31,0,3,0,85,11,4,11,0.000595958858794,0.00534672940555,0,0,0
SS,UKSterlingShort,FI,5848,1991-09-24,2014-12-31,0,30,2088,1082,43,0,43,0,0.000150482619258,0,0,0
TU,TNotes2year,FI,6104,1990-09-20,2014-12-31,0,5,6,313,2,0,2,0,0.000517674709499,0,0,0
TY,TNotes10year,FI,8057,1983-01-03,2014-12-31,0,0,1,264,1,0,1,0.000154313757929,0.00234798216005,0,0,0
UB,GermanyEuroBobl,FI,4066,1999-01-04,2014-12-30,0,36,14,100,0,0,0,0.000109733347964,0.00121592803823,0,0,0
US,TBonds,FI,9316,1978-01-03,2014-12-31,0,0,0,261,0,0,0,0.000269633528112,0.00387313844969,0,0,0
UZ,GermanyEuroSchatz,FI,4066,1999-01-04,2014-12-30,0,26,25,294,0,0,0,0,0.000425531914894,0,0,0
XU,EuroDJEuroStoxx50Equity,EQ,3500,2001-03-27,2014-12-30,0,20,22,55,3,3,1,0.000496182595195,0.00780148304053,0,0,0
XX,EuroDJStoxx50Equity,EQ,3201,2002-06-04,2014-12-30,0,23,21,56,3,3,3,0.000589759570284,0.0061192953143,0,0,0
YM,DowJonesMini,EQ,3216,2002-04-03,2014-12-31,0,95,89,26,4,2,4,0.000681487004644,0.00492371741185,0,0,0
ZA,Palladium,COMM,8032,1983-01-03,2014-12-31,0,9,3,112,12,12,3,0.000555998742959,0.00943976063185,0,0,0
ZB,RbobOil,COMM,7528,1985-01-02,2014-12-31,0,1,0,61,13,13,1,0.000683526999316,0.011026477462,0,0,0
ZC,Corn,COMM,11337,1970-01-05,2014-12-31,0,0,0,461,0,0,0,0,0.0075707980988,0,0,0
ZD,DowJones,EQ,4208,1998-04-21,2014-12-31,0,7,10,31,3,2,3,0.000577249023929,0.0055740421918,0,0,0
ZF,CattleFeeder,COMM,9331,1978-01-03,2014-12-31,0,0,0,204,1,1,1,0.000225576994064,0.00500190982384,0,0,0
ZG,Gold,COMM,10053,1975-01-02,2014-12-31,0,2,0,170,7,1,7,0,0.00535419659612,0,0,0
ZI,Silver,COMM,10549,1973-01-02,2014-12-31,0,3,0,165,11,11,2,0.000413789910285,0.00927357073411,0,0,0
ZK,Copper,COMM,6530,1989-01-03,2014-12-31,0,51,1,83,4,4,0,0,0.00866773675762,0,0,0
ZL,SoybeanOil,COMM,11585,1969-01-02,2014-12-31,0,2,10,221,1,1,1,0,0.00928255541733,0,0,0
ZM,SoybeanMeal,COMM,11585,1969-01-02,2014-12-31,0,3,0,262,4,4,2,0,0.00856703523152,0,0,0
ZN,NaturalGas,COMM,6021,1991-01-02,2014-12-31,0,3,0,52,50,50,0,-0.000781592342485,0.017360854345,0,0,0
ZO,Oats,COMM,10080,1975-01-02,2014-12-31,0,1,10,568,4,4,0,0,0.0101426307448,0,0,0
ZP,Platinum,COMM,10543,1973-01-02,2014-12-31,0,7,2,138,0,0,0,0.000463346863942,0.00820760108731,0,0,0
ZR,RiceRough,COMM,7046,1987-01-02,2014-12-31,0,4,13,274,0,0,0,0,0.00790273556231,0,0,0
ZS,Soybeans,COMM,11584,1969-01-02,2014-12-31,0,2,0,208,4,4,3,0.000396439254694,0.00784892057419,0,0,0
ZT,CattleLive,COMM,11092,1971-01-04,2014-12-31,0,1,0,262,0,0,0,0,0.00583804143126,0,0,0
ZU,CrudeOil,COMM,7777,1984-01-03,2014-12-31,0,0,0,85,25,25,1,0.000519426384918,0.0106721218006,0,0,0
ZW,WheatElectronic,COMM,11587,1969-01-02,2014-12-31,0,1,0,269,0,0,0,0,0.00918762192867,0,0,0
ZZ,LeanHogs,COMM,11343,1970-01-05,2014-12-31,0,2,0,213,0,0,0,0.00039291612583,0.00870378085475,0,0,0
