ID,previous_date,next_date,calendar_days,missing_weekdays,first_missing_weekday,last_missing_weekday,spanning_close_change,long_gap,min_absent_fraction,max_absent_fraction,weekdays_only_this_instrument_absent
SS,1997-12-23,1998-01-05,13,8,1997-12-24,1998-01-02,-0.000108903990242,True,0.0192307692308,1,2
SS,1991-12-23,1992-01-02,10,7,1991-12-24,1992-01-01,0.00201803691753,True,0.0238095238095,1,4
SS,1992-12-23,1993-01-04,12,7,1992-12-24,1993-01-01,0.000960943712998,True,0.0232558139535,1,3
SS,1993-12-23,1994-01-04,12,7,1993-12-24,1994-01-03,-0.000738365237324,True,0.0227272727273,0.931818181818,2
SS,1994-12-22,1995-01-03,12,7,1994-12-23,1995-01-02,-0.00129032258065,True,0.0217391304348,1,4
SS,1995-12-21,1996-01-02,12,7,1995-12-22,1996-01-01,-0.000639913232104,True,0.0212765957447,1,4
SS,1996-12-23,1997-01-02,10,7,1996-12-24,1997-01-01,0.000108750027187,True,0.0208333333333,1,3
SS,1998-12-23,1999-01-04,12,7,1998-12-24,1999-01-01,-0.000313276439451,True,0.0188679245283,1,2
CT,2001-09-10,2001-09-17,7,4,2001-09-11,2001-09-14,-0.025988388167,True,0.241379310345,0.827586206897,0
JO,2001-09-10,2001-09-17,7,4,2001-09-11,2001-09-14,-0.0111979920842,True,0.241379310345,0.827586206897,0
KC,2001-09-10,2001-09-17,7,4,2001-09-11,2001-09-14,-0.00877192982456,True,0.241379310345,0.827586206897,0
MD,2001-09-10,2001-09-17,7,4,2001-09-11,2001-09-14,-0.0547430686602,True,0.241379310345,0.827586206897,0
ND,2001-09-10,2001-09-17,7,4,2001-09-11,2001-09-14,-0.0882790895554,True,0.241379310345,0.827586206897,0
RL,2001-09-10,2001-09-17,7,4,2001-09-11,2001-09-14,-0.0512365647501,True,0.241379310345,0.827586206897,0
SB,2001-09-10,2001-09-17,7,4,2001-09-11,2001-09-14,-0.00632577754349,True,0.241379310345,0.827586206897,0
SP,2001-09-10,2001-09-17,7,4,2001-09-11,2001-09-14,-0.0529337160403,True,0.241379310345,0.827586206897,0
AP,2011-04-21,2011-04-27,6,3,2011-04-22,2011-04-26,-0.00975358565435,True,0.016393442623,0.983606557377,1
AP,2014-07-24,2014-07-30,6,3,2014-07-25,2014-07-29,0.00831533196263,True,0.016393442623,0.016393442623,3
AX,1997-12-23,1997-12-29,6,3,1997-12-24,1997-12-26,0.0335640395922,True,0.0384615384615,1,0
AX,2001-12-21,2001-12-27,6,3,2001-12-24,2001-12-26,0.0197579683929,True,0.241379310345,1,0
AX,2002-12-23,2002-12-27,4,3,2002-12-24,2002-12-26,-0.0469143038562,True,0.245901639344,1,0
AX,2007-12-21,2007-12-27,6,3,2007-12-24,2007-12-26,-0.00333163281242,True,0.196721311475,1,0
AX,2008-12-23,2008-12-29,6,3,2008-12-24,2008-12-26,0.0200026344015,True,0.0983606557377,1,0
AX,2012-12-21,2012-12-27,6,3,2012-12-24,2012-12-26,0.00039565708168,True,0.0983606557377,1,0
AX,2013-12-23,2013-12-27,4,3,2013-12-24,2013-12-26,0.00920329281747,True,0.0983606557377,1,0
AX,2014-12-23,2014-12-29,6,3,2014-12-24,2014-12-26,0.00136306635407,True,0.0983606557377,1,0
CA,2007-12-21,2007-12-27,6,3,2007-12-24,2007-12-26,0.00317219055661,True,0.196721311475,1,0
CB,2007-12-21,2007-12-27,6,3,2007-12-24,2007-12-26,-0.00184885602034,True,0.196721311475,1,0
CB,2010-12-23,2010-12-29,6,3,2010-12-24,2010-12-28,0.00255202198665,True,0.0491803278689,0.983606557377,0
CC,2001-09-11,2001-09-17,6,3,2001-09-12,2001-09-14,0.0272177419355,True,0.241379310345,0.827586206897,0
CC,2001-12-21,2001-12-27,6,3,2001-12-24,2001-12-26,0.0202751629254,True,0.241379310345,1,0
DT,2001-12-21,2001-12-27,6,3,2001-12-24,2001-12-26,-0.00545741777969,True,0.241379310345,1,0
DT,2002-12-23,2002-12-27,4,3,2002-12-24,2002-12-26,0.00645248017207,True,0.245901639344,1,0
DT,2007-12-21,2007-12-27,6,3,2007-12-24,2007-12-26,-0.00297360921819,True,0.196721311475,1,0
DT,2008-12-23,2008-12-29,6,3,2008-12-24,2008-12-26,0.0025695453022,True,0.0983606557377,1,0
DT,2012-12-21,2012-12-27,6,3,2012-12-24,2012-12-26,0.00494362532524,True,0.0983606557377,1,0
DT,2013-12-23,2013-12-27,4,3,2013-12-24,2013-12-26,-0.00612852390124,True,0.0983606557377,1,0
DT,2014-12-23,2014-12-29,6,3,2014-12-24,2014-12-26,0.00487025340537,True,0.0983606557377,1,0
EN,2001-09-11,2001-09-17,6,3,2001-09-12,2001-09-14,-0.0882765413067,True,0.241379310345,0.827586206897,0
ES,2001-09-11,2001-09-17,6,3,2001-09-12,2001-09-14,-0.0531063062143,True,0.241379310345,0.827586206897,0
GS,1999-12-23,1999-12-29,6,3,1999-12-24,1999-12-28,-0.000893699739472,True,0.0701754385965,0.929824561404,0
HS,1998-01-27,1998-02-02,6,3,1998-01-28,1998-01-30,0.148346431586,True,0.0192307692308,0.0192307692308,3
HS,1999-02-15,1999-02-19,4,3,1999-02-16,1999-02-18,-0.0135361582707,True,0.0178571428571,0.0178571428571,3
HS,1999-04-01,1999-04-07,6,3,1999-04-02,1999-04-06,0.0527501967978,True,0.0178571428571,0.857142857143,1
HS,2001-01-23,2001-01-29,6,3,2001-01-24,2001-01-26,0.00360663516582,True,0.0175438596491,0.0175438596491,3
HS,2002-02-11,2002-02-15,4,3,2002-02-12,2002-02-14,0.015404125561,True,0.0172413793103,0.0172413793103,3
HS,2009-01-23,2009-01-29,6,3,2009-01-26,2009-01-28,0.0587909485352,True,0.016393442623,0.016393442623,3
HS,2010-04-01,2010-04-07,6,3,2010-04-02,2010-04-06,0.0167341371544,True,0.016393442623,0.786885245902,1
HS,2012-01-20,2012-01-26,6,3,2012-01-23,2012-01-25,0.0126168013779,True,0.016393442623,0.016393442623,3
HS,2013-02-08,2013-02-14,6,3,2013-02-11,2013-02-13,0.00745790682076,True,0.016393442623,0.016393442623,3
KC,1974-12-23,1974-12-27,4,3,1974-12-24,1974-12-26,0.00217263652378,True,0.0769230769231,1,2
KC,2001-12-21,2001-12-27,6,3,2001-12-24,2001-12-26,-0.00321681321038,True,0.241379310345,1,0
LX,1999-12-23,1999-12-29,6,3,1999-12-24,1999-12-28,0.00731097765676,True,0.0701754385965,0.929824561404,0
SB,2001-12-21,2001-12-27,6,3,2001-12-24,2001-12-26,0.0252951096121,True,0.241379310345,1,0
SC,2001-09-11,2001-09-17,6,3,2001-09-12,2001-09-14,-0.0529282178926,True,0.241379310345,0.827586206897,0
UB,2001-12-21,2001-12-27,6,3,2001-12-24,2001-12-26,-0.00266796022314,True,0.241379310345,1,0
UB,2002-12-23,2002-12-27,4,3,2002-12-24,2002-12-26,0.00459822968157,True,0.245901639344,1,0
UB,2003-12-23,2003-12-29,6,3,2003-12-24,2003-12-26,0.00011256190905,True,0.0327868852459,1,0
UB,2007-12-21,2007-12-27,6,3,2007-12-24,2007-12-26,-0.00198741305068,True,0.196721311475,1,0
UB,2008-12-23,2008-12-29,6,3,2008-12-24,2008-12-26,0.0014437454883,True,0.0983606557377,1,0
UB,2012-12-21,2012-12-27,6,3,2012-12-24,2012-12-26,0.00284728213978,True,0.0983606557377,1,0
UB,2013-12-23,2013-12-27,4,3,2013-12-24,2013-12-26,-0.00372197697568,True,0.0983606557377,1,0
UB,2014-12-23,2014-12-29,6,3,2014-12-24,2014-12-26,0.00190255604268,True,0.0983606557377,1,0
UZ,2001-12-21,2001-12-27,6,3,2001-12-24,2001-12-26,-0.000935356474745,True,0.241379310345,1,0
UZ,2002-12-23,2002-12-27,4,3,2002-12-24,2002-12-26,0.00172291476639,True,0.245901639344,1,0
UZ,2003-12-23,2003-12-29,6,3,2003-12-24,2003-12-26,0.000300751879699,True,0.0327868852459,1,0
UZ,2007-12-21,2007-12-27,6,3,2007-12-24,2007-12-26,-0.000802326747568,True,0.196721311475,1,0
UZ,2008-12-23,2008-12-29,6,3,2008-12-24,2008-12-26,0.000389294403893,True,0.0983606557377,1,0
UZ,2012-12-21,2012-12-27,6,3,2012-12-24,2012-12-26,9.09173561234e-05,True,0.0983606557377,1,0
UZ,2013-12-23,2013-12-27,4,3,2013-12-24,2013-12-26,-0.000364464692483,True,0.0983606557377,1,0
UZ,2014-12-23,2014-12-29,6,3,2014-12-24,2014-12-26,9.05141202028e-05,True,0.0983606557377,1,0
XU,2001-12-21,2001-12-27,6,3,2001-12-24,2001-12-26,0.0214870441181,True,0.241379310345,1,0
XU,2002-12-23,2002-12-27,4,3,2002-12-24,2002-12-26,-0.0410405096374,True,0.245901639344,1,0
XU,2007-12-21,2007-12-27,6,3,2007-12-24,2007-12-26,-0.00540966771804,True,0.196721311475,1,0
XU,2008-12-23,2008-12-29,6,3,2008-12-24,2008-12-26,0.0173171715514,True,0.0983606557377,1,0
XU,2012-12-21,2012-12-27,6,3,2012-12-24,2012-12-26,0.00112863881997,True,0.0983606557377,1,0
XU,2013-12-23,2013-12-27,4,3,2013-12-24,2013-12-26,0.0126984680729,True,0.0983606557377,1,0
XU,2014-12-23,2014-12-29,6,3,2014-12-24,2014-12-26,-0.00188267004268,True,0.0983606557377,1,0
XX,2002-12-23,2002-12-27,4,3,2002-12-24,2002-12-26,-0.031732823127,True,0.245901639344,1,0
XX,2007-12-21,2007-12-27,6,3,2007-12-24,2007-12-26,-0.00459099752198,True,0.196721311475,1,0
XX,2008-12-23,2008-12-29,6,3,2008-12-24,2008-12-26,0.00149108488197,True,0.0983606557377,1,0
XX,2012-12-21,2012-12-27,6,3,2012-12-24,2012-12-26,-0.00272661658959,True,0.0983606557377,1,0
XX,2013-12-23,2013-12-27,4,3,2013-12-24,2013-12-26,0.0146998966048,True,0.0983606557377,1,0
XX,2014-12-23,2014-12-29,6,3,2014-12-24,2014-12-26,0.00233701485303,True,0.0983606557377,1,0
ZB,2001-09-10,2001-09-14,4,3,2001-09-11,2001-09-13,0.0466443887497,True,0.362068965517,0.827586206897,0
ZD,2001-09-11,2001-09-17,6,3,2001-09-12,2001-09-14,-0.0528214386695,True,0.241379310345,0.827586206897,0
ZN,2001-09-10,2001-09-14,4,3,2001-09-11,2001-09-13,0.0668897860305,True,0.362068965517,0.827586206897,0
ZU,2001-09-10,2001-09-14,4,3,2001-09-11,2001-09-13,0.0687341772152,True,0.362068965517,0.827586206897,0
