ID,month,supplied_return,previous_price_date,previous_close,current_price_date,current_close,previous_endpoint_age_days,current_endpoint_age_days,raw_month_end_ratio,difference,matches_raw_endpoints,daily_observations,extreme_daily_flags,largest_daily_change_date,largest_daily_change,stale_runs_overlapping,weekday_gap_intervals,long_gap_intervals
ZM,1972-12,0.339876253467,1972-11-30,46.87,1972-12-29,62.8,0,2,0.339876253467,-5.55111512313e-17,True,19,0,1972-12-04,0.04,0,2,0
ZS,1973-02,0.323606416909,1973-01-31,840.28,1973-02-28,1112.2,0,0,0.323606416909,-5.55111512313e-17,True,19,0,1973-02-22,0.025636945656,0,1,0
ZM,1973-04,0.379049972543,1973-03-30,72.84,1973-04-30,100.45,1,0,0.379049972543,0,True,20,0,1973-04-02,0.0299286106535,0,1,0
ZS,1973-04,0.325673614642,1973-03-30,983.5,1973-04-30,1303.8,1,0,0.325673614642,0,True,20,0,1973-04-02,0.0278393492628,0,1,0
ZC,1973-05,0.324478235301,1973-04-30,6665.84,1973-05-31,8828.76,0,0,0.324478235301,-5.55111512313e-17,True,22,0,1973-05-21,0.0419808733687,0,1,0
ZM,1973-05,0.684519661523,1973-04-30,100.45,1973-05-31,169.21,0,0,0.684519661523,0,True,22,0,1973-05-29,0.0447911087306,0,1,0
ZS,1973-05,0.559894155545,1973-04-30,1303.8,1973-05-31,2033.79,0,0,0.559894155545,0,True,22,0,1973-05-29,0.0426427525622,0,1,0
ZC,1973-07,0.44180310864,1973-06-29,8628.21,1973-07-31,12440.18,1,0,0.44180310864,0,True,21,0,1973-07-11,0.0502511685912,0,1,0
ZL,1973-07,0.480169050715,1973-06-29,30.76,1973-07-31,45.53,1,0,0.480169050715,-5.55111512313e-17,True,21,0,1973-07-16,0.0551230146372,0,1,0
ZW,1973-07,0.358208746354,1973-06-29,26439.36,1973-07-31,35910.17,1,0,0.358208746354,-5.55111512313e-17,True,21,0,1973-07-11,0.0387400434468,0,1,0
CT,1973-08,0.400185557445,1973-07-31,129.34,1973-08-31,181.1,0,0,0.400185557445,-5.55111512313e-17,True,23,0,1973-08-06,0.0311452939385,0,0,0
ZW,1973-08,0.446109556151,1973-07-31,35910.17,1973-08-31,51930.04,0,0,0.446109556151,0,True,23,0,1973-08-10,0.0460830386419,0,0,0
ZL,1974-01,0.38201363398,1973-12-31,76.28,1974-01-31,105.42,0,0,0.38201363398,0,True,22,0,1974-01-07,0.044864799321,0,1,0
ZI,1974-02,0.432666848,1974-01-31,6986.9,1974-02-28,10009.9,0,0,0.432666847958,4.1677994389e-11,True,18,0,1974-02-05,0.0352061764265,0,2,0
ZP,1974-02,0.413424866514,1974-01-31,655.5,1974-02-28,926.5,0,0,0.413424866514,-5.55111512313e-17,True,19,0,1974-02-04,0.0513247539743,0,1,0
ZZ,1974-06,0.314441175705,1974-05-31,38.411,1974-06-28,50.489,0,2,0.314441175705,0,True,20,0,1974-06-11,-0.0587756525783,0,0,0
ZC,1974-07,0.312014569648,1974-06-28,13172.59,1974-07-31,17282.63,2,0,0.312014569648,0,True,22,0,1974-07-01,0.0345725479955,0,1,0
ZL,1974-07,0.5455346651,1974-06-28,136.16,1974-07-31,210.44,2,0,0.5455346651,0,True,22,0,1974-07-26,0.0371347297647,0,1,0
ZM,1974-07,0.752022511432,1974-06-28,56.86,1974-07-31,99.62,2,0,0.752022511432,0,True,22,0,1974-07-08,0.0812726673261,0,1,0
ZS,1974-07,0.568792395031,1974-06-28,1233.93,1974-07-31,1935.78,2,0,0.568792395031,0,True,22,0,1974-07-18,0.0437022669414,0,1,0
ZL,1974-09,0.361407133536,1974-08-30,183.92,1974-09-30,250.39,1,0,0.361407133536,-5.55111512313e-17,True,20,0,1974-09-25,0.0367030676515,0,1,0
KC,1975-07,0.521270182,1975-06-30,298.54,1975-07-31,454.16,0,0,0.52127018155,4.49788983836e-10,True,22,0,1975-07-22,0.06556233124,0,1,0
CT,1976-06,0.311218659676,1976-05-28,148.77,1976-06-30,195.07,3,0,0.311218659676,0,True,22,0,1976-06-04,0.0288758797606,0,0,0
JO,1977-01,0.706536323558,1976-12-30,52.17,1977-01-31,89.03,1,0,0.706536323558,0,True,21,0,1977-01-17,0.0761329305136,0,0,0
ZP,1978-10,0.326732673267,1978-09-29,676.7,1978-10-31,897.8,1,0,0.326732673267,0,True,22,0,1978-10-10,0.0330532212885,0,0,0
KC,1979-06,0.395930113269,1979-05-31,1900.79,1979-06-29,2653.37,0,1,0.395930113269,-5.55111512313e-17,True,21,1,1979-06-01,0.123022532736,0,0,0
ZI,1979-09,0.54695815,1979-08-31,11481.5,1979-09-28,17761.4,0,2,0.546958150068,-6.7500005585e-11,True,19,0,1979-09-18,0.0575482290497,0,1,0
ZP,1979-09,0.342698332,1979-08-31,989.5,1979-09-28,1328.6,0,2,0.342698332491,-4.91157003957e-10,True,19,0,1979-09-20,0.0441580593196,0,1,0
ZI,1979-12,0.507524177554,1979-11-30,19563.6,1979-12-31,29492.6,0,0,0.507524177554,0,True,19,0,1979-12-18,0.0431992919962,0,1,0
SB,1980-01,0.349468944251,1979-12-31,204.31,1980-01-31,275.71,0,0,0.349468944251,-5.55111512313e-17,True,22,1,1980-01-29,0.117654837999,0,1,0
ZI,1980-03,-0.475784029,1980-02-29,36038.2,1980-03-31,18891.8,0,0,-0.475784029169,1.690483864e-10,True,21,0,1980-03-31,-0.0498755249327,0,0,0
ZP,1980-03,-0.393138489,1980-02-29,2145.3,1980-03-31,1301.9,0,0,-0.393138488789,-2.1055329702e-10,True,21,0,1980-03-31,0.073554877546,0,0,0
ZI,1980-04,-0.336066442,1980-03-31,18891.8,1980-04-30,12542.9,0,0,-0.336066441525,-4.75105621511e-10,True,21,0,1980-04-30,-0.071425927434,0,1,0
SB,1980-05,0.417567804,1980-04-30,285.75,1980-05-30,405.07,0,1,0.417567804024,-2.44970155272e-11,True,21,0,1980-05-22,0.0994953927161,0,1,0
JO,1981-01,0.583578597842,1980-12-31,132.51,1981-01-30,209.84,0,1,0.583578597842,0,True,21,0,1981-01-15,0.0823168784724,0,1,0
CC,1981-07,0.317239619874,1981-06-30,15679,1981-07-31,20653,0,0,0.317239619874,0,True,22,0,1981-07-01,0.0566362650679,0,1,0
KC,1981-07,0.338079731397,1981-06-30,988.82,1981-07-31,1323.12,0,0,0.338079731397,0,True,22,1,1981-07-23,0.111037525832,0,1,0
KC,1981-09,0.316791505032,1981-08-31,1118.78,1981-09-30,1473.2,0,0,0.316791505032,0,True,21,0,1981-09-25,0.0576895948539,0,1,0
EC,1982-06,-0.01875752,1982-05-28,68.154,1982-06-30,66.8756,3,0,-0.0187575197347,-2.65281713263e-10,True,22,6,1982-06-01,-0.00745664231006,0,0,0
EC,1982-07,0.0224416678131,1982-06-30,66.8756,1982-07-30,68.3764,0,1,0.0224416678131,-8.32667268469e-17,True,21,7,1982-07-16,0.00646630546963,0,1,0
EC,1982-08,0.023082526,1982-07-30,68.3764,1982-08-31,69.9547,1,0,0.0230825255498,4.50248900663e-10,True,22,10,1982-08-02,0.0083610719488,0,0,0
EC,1982-09,0.017815815,1982-08-31,69.9547,1982-09-30,71.201,0,0,0.0178158150918,-9.17664416678e-11,True,21,6,1982-09-10,-0.0070411286343,0,1,0
EC,1982-10,0.020005337,1982-09-30,71.201,1982-10-29,72.6254,0,2,0.0200053370037,-3.69388894472e-12,True,21,7,1982-10-11,0.0111087078293,0,0,0
EC,1982-12,0.0144281289371,1982-11-30,72.7052,1982-12-31,73.7542,0,0,0.0144281289371,-1.21430643318e-17,True,22,3,1982-12-03,0.00490259887068,0,1,0
SB,1983-05,0.674146797569,1983-04-29,42.78,1983-05-31,71.62,1,0,0.674146797569,0,True,21,0,1983-05-26,0.0847768154564,0,1,0
ZL,1983-08,0.424389351386,1983-07-29,109.31,1983-08-31,155.7,2,0,0.424389351386,-5.55111512313e-17,True,23,0,1983-08-01,0.0428140151862,0,0,0
EC,1983-09,0.0129301033369,1983-08-31,73.1394,1983-09-30,74.0851,0,0,0.0129301033369,-7.6327832943e-17,True,21,0,1983-09-06,0.00269956101363,0,1,0
EC,1984-05,-0.013743948,1984-04-30,73.5451,1984-05-31,72.5343,0,0,-0.0137439475913,-4.08657991127e-10,True,22,1,1984-05-24,-0.00368276348642,0,1,0
EC,1984-07,0.0126625021104,1984-06-29,72.8529,1984-07-31,73.7754,1,0,0.0126625021104,-7.2858385991e-17,True,21,1,1984-07-25,0.00342163025178,0,1,0
EC,1984-10,0.0140202659622,1984-09-28,74.4993,1984-10-31,75.5438,2,0,0.0140202659622,-5.20417042793e-18,True,23,1,1984-10-30,0.00347075503539,0,0,0
EC,1985-05,0.0137567895416,1985-04-30,77.6562,1985-05-31,78.7245,0,0,0.0137567895416,-7.1123662515e-17,True,22,0,1985-05-20,0.00283619895609,0,1,0
SB,1985-07,0.525473071325,1985-06-28,6.87,1985-07-31,10.48,2,0,0.525473071325,0,True,21,2,1985-07-26,0.152806652807,0,1,0
KC,1985-12,0.43147819922,1985-11-29,3385.2,1985-12-31,4845.84,1,0,0.43147819922,-5.55111512313e-17,True,20,0,1985-12-27,-0.0730367199352,0,1,0
SB,1986-03,0.457480314961,1986-02-28,12.7,1986-03-31,18.51,0,0,0.457480314961,-5.55111512313e-17,True,20,0,1986-03-03,0.0937007874016,0,1,0
ZB,1986-04,0.341922695738,1986-03-31,10.09,1986-04-30,13.54,0,0,0.341922695738,-5.55111512313e-17,True,22,0,1986-04-07,0.0761736049601,0,0,0
ZB,1986-08,0.404612159329,1986-07-31,9.54,1986-08-29,13.4,0,2,0.404612159329,0,True,21,2,1986-08-04,0.116514690983,0,0,0
ZP,1986-08,0.340237180558,1986-07-31,598.7,1986-08-29,802.4,0,2,0.340237180558,0,True,21,0,1986-08-08,0.0503055947344,0,0,0
ZU,1986-08,0.443043674021,1986-07-31,22.21,1986-08-29,32.05,0,2,0.443043674021,0,True,21,2,1986-08-04,0.150869565217,0,0,0
ZR,1987-09,0.467298177569,1987-08-31,20110.5,1987-09-30,29508.1,0,0,0.467298177569,-5.55111512313e-17,True,21,0,1987-09-23,0.0547775810862,0,1,0
SB,1988-06,0.353424657534,1988-05-31,10.95,1988-06-30,14.82,0,0,0.353424657534,0,True,22,0,1988-06-27,0.0984908657665,0,0,0
ZC,1988-06,0.470951279113,1988-05-31,4624.3,1988-06-30,6802.12,0,0,0.470951279113,-5.55111512313e-17,True,22,0,1988-06-16,0.0536659252345,0,0,0
ZO,1988-06,0.93910761951,1988-05-31,1318.72,1988-06-30,2557.14,0,0,0.93910761951,0,True,22,0,1988-06-07,0.0726406369376,0,0,0
SB,1989-06,0.326436781609,1989-05-31,13.05,1989-06-30,17.31,0,0,0.326436781609,0,True,22,0,1989-06-22,0.0644132653061,0,0,0
ZB,1990-08,0.451519069166,1990-07-31,30.94,1990-08-31,44.91,0,0,0.451519069166,0,True,22,1,1990-08-06,0.122673434856,0,1,0
ZU,1990-08,0.329486345904,1990-07-31,61.52,1990-08-31,81.79,0,0,0.329486345904,0,True,22,2,1990-08-06,0.145289755562,0,1,0
ZU,1990-09,0.484655825896,1990-08-31,81.79,1990-09-28,121.43,0,2,0.484655825896,0,True,19,0,1990-09-24,0.0796216365139,0,1,0
JO,1991-10,0.361696160642,1991-09-30,356.57,1991-10-31,485.54,0,0,0.361696160642,0,True,23,1,1991-10-11,0.269944970045,0,0,0
SS,1992-09,0.030533561636,1992-08-28,87.019,1992-09-30,89.676,3,0,0.030533561636,-4.51028103754e-17,True,22,9,1992-09-17,0.0235403491455,0,0,0
SS,1992-10,0.0167714884696,1992-09-30,89.676,1992-10-30,91.18,0,1,0.0167714884696,-4.85722573274e-17,True,22,2,1992-10-16,0.00695209174536,0,0,0
SS,1992-11,-0.007391972,1992-10-30,91.18,1992-11-30,90.506,1,0,-0.00739197192367,-7.63324160824e-11,True,21,0,1992-11-03,0.00192899966023,0,0,0
LB,1993-02,0.452368842423,1993-01-29,5308.5,1993-02-26,7709.9,2,2,0.452368842423,-5.55111512313e-17,True,19,0,1993-02-08,0.0443198324494,0,1,0
ZR,1993-10,0.469311114655,1993-09-30,12542,1993-10-29,18428.1,0,2,0.469311114655,-5.55111512313e-17,True,21,0,1993-10-04,0.0612274678771,0,0,0
ZN,1994-01,0.356048039694,1993-12-30,16206.681,1994-01-31,21977.038,1,0,0.356048039694,-5.55111512313e-17,True,21,0,1994-01-05,0.0646639356908,0,0,0
KC,1994-05,0.407808064383,1994-04-29,725.66,1994-05-31,1021.59,1,0,0.407808064383,-5.55111512313e-17,True,21,1,1994-05-16,0.106739297288,0,1,0
KC,1994-06,0.531651641069,1994-05-31,1021.59,1994-06-30,1564.72,0,0,0.531651641069,0,True,22,2,1994-06-27,0.261513755329,0,0,0
ZN,1995-12,0.385557732193,1995-11-30,6779.06,1995-12-29,9392.779,0,2,0.385557732193,-5.55111512313e-17,True,20,3,1995-12-27,0.162074594579,0,1,0
KC,1996-01,0.355110900088,1995-12-29,737.15,1996-01-31,998.92,2,0,0.355110900088,-5.55111512313e-17,True,20,0,1996-01-31,0.0757037324202,0,2,0
KC,1997-02,0.303146914191,1997-01-31,1374.68,1997-02-28,1791.41,0,0,0.303146914191,0,True,19,0,1997-02-26,0.0588032534091,0,1,0
KC,1997-05,0.313685819045,1997-04-30,2342.79,1997-05-30,3077.69,0,1,0.313685819045,0,True,21,1,1997-05-30,-0.121982044179,0,1,0
KC,1997-06,-0.309056468,1997-05-30,3077.69,1997-06-30,2126.51,1,0,-0.309056467675,-3.24568150134e-10,True,21,1,1997-06-10,-0.139557805764,0,0,0
HS,1998-10,0.348283445156,1998-09-30,5711.44,1998-10-30,7700.64,0,1,0.348283445156,-5.55111512313e-17,True,18,0,1998-10-16,0.0867872259476,0,3,0
ZB,1999-03,0.360131640809,1999-02-26,21.27,1999-03-31,28.93,2,0,0.360131640809,0,True,23,0,1999-03-17,0.0478507704785,0,0,0
ZU,1999-03,0.367650092841,1999-02-26,48.47,1999-03-31,66.29,2,0,0.367650092841,-5.55111512313e-17,True,23,0,1999-03-10,0.0606836044599,0,0,0
KC,1999-11,0.303172634855,1999-10-29,1709.62,1999-11-30,2227.93,2,0,0.303172634855,-5.55111512313e-17,True,20,3,1999-11-30,0.135864466922,0,1,0
ZA,2000-02,0.477477733023,2000-01-31,705.08,2000-02-29,1041.74,0,0,0.477477733023,-5.55111512313e-17,True,20,2,2000-02-22,0.164769775216,0,1,0
ZN,2000-05,0.376966450415,2000-04-28,5568.981,2000-05-31,7668.3,2,0,0.376966450415,-5.55111512313e-17,True,22,0,2000-05-17,0.0679136258808,0,1,0
ZN,2000-11,0.47090624975,2000-10-31,7628.769,2000-11-30,11221.204,0,0,0.47090624975,0,True,20,0,2000-11-16,-0.0710961160897,0,1,0
ZN,2000-12,0.499308986807,2000-11-30,11221.204,2000-12-29,16824.052,0,2,0.499308986807,-5.55111512313e-17,True,20,4,2000-12-06,0.149106190366,0,1,0
CC,2001-01,0.345605701,2000-12-29,842,2001-01-31,1133,2,0,0.345605700713,2.87410983901e-10,True,21,0,2001-01-17,0.0869565217391,0,2,0
ZN,2001-01,-0.386091472,2000-12-29,16824.052,2001-01-31,10328.429,2,0,-0.3860914719,-1.00127184322e-10,True,21,3,2001-01-02,-0.144347865782,0,2,0
ZN,2001-10,0.307810762469,2001-09-28,3192.39,2001-10-31,4175.042,2,0,0.307810762469,0,True,23,0,2001-10-24,0.0804087756069,0,0,0
CC,2001-11,0.310909090909,2001-10-31,1100,2001-11-30,1442,0,0,0.310909090909,0,True,20,0,2001-11-08,0.0578291814947,0,1,0
ZN,2002-03,0.374075095363,2002-02-28,2654.598,2002-03-28,3647.617,0,3,0.374075095363,-5.55111512313e-17,True,20,1,2002-03-21,0.100666955342,0,1,0
ZO,2002-05,0.350326212102,2002-04-30,156.34,2002-05-31,211.11,0,0,0.350326212102,-5.55111512313e-17,True,22,0,2002-05-15,0.0800848250483,0,1,0
ZZ,2002-09,0.320941892931,2002-08-30,185.881,2002-09-30,245.538,1,0,0.320941892931,-5.55111512313e-17,True,20,0,2002-09-10,0.0614443321801,0,1,0
ZN,2003-02,0.498325051515,2003-01-31,4959.257,2003-02-28,7430.579,0,0,0.498325051515,-5.55111512313e-17,True,19,3,2003-02-24,0.206394257806,0,1,0
ZN,2003-03,-0.374809958,2003-02-28,7430.579,2003-03-31,4645.524,0,0,-0.374809957609,-3.91043919468e-10,True,21,1,2003-03-03,-0.115911559516,0,0,0
DA,2004-03,0.361924686192,2004-02-27,9.56,2004-03-31,13.02,2,0,0.361924686192,-5.55111512313e-17,True,23,0,2004-03-10,0.0412979351032,0,0,0
DA,2004-11,0.312780989082,2004-10-29,15.57,2004-11-30,20.44,2,0,0.312780989082,-5.55111512313e-17,True,20,0,2004-11-18,0.0508474576271,0,1,0
ZB,2005-08,0.351213449336,2005-07-29,152.87,2005-08-31,206.56,2,0,0.351213449336,-5.55111512313e-17,True,23,1,2005-08-30,0.115755093003,0,0,0
ZN,2005-08,0.450589377398,2005-07-29,3338.523,2005-08-31,4842.826,2,0,0.450589377398,0,True,23,1,2005-08-29,0.135937248991,0,0,0
ZK,2006-04,0.319718699137,2006-03-31,325.63,2006-04-28,429.74,0,2,0.319718699137,0,True,19,0,2006-04-25,0.06111340607,0,1,0
ZN,2006-07,0.305234730639,2006-06-30,1849.226,2006-07-31,2413.674,0,0,0.305234730639,-5.55111512313e-17,True,19,1,2006-07-31,0.142956584987,0,1,0
EC,2008-01,0.0138883378518,2007-12-31,90.738,2008-01-31,91.9982,0,0,0.0138883378518,-7.2858385991e-17,True,21,1,2008-01-22,0.0047143658571,0,2,0
MW,2008-01,0.32496889424,2007-12-31,1245.75,2008-01-31,1650.58,0,0,0.32496889424,0,True,21,0,2008-01-11,0.0290526281876,0,2,0
MW,2008-02,0.41195216227,2008-01-31,1650.58,2008-02-29,2330.54,0,0,0.41195216227,-5.55111512313e-17,True,20,0,2008-02-26,0.0790277760825,0,1,0
ZA,2008-02,0.450475825,2008-01-31,468.66,2008-02-29,679.78,0,0,0.450475824692,3.08325975862e-10,True,20,1,2008-02-19,0.105381834445,0,1,0
ZN,2008-07,-0.321461412,2008-06-30,1585.562,2008-07-31,1075.865,0,0,-0.32146141242,4.2032788361e-10,True,22,0,2008-07-17,-0.0755396879463,0,1,0
ZA,2008-09,-0.339315855,2008-08-29,355.48,2008-09-30,234.86,2,0,-0.339315854619,-3.8089348342e-10,True,22,0,2008-09-09,-0.0847474156427,0,0,0
ZP,2008-09,-0.315306867,2008-08-29,1919.4,2008-09-30,1314.2,2,0,-0.315306866729,-2.70813815817e-10,True,22,0,2008-09-16,-0.0915929787515,0,0,0
CN,2008-10,-0.116899434,2008-09-30,96.305,2008-10-31,85.047,0,0,-0.11689943409,8.9611235099e-11,True,23,3,2008-10-29,0.0525251759473,0,0,0
EC,2008-10,0.0125332682292,2008-09-30,91.3409,2008-10-31,92.4857,0,0,0.0125332682292,-3.64291929955e-17,True,23,1,2008-10-06,0.00345670878565,0,0,0
MP,2008-10,-0.149001467,2008-09-30,0.044315,2008-10-31,0.037712,0,0,-0.149001466772,-2.28026653115e-10,True,22,2,2008-10-06,-0.0544301444966,0,1,0
SS,2008-10,0.0176902644399,2008-09-30,92.989,2008-10-31,94.634,0,0,0.0176902644399,-7.6327832943e-17,True,23,2,2008-10-01,0.00297884696039,0,0,0
ZB,2008-10,-0.397033593,2008-09-30,180.69,2008-10-31,108.95,0,0,-0.397033593447,4.47340664511e-10,True,23,1,2008-10-10,-0.108628556092,0,0,0
ZK,2008-10,-0.364706189,2008-09-30,383.24,2008-10-31,243.47,0,0,-0.364706189333,3.3305497249e-10,True,23,2,2008-10-29,0.123489227535,0,0,0
ZU,2008-10,-0.328720581,2008-09-30,403.23,2008-10-31,270.68,0,0,-0.328720581306,3.05954372948e-10,True,23,1,2008-10-10,-0.102669049403,0,0,0
SS,2008-11,0.009288416,2008-10-31,94.634,2008-11-28,95.513,0,2,0.00928841642539,-4.25386358083e-10,True,20,3,2008-11-06,0.00459233765822,0,0,0
SS,2008-12,0.007402134,2008-11-28,95.513,2008-12-31,96.22,2,0,0.00740213374096,2.59043337995e-10,True,21,1,2008-12-17,0.00306687668861,0,1,0
CN,2009-05,0.090539818,2009-04-30,84.195,2009-05-29,91.818,0,2,0.090539818279,-2.78995160308e-10,True,20,0,2009-05-29,0.0224835465874,0,1,0
ZB,2009-05,0.302816085294,2009-04-30,86.29,2009-05-29,112.42,0,2,0.302816085294,0,True,20,0,2009-05-04,0.0452255681182,0,1,0
SB,2009-08,0.310810810811,2009-07-31,24.42,2009-08-31,32.01,0,0,0.310810810811,-5.55111512313e-17,True,21,0,2009-08-10,0.0571219333577,0,0,0
ZO,2010-06,0.307365792759,2010-05-28,120.15,2010-06-30,157.08,3,0,0.307365792759,0,True,22,0,2010-06-14,0.086974789916,0,0,0
MW,2010-07,0.342601170559,2010-06-30,917.51,2010-07-30,1231.85,0,1,0.342601170559,-5.55111512313e-17,True,21,0,2010-07-15,0.0501493280239,0,1,0
ZW,2010-07,0.37740762,2010-06-30,2127.62,2010-07-30,2930.6,0,1,0.377407619782,2.18272011576e-10,True,21,0,2010-07-15,0.0666343630123,0,1,0
KC,2014-02,0.416719070976,2014-01-31,238.53,2014-02-28,337.93,0,0,0.416719070976,-5.55111512313e-17,True,19,1,2014-02-19,0.114633221927,0,1,0
ZM,2014-10,0.301453287197,2014-09-30,216.75,2014-10-31,282.09,0,0,0.301453287197,-5.55111512313e-17,True,23,0,2014-10-27,0.0759598346131,0,0,0
