ID,month,current_month_rows,previous_price_date,previous_endpoint_age_days,current_price_date,current_endpoint_age_days,both_months_have_prices,endpoint_older_than_three_days
SS,1991-12,16,1991-11-29,1,1991-12-23,8,True,True
SS,1992-01,22,1991-12-23,8,1992-01-31,0,True,True
SS,1992-12,17,1992-11-30,0,1992-12-23,8,True,True
SS,1993-01,20,1992-12-23,8,1993-01-29,2,True,True
SS,1993-12,17,1993-11-30,0,1993-12-23,8,True,True
SS,1994-01,20,1993-12-23,8,1994-01-31,0,True,True
SS,1994-12,16,1994-11-30,0,1994-12-22,9,True,True
SS,1995-01,21,1994-12-22,9,1995-01-31,0,True,True
SS,1995-12,15,1995-11-30,0,1995-12-21,10,True,True
SS,1996-01,22,1995-12-21,10,1996-01-31,0,True,True
SS,1996-12,16,1996-11-29,1,1996-12-23,8,True,True
SS,1997-01,22,1996-12-23,8,1997-01-31,0,True,True
DT,1997-03,19,1997-02-28,0,1997-03-27,4,True,True
GS,1997-03,19,1997-02-28,0,1997-03-27,4,True,True
LX,1997-03,19,1997-02-28,0,1997-03-27,4,True,True
SS,1997-03,19,1997-02-28,0,1997-03-27,4,True,True
DT,1997-04,22,1997-03-27,4,1997-04-30,0,True,True
GS,1997-04,22,1997-03-27,4,1997-04-30,0,True,True
LX,1997-04,22,1997-03-27,4,1997-04-30,0,True,True
SS,1997-04,22,1997-03-27,4,1997-04-30,0,True,True
SS,1997-12,17,1997-11-28,2,1997-12-23,8,True,True
SS,1998-01,20,1997-12-23,8,1998-01-30,1,True,True
SS,1998-12,17,1998-11-30,0,1998-12-23,8,True,True
SS,1999-01,19,1998-12-23,8,1999-01-29,2,True,True
HS,2006-01,19,2005-12-30,1,2006-01-27,4,True,True
HS,2006-02,20,2006-01-27,4,2006-02-28,0,True,True
