path,sha256
data/raw/futures_underlying/AN.csv,1b471e12840a29ac0da241ec2cd1e7a6b992ecd46f5f89c321a63a450a19b095
data/raw/futures_underlying/AP.csv,6d07e004ad384166d6e2886e038c4b5ba3e95f69d2fa9c184e651176712e2729
data/raw/futures_underlying/AX.csv,588cf4d78e6f87cff2d33bc7db814702061345aa4e43472849420d7480557515
data/raw/futures_underlying/BN.csv,dde1a88f2be9bd31e8b6a748c3f042bf85d5d11918e7a9b465acc4f2e88db54a
data/raw/futures_underlying/CA.csv,c426fa66510ddaa2af0a0c11c2aa25c57b05f91369becdcb811142cb80cb1641
data/raw/futures_underlying/CB.csv,4b252a7c795a8f5a94f084c3c700f602befc1dc71afd7a6c5cc6b2fdffb37379
data/raw/futures_underlying/CC.csv,f262373fea0fa5b1c6e9225000bfa1b8d140990cbaf4efe16982f9180e01e469
data/raw/futures_underlying/CN.csv,ac8cf132940e7fd24e2b6c690ab563ab1ec04f8e1d0d862077c0a305cff7d8df
data/raw/futures_underlying/CT.csv,2f3b1aadcd4f4782e741b28f49d717ed342670eb2a03f104469d49ff14c3a73e
data/raw/futures_underlying/DA.csv,f6f0d2fe3c66cf5061e69bc6476257c34d57b271641906dc7b48a377efea36f2
data/raw/futures_underlying/DT.csv,1af195bf72232a49c06be1d1771fd86c33e2161fee07c79f34b53dda76cfe8e6
data/raw/futures_underlying/EC.csv,8be8ea2147b41d0e0c3ae01fac6a80212b42d722a04bb184942eaee3a604cbbe
data/raw/futures_underlying/EN.csv,30a31a2029cc10dcdbbd64a1e2af7325238268639fe4921e22f1b3fe9914d5d0
data/raw/futures_underlying/ER.csv,a077033345b2113885490327e59cc25829c6774514a6f734165697995d95c20f
data/raw/futures_underlying/ES.csv,5da209f5307e9c4967004b01ff55adc25cb7f6e36c683a65206fd8c1f21e18f6
data/raw/futures_underlying/FB.csv,c3c6c0051b19488c8fb4f093add6903bf0b7d251709fd11132c3f0d7d0aa57f0
data/raw/futures_underlying/FN.csv,ffbc7c50237d73edfcbac42cc667fe4e775cde3df66955f9775713f962ea2e7d
data/raw/futures_underlying/GS.csv,4bce63573851fafe3b79375b42056e051b150bea6c86ed8c77a363783b3683ac
data/raw/futures_underlying/HS.csv,68a3c10925b45be2d4268bcdcfefd3265d90c702787804ee845de108c41c4eac
data/raw/futures_underlying/JN.csv,77dfc27c43477d4dcb353a6720b0ec0030036bc5f3acdf73cad5489ef4581e60
data/raw/futures_underlying/JO.csv,e38f41831c243f32bd27e19e08024aa79a4a9155fd165f3a0b2df617e5256680
data/raw/futures_underlying/KC.csv,19afcfd94e32ae2ea14600e937e7c0025c030795e5a48f891fdef06d86fbd2bf
data/raw/futures_underlying/LB.csv,2369d07ac7c6720805089e6ab1196ceb36a6cac7b0c36b093ad1c591dc6263ee
data/raw/futures_underlying/LX.csv,175b19464182cf72484fbc98a12170b9458931c8e3cf1742db8cec32aa6e4ac0
data/raw/futures_underlying/MD.csv,bac8ca9554aaef2b98c6a3bbbe618e2a26f899091dbea6c72403b3ebdcb6d091
data/raw/futures_underlying/MP.csv,06ada9868c000df3eee23e5b0418a7d4af08c1184f1f3cd5290c3c4e55ed2f8d
data/raw/futures_underlying/MW.csv,e0d54fc163d45112b4fa23b7bc90f7265f53a9b2205997846131d0f54384383f
data/raw/futures_underlying/ND.csv,c760a9c9bdcdcfde8fb2085811d1b75b106e99bb327dfcf348fe902e1d49381b
data/raw/futures_underlying/NK.csv,1120130529edf88c82fef0ae0575f054f2bee0bc3db3ede55fdb4e97bfacc510
data/raw/futures_underlying/RL.csv,3632546f882477ef290ad43b497423f72952d8cff7a6b37d94fac69713b0964d
data/raw/futures_underlying/SB.csv,f2b3d4dee566bcb92210d757fcc93dddddefeaa00d0a0d1430d0dddb5832eb1a
data/raw/futures_underlying/SC.csv,895372a4f08e67e721eb66868b422c7db929781b47e225ca36ff3c2f926f8292
data/raw/futures_underlying/SN.csv,921ab8635902500da416db7728d8f4206abe388ceaa7f1af7da54e117ab6bc5b
data/raw/futures_underlying/SP.csv,fa2972a866335269d04032bff02bb6b60b80cc0b48f4cec6117e9dcb7bebe6f5
data/raw/futures_underlying/SS.csv,2252d5403f6fbffc0446b4cd0f035a2dfe1c8dabf2308603c455e094606f9f45
data/raw/futures_underlying/TU.csv,afbcb02f4e3b17478274b1ca20f593b8a1807a9ac80fce3604242656f4c492b3
data/raw/futures_underlying/TY.csv,80e78f0ab07435c5846d1c136af70cab12ca6ed4a9b74b4134a791e7eca51182
data/raw/futures_underlying/UB.csv,3b91b07539b58377204d2917d00978bd6d7a669cc2525a711aca87e71f3e6028
data/raw/futures_underlying/US.csv,07cba9ad8ff7cce9a551327beff0d4e516bd47bdbab415872f829aa4982fc8c2
data/raw/futures_underlying/UZ.csv,336036aa23bd449d50cdd1426249179c21765b9a344f7e8d560f047db0d08fb9
data/raw/futures_underlying/XU.csv,c14d9974d6f73ecc86d86a467abbb4c5a6e9541f82892dfb2ea6d78897b3fbbe
data/raw/futures_underlying/XX.csv,55fab8694c8f424546a878b99c2a573f247fb6342ca79526452b08776d078f94
data/raw/futures_underlying/YM.csv,0b76c8fef60bc56e5fc14178d51eabf42793f47e4b312eac2e99d0c187231364
data/raw/futures_underlying/ZA.csv,b380c2f0fda361b60f1a3dfaf8ff76c00f85541c04e982e19a34e4f5ad9974d8
data/raw/futures_underlying/ZB.csv,8460a64a4c11482400fefacc62c44fa2dcd358dabc16525eb41d926d57a8e06e
data/raw/futures_underlying/ZC.csv,529ba5b4db2fc0ba17bd942a31305afd40542aaa61d91c1bf20d99115b64bb27
data/raw/futures_underlying/ZD.csv,6e8f2a3917c584e8803ab2ab43c8d5a6200adb95ab3dfd5e133b5cd90f8520c7
data/raw/futures_underlying/ZF.csv,a1ca34a3919313697db72d675b5006f4e894cfca1e4c5b9d7b82e9d1aad017f9
data/raw/futures_underlying/ZG.csv,e3fc0b63f91b94685cafc87dc710846f605966d8113c0b7574b956e15dca9d42
data/raw/futures_underlying/ZI.csv,c55251642dc99026591460e3fc1689629b2bac23d271bf59338d14e5dea7cb48
data/raw/futures_underlying/ZK.csv,3d223be09095ce9733aca6bc9ea92f6a716f5acc821ce3e44a7f95ed594bce57
data/raw/futures_underlying/ZL.csv,641a81b54da2b8ecae39297155b088fa70fab624cfd64cf6e7268417ed96d857
data/raw/futures_underlying/ZM.csv,cc6eb23b6bb42243fb535d4dc23c9a50871ae0ba3041988e258bb4ac9d9190f2
data/raw/futures_underlying/ZN.csv,839446c8ae49619120ae1675ebe3387c903a90bac097952267ed616240de3f45
data/raw/futures_underlying/ZO.csv,203bf6754c33a7312d7724c4e23dad8ef6d73adbd5970e78cc82b58be66f745b
data/raw/futures_underlying/ZP.csv,11c9d63667b04bcb8d43c5c73447ddd6056a2b140ea05c26409ce42b7ecae48a
data/raw/futures_underlying/ZR.csv,283bd9da16750e0a493dae26fe05bac0b036a78ace6d86deea3e45bfa183a2ac
data/raw/futures_underlying/ZS.csv,21b7cd792ebbcd8525418cd79de995b8be2752e550924d41d4a9e34754cec608
data/raw/futures_underlying/ZT.csv,1a0945faf5cbc89f8155f62928d807343f59685aef6a23753473a656673954b8
data/raw/futures_underlying/ZU.csv,fd6898c7f2887742e606df3a10345b4f93b766e9c0eee6669abcbed7350044ce
data/raw/futures_underlying/ZW.csv,97e51a963fef3df980ed247546e1b9b1e437a52a25baafe643fc7f1227f8a4f3
data/raw/futures_underlying/ZZ.csv,cc9656d3ffa8867948f7c5c8983a9b8d02a49fa5eb8bad07f7eb54b927e4db9a
data/raw/MonthlyReturns.csv,fa0861aad89813cf1c91960aab0b95021eb76e4d15297b1d83f572f9bf29bd9d
data/raw/AssetMapCsv.csv,d123e85848edd5385c65d2080d8d2b27808c8ef2e3804e65053d8c79c4199fdb
