ID,start,end,observations,unchanged_transitions,calendar_days,close,zero_volume_rows,positive_volume_rows,identical_ohlc,all_flat_bars,identical_all_fields
EC,2014-04-09,2014-04-30,15,14,21,95.6827,0,15,False,False,False
EC,2014-10-20,2014-11-07,15,14,18,95.7067,0,15,False,False,False
DA,1997-09-11,1997-09-26,12,11,15,11.58,0,12,False,False,False
EC,2013-10-22,2013-11-06,12,11,15,95.6419,0,12,False,False,False
EC,2014-07-14,2014-07-29,12,11,15,95.6875,0,12,False,False,False
EC,2013-04-29,2013-05-13,11,10,14,95.5508,0,11,False,False,False
EC,2004-01-13,2004-01-27,10,9,14,92.079,0,10,False,False,False
EC,2013-07-31,2013-08-13,10,9,13,95.57,0,10,False,False,False
EC,2014-02-14,2014-02-28,10,9,14,95.6683,0,10,False,False,False
EC,2014-06-19,2014-07-02,10,9,13,95.6827,0,10,False,False,False
EC,2007-01-29,2007-02-08,9,8,10,90.7846,0,9,False,False,False
EC,2010-01-25,2010-02-04,9,8,10,94.5332,0,9,False,False,False
EC,2012-04-25,2012-05-07,9,8,12,95.2611,0,9,False,False,False
EC,2014-08-05,2014-08-15,9,8,10,95.6875,0,9,False,False,False
EC,2014-09-12,2014-09-24,9,8,12,95.6923,0,9,False,False,False
SS,2013-08-16,2013-08-29,9,8,13,98.05,0,9,False,False,False
EC,1998-07-14,1998-07-23,8,7,9,86.1633,0,8,False,False,False
EC,2013-02-13,2013-02-25,8,7,12,95.5173,0,8,False,False,False
EC,2014-03-11,2014-03-20,8,7,9,95.6587,0,8,False,False,False
EC,1999-04-20,1999-04-28,7,6,8,86.4717,0,7,False,False,False
EC,2013-07-17,2013-07-25,7,6,8,95.5604,0,7,False,False,False
EC,2014-05-01,2014-05-09,7,6,8,95.6875,0,7,False,False,False
FN,1975-03-17,1975-03-25,7,6,8,171.283,0,7,False,False,False
FN,1975-05-28,1975-06-05,7,6,8,170.694,0,7,True,True,False
SS,2004-08-18,2004-08-26,7,6,8,95.165,0,7,False,False,False
EC,1992-07-17,1992-07-24,6,5,7,84.7686,0,6,False,False,False
EC,1996-02-02,1996-02-09,6,5,7,85.9558,0,6,False,False,False
EC,1996-11-04,1996-11-11,6,5,7,85.9208,0,6,False,False,False
EC,2011-02-09,2011-02-16,6,5,7,94.9811,0,6,False,False,False
EC,2014-03-03,2014-03-10,6,5,7,95.6635,0,6,False,False,False
EC,2014-08-21,2014-08-28,6,5,7,95.6875,0,6,False,False,False
EC,2014-10-08,2014-10-15,6,5,7,95.7115,0,6,False,False,False
FN,1975-02-26,1975-03-05,6,5,7,174.422,0,6,True,True,False
FN,1975-06-06,1975-06-13,6,5,7,169.909,0,6,True,True,False
SS,2005-11-21,2005-11-28,6,5,7,95.337,2,4,False,False,False
SS,2011-05-31,2011-06-07,6,5,7,97.813,0,6,False,False,False
SS,2014-03-05,2014-03-12,6,5,7,98.129,0,6,False,False,False
ZO,2005-05-02,2005-05-09,6,5,7,218.91,0,6,False,False,False
DA,1997-11-06,1997-11-12,5,4,6,11.98,0,5,False,False,False
EC,1991-05-22,1991-05-29,5,4,7,81.6899,0,5,False,False,False
EC,1993-10-25,1993-10-29,5,4,4,85.3758,0,5,False,False,False
EC,1993-12-22,1993-12-29,5,4,7,85.4733,0,5,False,False,False
EC,1996-05-16,1996-05-22,5,4,6,85.5664,0,5,False,False,False
EC,1996-07-22,1996-07-26,5,4,4,85.4576,0,5,False,False,False
EC,1996-08-02,1996-08-08,5,4,6,85.6571,0,5,False,False,False
EC,1996-12-19,1996-12-26,5,4,7,85.9026,0,5,False,False,False
EC,1997-01-02,1997-01-08,5,4,6,85.8389,0,5,False,False,False
EC,1997-02-14,1997-02-21,5,4,7,85.9572,0,5,False,False,False
EC,1999-04-08,1999-04-14,5,4,6,86.4945,0,5,False,False,False
EC,2000-10-03,2000-10-10,5,4,7,86.2351,0,5,False,False,False
EC,2002-02-19,2002-02-25,5,4,6,90.5404,0,5,False,False,False
EC,2003-09-17,2003-09-23,5,4,6,91.9579,0,5,False,False,False
EC,2004-03-17,2004-03-23,5,4,6,92.1932,0,5,False,False,False
EC,2005-08-08,2005-08-12,5,4,4,91.3879,0,5,False,False,False
EC,2005-10-14,2005-10-20,5,4,6,91.2661,0,5,False,False,False
EC,2007-01-11,2007-01-18,5,4,7,90.799,0,5,False,False,False
EC,2007-07-10,2007-07-16,5,4,6,90.7223,0,5,False,False,False
EC,2009-10-28,2009-11-03,5,4,6,94.4385,0,5,False,False,False
EC,2011-05-11,2011-05-17,5,4,6,95.1075,0,5,False,False,False
EC,2012-06-08,2012-06-14,5,4,6,95.285,0,5,False,False,False
EC,2012-11-07,2012-11-13,5,4,6,95.5005,0,5,False,False,False
EC,2013-01-02,2013-01-08,5,4,6,95.5173,0,5,False,False,False
EC,2013-02-01,2013-02-07,5,4,6,95.5125,0,5,False,False,False
EC,2013-05-20,2013-05-24,5,4,4,95.5508,0,5,False,False,False
EC,2013-09-09,2013-09-13,5,4,4,95.5988,0,5,False,False,False
EC,2014-01-03,2014-01-09,5,4,6,95.6395,0,5,False,False,False
EC,2014-05-12,2014-05-16,5,4,4,95.6923,0,5,False,False,False
EC,2014-05-23,2014-05-30,5,4,7,95.6827,0,5,False,False,False
EC,2014-06-12,2014-06-18,5,4,6,95.6779,0,5,False,False,False
EC,2014-07-07,2014-07-11,5,4,4,95.6827,0,5,False,False,False
EC,2014-11-17,2014-11-21,5,4,4,95.7091,0,5,False,False,False
EC,2014-12-15,2014-12-19,5,4,4,95.6755,0,5,False,False,False
FN,1975-04-22,1975-04-28,5,4,6,167.241,0,5,True,True,False
SS,2003-07-24,2003-07-30,5,4,6,95.541,0,5,False,False,False
SS,2005-10-25,2005-10-31,5,4,6,95.357,0,5,False,False,False
SS,2006-05-24,2006-05-30,5,4,6,95.187,2,3,False,False,False
SS,2006-10-23,2006-10-27,5,4,4,94.867,0,5,False,False,False
SS,2006-11-23,2006-11-29,5,4,6,94.887,1,4,False,False,False
SS,2007-03-22,2007-03-28,5,4,6,94.566,0,5,False,False,False
SS,2010-08-12,2010-08-18,5,4,6,97.497,0,5,False,False,False
SS,2010-09-13,2010-09-17,5,4,4,97.487,0,5,False,False,False
SS,2012-12-10,2012-12-14,5,4,4,98.129,0,5,False,False,False
SS,2013-11-15,2013-11-21,5,4,6,98.075,0,5,False,False,False
SS,2014-04-03,2014-04-09,5,4,6,98.144,0,5,False,False,False
SS,2014-10-30,2014-11-05,5,4,6,98.287,0,5,False,False,False
SS,2014-11-12,2014-11-18,5,4,6,98.297,0,5,False,False,False
ZO,1988-02-16,1988-02-22,5,4,6,1344.21,0,5,False,False,False
ZO,1993-09-30,1993-10-06,5,4,6,308.85,0,5,False,False,False
ZO,2000-10-23,2000-10-27,5,4,4,111.83,0,5,False,False,False
AN,1991-02-15,1991-02-21,4,3,6,48.23,0,4,False,False,False
BN,1978-04-05,1978-04-10,4,3,5,114.66,0,4,False,False,False
DA,1997-09-30,1997-10-03,4,3,3,11.61,0,4,True,True,False
DA,1998-04-27,1998-04-30,4,3,3,12.93,0,4,False,False,False
DA,2000-03-20,2000-03-23,4,3,3,19.45,0,4,False,False,False
DA,2000-04-27,2000-05-02,4,3,5,18.71,0,4,False,False,False
DA,2000-12-28,2001-01-03,4,3,6,12.54,0,4,False,False,False
DA,2002-10-22,2002-10-25,4,3,3,8.65,0,4,False,False,False
DA,2002-11-05,2002-11-08,4,3,3,8.57,0,4,False,False,False
DA,2002-11-22,2002-11-27,4,3,5,8.83,0,4,False,False,False
DA,2003-04-21,2003-04-24,4,3,3,7.3,0,4,False,False,False
EC,1988-04-18,1988-04-21,4,3,3,80.7234,0,4,False,False,False
EC,1988-09-30,1988-10-05,4,3,5,80.5239,0,4,False,False,False
EC,1988-10-27,1988-11-01,4,3,5,80.6916,0,4,False,False,False
EC,1990-11-12,1990-11-15,4,3,3,80.5851,0,4,False,False,False
EC,1991-05-15,1991-05-20,4,3,5,81.6551,0,4,False,False,False
EC,1993-05-03,1993-05-06,4,3,3,85.2431,0,4,False,False,False
EC,1993-08-13,1993-08-18,4,3,5,85.3051,0,4,False,False,False
EC,1993-12-10,1993-12-15,4,3,5,85.429,0,4,False,False,False
EC,1994-01-24,1994-01-27,4,3,3,85.6061,0,4,False,False,False
EC,1995-08-04,1995-08-09,4,3,5,85.7107,0,4,False,False,False
EC,1995-10-09,1995-10-12,4,3,3,85.7472,0,4,False,False,False
EC,1995-11-16,1995-11-21,4,3,5,85.7836,0,4,False,False,False
EC,1995-12-29,1996-01-04,4,3,6,85.838,0,4,False,False,False
EC,1996-04-24,1996-04-29,4,3,5,85.5936,0,4,False,False,False
EC,1996-10-11,1996-10-16,4,3,5,85.8026,0,4,False,False,False
EC,1996-11-14,1996-11-19,4,3,5,85.939,0,4,False,False,False
EC,1997-01-17,1997-01-23,4,3,6,85.8389,0,4,False,False,False
EC,1997-02-03,1997-02-06,4,3,3,85.8753,0,4,False,False,False
EC,1997-07-16,1997-07-21,4,3,5,85.9941,0,4,False,False,False
EC,1997-09-04,1997-09-09,4,3,5,86.0306,0,4,False,False,False
EC,1998-02-09,1998-02-12,4,3,3,86.2546,0,4,False,False,False
EC,1998-06-19,1998-06-24,4,3,5,86.1588,0,4,False,False,False
EC,1998-07-07,1998-07-10,4,3,3,86.1725,0,4,False,False,False
EC,1999-05-07,1999-05-12,4,3,5,86.449,0,4,False,False,False
EC,1999-09-20,1999-09-23,4,3,3,86.125,0,4,False,False,False
EC,2001-08-02,2001-08-07,4,3,5,88.7711,0,4,False,False,False
EC,2003-04-16,2003-04-22,4,3,6,91.8438,0,4,False,False,False
EC,2003-07-15,2003-07-18,4,3,3,91.9275,0,4,False,False,False
EC,2003-10-30,2003-11-04,4,3,5,91.9486,0,4,False,False,False
EC,2003-11-06,2003-11-12,4,3,6,91.9346,0,4,False,False,False
EC,2003-12-26,2003-12-31,4,3,5,92.0184,0,4,False,False,False
EC,2004-12-27,2004-12-30,4,3,3,91.6918,0,4,False,False,False
EC,2005-01-10,2005-01-13,4,3,3,91.6446,0,4,False,False,False
EC,2005-07-25,2005-07-28,4,3,3,91.426,0,4,False,False,False
EC,2005-08-01,2005-08-04,4,3,3,91.4069,0,4,False,False,False
EC,2006-01-19,2006-01-24,4,3,5,91.2041,0,4,False,False,False
EC,2007-01-23,2007-01-26,4,3,3,90.7894,0,4,False,False,False
EC,2007-02-09,2007-02-14,4,3,5,90.7894,0,4,False,False,False
EC,2007-02-15,2007-02-21,4,3,6,90.7942,0,4,False,False,False
EC,2009-11-11,2009-11-16,4,3,5,94.4764,0,4,False,False,False
EC,2010-10-08,2010-10-13,4,3,5,94.9073,0,4,False,False,False
EC,2010-12-21,2010-12-27,4,3,6,94.9049,0,4,False,False,False
EC,2011-01-21,2011-01-26,4,3,5,94.9669,0,4,False,False,False
EC,2011-03-22,2011-03-25,4,3,3,94.9978,0,4,False,False,False
EC,2011-06-02,2011-06-07,4,3,5,95.0908,0,4,False,False,False
EC,2012-01-18,2012-01-23,4,3,5,95.2084,0,4,False,False,False
EC,2012-08-02,2012-08-07,4,3,5,95.4143,0,4,False,False,False
EC,2012-08-15,2012-08-20,4,3,5,95.3952,0,4,False,False,False
EC,2012-12-12,2012-12-17,4,3,5,95.5221,0,4,False,False,False
EC,2013-01-09,2013-01-14,4,3,5,95.5221,0,4,False,False,False
EC,2013-03-06,2013-03-11,4,3,5,95.5365,0,4,False,False,False
EC,2013-04-05,2013-04-10,4,3,5,95.5269,0,4,False,False,False
EC,2013-04-11,2013-04-16,4,3,5,95.5317,0,4,False,False,False
EC,2013-05-14,2013-05-17,4,3,3,95.5484,0,4,False,False,False
EC,2013-06-07,2013-06-12,4,3,5,95.5413,0,4,False,False,False
EC,2013-10-01,2013-10-04,4,3,3,95.6132,0,4,False,False,False
EC,2013-11-20,2013-11-25,4,3,5,95.6539,0,4,False,False,False
EC,2013-12-27,2014-01-02,4,3,6,95.6299,0,4,False,False,False
EC,2014-01-27,2014-01-30,4,3,3,95.6491,0,4,False,False,False
EC,2014-02-05,2014-02-10,4,3,5,95.6587,0,4,False,False,False
EC,2014-03-26,2014-03-31,4,3,5,95.6683,0,4,False,False,False
EC,2014-04-01,2014-04-04,4,3,3,95.6731,0,4,False,False,False
EC,2014-07-30,2014-08-04,4,3,5,95.6827,0,4,False,False,False
EC,2014-08-29,2014-09-04,4,3,6,95.6923,0,4,False,False,False
EC,2014-11-11,2014-11-14,4,3,3,95.7067,0,4,False,False,False
EC,2014-12-24,2014-12-30,4,3,6,95.6803,0,4,False,False,False
FN,1975-02-20,1975-02-25,4,3,5,173.362,0,4,False,False,False
FN,1975-06-23,1975-06-26,4,3,3,169.909,0,4,True,True,False
FN,2003-08-22,2003-08-27,4,3,5,133.784,0,4,False,False,False
MW,1982-12-21,1982-12-27,4,3,6,529.97,0,4,False,False,False
SB,1998-01-28,1998-02-02,4,3,5,24.95,0,4,False,False,False
SS,1996-06-21,1996-06-26,4,3,5,92.623,0,4,False,False,False
SS,1996-08-27,1996-08-30,4,3,3,92.652,0,4,False,False,False
SS,1996-09-09,1996-09-12,4,3,3,92.574,0,4,False,False,False
SS,1999-05-27,1999-06-02,4,3,6,92.619,0,4,False,False,False
SS,2000-12-20,2000-12-27,4,3,7,93.324,0,4,False,False,False
SS,2004-04-27,2004-04-30,4,3,3,95.214,0,4,False,False,False
SS,2004-11-17,2004-11-22,4,3,5,95.396,0,4,False,False,False
SS,2004-11-25,2004-11-30,4,3,5,95.426,1,3,False,False,False
SS,2005-08-09,2005-08-12,4,3,3,95.697,0,4,False,False,False
SS,2005-08-30,2005-09-02,4,3,3,95.697,0,4,False,False,False
SS,2005-11-09,2005-11-14,4,3,5,95.307,0,4,False,False,False
SS,2005-11-29,2005-12-02,4,3,3,95.327,0,4,False,False,False
SS,2006-02-07,2006-02-10,4,3,3,95.337,0,4,False,False,False
SS,2006-04-25,2006-04-28,4,3,3,95.227,0,4,False,False,False
SS,2006-08-16,2006-08-21,4,3,5,94.997,0,4,False,False,False
SS,2009-04-09,2009-04-16,4,3,7,96.528,0,4,False,False,False
SS,2010-01-28,2010-02-02,4,3,5,97.311,0,4,False,False,False
SS,2011-07-05,2011-07-08,4,3,3,97.832,0,4,False,False,False
SS,2011-07-13,2011-07-18,4,3,5,97.813,0,4,False,False,False
SS,2011-11-22,2011-11-25,4,3,3,97.783,0,4,False,False,False
SS,2012-02-13,2012-02-16,4,3,3,97.882,0,4,False,False,False
SS,2012-04-16,2012-04-19,4,3,3,97.783,0,4,False,False,False
SS,2012-06-26,2012-06-29,4,3,3,98,0,4,False,False,False
SS,2012-10-16,2012-10-19,4,3,3,98.08,0,4,False,False,False
SS,2013-02-08,2013-02-13,4,3,5,98.119,0,4,False,False,False
SS,2013-03-22,2013-03-27,4,3,5,98.04,0,4,False,False,False
SS,2013-05-22,2013-05-28,4,3,6,98.06,0,4,False,False,False
SS,2013-07-17,2013-07-22,4,3,5,98.05,0,4,False,False,False
SS,2013-08-02,2013-08-07,4,3,5,98.05,0,4,False,False,False
SS,2013-12-23,2013-12-30,4,3,7,98.07,0,4,False,False,False
SS,2014-02-26,2014-03-03,4,3,5,98.129,0,4,False,False,False
SS,2014-08-29,2014-09-03,4,3,5,98.163,0,4,False,False,False
TU,2013-04-03,2013-04-08,4,3,5,109.6503432,0,4,False,False,False
TU,2013-04-15,2013-04-18,4,3,3,109.6581121,0,4,False,False,False
UZ,2007-01-15,2007-01-18,4,3,3,99.86,0,4,False,False,False
UZ,2008-02-20,2008-02-25,4,3,5,100.94,0,4,True,False,False
UZ,2012-11-12,2012-11-15,4,3,3,110.04,0,4,False,False,False
UZ,2013-05-21,2013-05-24,4,3,3,110.07,0,4,False,False,False
UZ,2014-07-14,2014-07-17,4,3,3,110.24,0,4,False,False,False
UZ,2014-07-18,2014-07-23,4,3,5,110.23,0,4,False,False,False
ZM,1969-07-01,1969-07-07,4,3,6,19.74,0,4,False,False,False
ZO,1994-04-21,1994-04-26,4,3,5,241.55,0,4,False,False,False
ZO,1998-01-30,1998-02-04,4,3,5,286.45,0,4,False,False,False
ZO,2000-12-11,2000-12-14,4,3,3,101.5,0,4,False,False,False
ZO,2001-01-17,2001-01-22,4,3,5,98.04,0,4,False,False,False
ZP,1975-02-25,1975-02-28,4,3,3,467.8,0,4,False,False,False
ZR,1989-04-11,1989-04-14,4,3,3,20020.1,0,4,False,False,False
ZR,1994-11-15,1994-11-18,4,3,3,10618.9,0,4,False,False,False
