date,active_instruments,absent_instruments,observed_instruments,absent_fraction,absent_IDs
1969-02-21,4,4,0,1,ZL;ZM;ZS;ZW
1969-03-31,4,4,0,1,ZL;ZM;ZS;ZW
1969-04-04,4,4,0,1,ZL;ZM;ZS;ZW
1969-05-30,4,4,0,1,ZL;ZM;ZS;ZW
1969-07-04,4,4,0,1,ZL;ZM;ZS;ZW
1969-07-21,4,4,0,1,ZL;ZM;ZS;ZW
1969-09-01,4,4,0,1,ZL;ZM;ZS;ZW
1969-11-27,4,4,0,1,ZL;ZM;ZS;ZW
1969-12-25,4,4,0,1,ZL;ZM;ZS;ZW
1969-12-26,4,4,0,1,ZL;ZM;ZS;ZW
1970-01-01,4,4,0,1,ZL;ZM;ZS;ZW
1970-01-02,4,4,0,1,ZL;ZM;ZS;ZW
1970-02-23,6,6,0,1,ZC;ZL;ZM;ZS;ZW;ZZ
1970-03-27,6,6,0,1,ZC;ZL;ZM;ZS;ZW;ZZ
1970-05-29,6,6,0,1,ZC;ZL;ZM;ZS;ZW;ZZ
1970-07-03,6,6,0,1,ZC;ZL;ZM;ZS;ZW;ZZ
1970-09-07,6,6,0,1,ZC;ZL;ZM;ZS;ZW;ZZ
1970-11-03,6,6,0,1,ZC;ZL;ZM;ZS;ZW;ZZ
1970-11-26,6,6,0,1,ZC;ZL;ZM;ZS;ZW;ZZ
1970-12-25,6,6,0,1,ZC;ZL;ZM;ZS;ZW;ZZ
1971-01-01,6,6,0,1,ZC;ZL;ZM;ZS;ZW;ZZ
1971-02-15,7,7,0,1,ZC;ZL;ZM;ZS;ZT;ZW;ZZ
1971-04-09,7,7,0,1,ZC;ZL;ZM;ZS;ZT;ZW;ZZ
1971-05-31,7,7,0,1,ZC;ZL;ZM;ZS;ZT;ZW;ZZ
1971-07-05,7,7,0,1,ZC;ZL;ZM;ZS;ZT;ZW;ZZ
1971-09-06,7,7,0,1,ZC;ZL;ZM;ZS;ZT;ZW;ZZ
1971-11-25,7,7,0,1,ZC;ZL;ZM;ZS;ZT;ZW;ZZ
1971-12-24,7,7,0,1,ZC;ZL;ZM;ZS;ZT;ZW;ZZ
1971-12-31,7,7,0,1,ZC;ZL;ZM;ZS;ZT;ZW;ZZ
1972-02-21,7,7,0,1,ZC;ZL;ZM;ZS;ZT;ZW;ZZ
1972-03-31,7,7,0,1,ZC;ZL;ZM;ZS;ZT;ZW;ZZ
1972-05-29,7,7,0,1,ZC;ZL;ZM;ZS;ZT;ZW;ZZ
1972-07-04,7,7,0,1,ZC;ZL;ZM;ZS;ZT;ZW;ZZ
1972-09-04,7,7,0,1,ZC;ZL;ZM;ZS;ZT;ZW;ZZ
1972-11-07,7,7,0,1,ZC;ZL;ZM;ZS;ZT;ZW;ZZ
1972-11-23,7,7,0,1,ZC;ZL;ZM;ZS;ZT;ZW;ZZ
1972-12-25,7,7,0,1,ZC;ZL;ZM;ZS;ZT;ZW;ZZ
1972-12-28,7,7,0,1,ZC;ZL;ZM;ZS;ZT;ZW;ZZ
1973-01-01,7,7,0,1,ZC;ZL;ZM;ZS;ZT;ZW;ZZ
1973-01-25,11,11,0,1,CT;JO;ZC;ZI;ZL;ZM;ZP;ZS;ZT;ZW;ZZ
1973-02-19,11,11,0,1,CT;JO;ZC;ZI;ZL;ZM;ZP;ZS;ZT;ZW;ZZ
1973-04-20,11,11,0,1,CT;JO;ZC;ZI;ZL;ZM;ZP;ZS;ZT;ZW;ZZ
1973-05-28,11,11,0,1,CT;JO;ZC;ZI;ZL;ZM;ZP;ZS;ZT;ZW;ZZ
1973-07-04,11,11,0,1,CT;JO;ZC;ZI;ZL;ZM;ZP;ZS;ZT;ZW;ZZ
1973-09-03,11,11,0,1,CT;JO;ZC;ZI;ZL;ZM;ZP;ZS;ZT;ZW;ZZ
1973-11-22,11,11,0,1,CT;JO;ZC;ZI;ZL;ZM;ZP;ZS;ZT;ZW;ZZ
1973-12-24,11,11,0,1,CT;JO;ZC;ZI;ZL;ZM;ZP;ZS;ZT;ZW;ZZ
1973-12-25,11,11,0,1,CT;JO;ZC;ZI;ZL;ZM;ZP;ZS;ZT;ZW;ZZ
1974-01-01,11,11,0,1,CT;JO;ZC;ZI;ZL;ZM;ZP;ZS;ZT;ZW;ZZ
1974-02-18,13,13,0,1,CT;JO;KC;LB;ZC;ZI;ZL;ZM;ZP;ZS;ZT;ZW;ZZ
1974-04-12,13,13,0,1,CT;JO;KC;LB;ZC;ZI;ZL;ZM;ZP;ZS;ZT;ZW;ZZ
1974-05-27,13,13,0,1,CT;JO;KC;LB;ZC;ZI;ZL;ZM;ZP;ZS;ZT;ZW;ZZ
1974-07-04,13,13,0,1,CT;JO;KC;LB;ZC;ZI;ZL;ZM;ZP;ZS;ZT;ZW;ZZ
1974-09-02,13,13,0,1,CT;JO;KC;LB;ZC;ZI;ZL;ZM;ZP;ZS;ZT;ZW;ZZ
1974-11-05,13,13,0,1,CT;JO;KC;LB;ZC;ZI;ZL;ZM;ZP;ZS;ZT;ZW;ZZ
1974-11-28,13,13,0,1,CT;JO;KC;LB;ZC;ZI;ZL;ZM;ZP;ZS;ZT;ZW;ZZ
1974-12-25,13,13,0,1,CT;JO;KC;LB;ZC;ZI;ZL;ZM;ZP;ZS;ZT;ZW;ZZ
1975-01-01,13,13,0,1,CT;JO;KC;LB;ZC;ZI;ZL;ZM;ZP;ZS;ZT;ZW;ZZ
1975-02-17,17,17,0,1,CT;FN;JO;KC;LB;SB;ZC;ZG;ZI;ZL;ZM;ZO;ZP;ZS;ZT;ZW;ZZ
1975-03-28,17,17,0,1,CT;FN;JO;KC;LB;SB;ZC;ZG;ZI;ZL;ZM;ZO;ZP;ZS;ZT;ZW;ZZ
1975-05-26,17,17,0,1,CT;FN;JO;KC;LB;SB;ZC;ZG;ZI;ZL;ZM;ZO;ZP;ZS;ZT;ZW;ZZ
1975-07-04,17,17,0,1,CT;FN;JO;KC;LB;SB;ZC;ZG;ZI;ZL;ZM;ZO;ZP;ZS;ZT;ZW;ZZ
1975-09-01,17,17,0,1,CT;FN;JO;KC;LB;SB;ZC;ZG;ZI;ZL;ZM;ZO;ZP;ZS;ZT;ZW;ZZ
1975-11-27,17,17,0,1,CT;FN;JO;KC;LB;SB;ZC;ZG;ZI;ZL;ZM;ZO;ZP;ZS;ZT;ZW;ZZ
1975-12-25,17,17,0,1,CT;FN;JO;KC;LB;SB;ZC;ZG;ZI;ZL;ZM;ZO;ZP;ZS;ZT;ZW;ZZ
1975-12-26,17,17,0,1,CT;FN;JO;KC;LB;SB;ZC;ZG;ZI;ZL;ZM;ZO;ZP;ZS;ZT;ZW;ZZ
1976-01-01,17,17,0,1,CT;FN;JO;KC;LB;SB;ZC;ZG;ZI;ZL;ZM;ZO;ZP;ZS;ZT;ZW;ZZ
1976-02-16,19,19,0,1,BN;CT;FN;JO;KC;LB;SB;SN;ZC;ZG;ZI;ZL;ZM;ZO;ZP;ZS;ZT;ZW;ZZ
1976-04-16,19,19,0,1,BN;CT;FN;JO;KC;LB;SB;SN;ZC;ZG;ZI;ZL;ZM;ZO;ZP;ZS;ZT;ZW;ZZ
1976-05-31,19,19,0,1,BN;CT;FN;JO;KC;LB;SB;SN;ZC;ZG;ZI;ZL;ZM;ZO;ZP;ZS;ZT;ZW;ZZ
1976-07-05,19,19,0,1,BN;CT;FN;JO;KC;LB;SB;SN;ZC;ZG;ZI;ZL;ZM;ZO;ZP;ZS;ZT;ZW;ZZ
1976-09-06,19,19,0,1,BN;CT;FN;JO;KC;LB;SB;SN;ZC;ZG;ZI;ZL;ZM;ZO;ZP;ZS;ZT;ZW;ZZ
1976-11-02,19,19,0,1,BN;CT;FN;JO;KC;LB;SB;SN;ZC;ZG;ZI;ZL;ZM;ZO;ZP;ZS;ZT;ZW;ZZ
1976-11-25,19,19,0,1,BN;CT;FN;JO;KC;LB;SB;SN;ZC;ZG;ZI;ZL;ZM;ZO;ZP;ZS;ZT;ZW;ZZ
1976-12-24,19,19,0,1,BN;CT;FN;JO;KC;LB;SB;SN;ZC;ZG;ZI;ZL;ZM;ZO;ZP;ZS;ZT;ZW;ZZ
1976-12-31,19,19,0,1,BN;CT;FN;JO;KC;LB;SB;SN;ZC;ZG;ZI;ZL;ZM;ZO;ZP;ZS;ZT;ZW;ZZ
1977-02-21,19,19,0,1,BN;CT;FN;JO;KC;LB;SB;SN;ZC;ZG;ZI;ZL;ZM;ZO;ZP;ZS;ZT;ZW;ZZ
1977-04-08,19,19,0,1,BN;CT;FN;JO;KC;LB;SB;SN;ZC;ZG;ZI;ZL;ZM;ZO;ZP;ZS;ZT;ZW;ZZ
1977-05-30,19,19,0,1,BN;CT;FN;JO;KC;LB;SB;SN;ZC;ZG;ZI;ZL;ZM;ZO;ZP;ZS;ZT;ZW;ZZ
1977-07-04,19,19,0,1,BN;CT;FN;JO;KC;LB;SB;SN;ZC;ZG;ZI;ZL;ZM;ZO;ZP;ZS;ZT;ZW;ZZ
1977-09-05,19,19,0,1,BN;CT;FN;JO;KC;LB;SB;SN;ZC;ZG;ZI;ZL;ZM;ZO;ZP;ZS;ZT;ZW;ZZ
1977-11-24,19,19,0,1,BN;CT;FN;JO;KC;LB;SB;SN;ZC;ZG;ZI;ZL;ZM;ZO;ZP;ZS;ZT;ZW;ZZ
1977-12-26,19,19,0,1,BN;CT;FN;JO;KC;LB;SB;SN;ZC;ZG;ZI;ZL;ZM;ZO;ZP;ZS;ZT;ZW;ZZ
1978-01-02,19,19,0,1,BN;CT;FN;JO;KC;LB;SB;SN;ZC;ZG;ZI;ZL;ZM;ZO;ZP;ZS;ZT;ZW;ZZ
1978-02-20,23,23,0,1,BN;CN;CT;FN;JN;JO;KC;LB;SB;SN;US;ZC;ZF;ZG;ZI;ZL;ZM;ZO;ZP;ZS;ZT;ZW;ZZ
1978-03-24,23,23,0,1,BN;CN;CT;FN;JN;JO;KC;LB;SB;SN;US;ZC;ZF;ZG;ZI;ZL;ZM;ZO;ZP;ZS;ZT;ZW;ZZ
1978-05-29,23,23,0,1,BN;CN;CT;FN;JN;JO;KC;LB;SB;SN;US;ZC;ZF;ZG;ZI;ZL;ZM;ZO;ZP;ZS;ZT;ZW;ZZ
1978-07-04,23,23,0,1,BN;CN;CT;FN;JN;JO;KC;LB;SB;SN;US;ZC;ZF;ZG;ZI;ZL;ZM;ZO;ZP;ZS;ZT;ZW;ZZ
1978-09-04,23,23,0,1,BN;CN;CT;FN;JN;JO;KC;LB;SB;SN;US;ZC;ZF;ZG;ZI;ZL;ZM;ZO;ZP;ZS;ZT;ZW;ZZ
1978-11-07,23,23,0,1,BN;CN;CT;FN;JN;JO;KC;LB;SB;SN;US;ZC;ZF;ZG;ZI;ZL;ZM;ZO;ZP;ZS;ZT;ZW;ZZ
1978-11-23,23,23,0,1,BN;CN;CT;FN;JN;JO;KC;LB;SB;SN;US;ZC;ZF;ZG;ZI;ZL;ZM;ZO;ZP;ZS;ZT;ZW;ZZ
1978-12-25,23,23,0,1,BN;CN;CT;FN;JN;JO;KC;LB;SB;SN;US;ZC;ZF;ZG;ZI;ZL;ZM;ZO;ZP;ZS;ZT;ZW;ZZ
1979-01-01,23,23,0,1,BN;CN;CT;FN;JN;JO;KC;LB;SB;SN;US;ZC;ZF;ZG;ZI;ZL;ZM;ZO;ZP;ZS;ZT;ZW;ZZ
1979-02-19,23,23,0,1,BN;CN;CT;FN;JN;JO;KC;LB;SB;SN;US;ZC;ZF;ZG;ZI;ZL;ZM;ZO;ZP;ZS;ZT;ZW;ZZ
1979-04-13,23,23,0,1,BN;CN;CT;FN;JN;JO;KC;LB;SB;SN;US;ZC;ZF;ZG;ZI;ZL;ZM;ZO;ZP;ZS;ZT;ZW;ZZ
1979-05-28,23,23,0,1,BN;CN;CT;FN;JN;JO;KC;LB;SB;SN;US;ZC;ZF;ZG;ZI;ZL;ZM;ZO;ZP;ZS;ZT;ZW;ZZ
1979-07-04,23,23,0,1,BN;CN;CT;FN;JN;JO;KC;LB;SB;SN;US;ZC;ZF;ZG;ZI;ZL;ZM;ZO;ZP;ZS;ZT;ZW;ZZ
1979-09-03,23,23,0,1,BN;CN;CT;FN;JN;JO;KC;LB;SB;SN;US;ZC;ZF;ZG;ZI;ZL;ZM;ZO;ZP;ZS;ZT;ZW;ZZ
1979-11-22,23,23,0,1,BN;CN;CT;FN;JN;JO;KC;LB;SB;SN;US;ZC;ZF;ZG;ZI;ZL;ZM;ZO;ZP;ZS;ZT;ZW;ZZ
1979-12-24,23,23,0,1,BN;CN;CT;FN;JN;JO;KC;LB;SB;SN;US;ZC;ZF;ZG;ZI;ZL;ZM;ZO;ZP;ZS;ZT;ZW;ZZ
1979-12-25,23,23,0,1,BN;CN;CT;FN;JN;JO;KC;LB;SB;SN;US;ZC;ZF;ZG;ZI;ZL;ZM;ZO;ZP;ZS;ZT;ZW;ZZ
1980-01-01,23,23,0,1,BN;CN;CT;FN;JN;JO;KC;LB;SB;SN;US;ZC;ZF;ZG;ZI;ZL;ZM;ZO;ZP;ZS;ZT;ZW;ZZ
1980-02-18,23,23,0,1,BN;CN;CT;FN;JN;JO;KC;LB;SB;SN;US;ZC;ZF;ZG;ZI;ZL;ZM;ZO;ZP;ZS;ZT;ZW;ZZ
1980-04-04,23,23,0,1,BN;CN;CT;FN;JN;JO;KC;LB;SB;SN;US;ZC;ZF;ZG;ZI;ZL;ZM;ZO;ZP;ZS;ZT;ZW;ZZ
1980-05-26,23,23,0,1,BN;CN;CT;FN;JN;JO;KC;LB;SB;SN;US;ZC;ZF;ZG;ZI;ZL;ZM;ZO;ZP;ZS;ZT;ZW;ZZ
1980-07-04,23,23,0,1,BN;CN;CT;FN;JN;JO;KC;LB;SB;SN;US;ZC;ZF;ZG;ZI;ZL;ZM;ZO;ZP;ZS;ZT;ZW;ZZ
1980-09-01,23,23,0,1,BN;CN;CT;FN;JN;JO;KC;LB;SB;SN;US;ZC;ZF;ZG;ZI;ZL;ZM;ZO;ZP;ZS;ZT;ZW;ZZ
1980-11-04,23,23,0,1,BN;CN;CT;FN;JN;JO;KC;LB;SB;SN;US;ZC;ZF;ZG;ZI;ZL;ZM;ZO;ZP;ZS;ZT;ZW;ZZ
1980-11-27,23,23,0,1,BN;CN;CT;FN;JN;JO;KC;LB;SB;SN;US;ZC;ZF;ZG;ZI;ZL;ZM;ZO;ZP;ZS;ZT;ZW;ZZ
1980-12-25,23,23,0,1,BN;CN;CT;FN;JN;JO;KC;LB;SB;SN;US;ZC;ZF;ZG;ZI;ZL;ZM;ZO;ZP;ZS;ZT;ZW;ZZ
1980-12-26,23,23,0,1,BN;CN;CT;FN;JN;JO;KC;LB;SB;SN;US;ZC;ZF;ZG;ZI;ZL;ZM;ZO;ZP;ZS;ZT;ZW;ZZ
1981-01-01,23,23,0,1,BN;CN;CT;FN;JN;JO;KC;LB;SB;SN;US;ZC;ZF;ZG;ZI;ZL;ZM;ZO;ZP;ZS;ZT;ZW;ZZ
1981-02-16,25,25,0,1,BN;CC;CN;CT;FN;JN;JO;KC;LB;MW;SB;SN;US;ZC;ZF;ZG;ZI;ZL;ZM;ZO;ZP;ZS;ZT;ZW;ZZ
1981-04-17,25,25,0,1,BN;CC;CN;CT;FN;JN;JO;KC;LB;MW;SB;SN;US;ZC;ZF;ZG;ZI;ZL;ZM;ZO;ZP;ZS;ZT;ZW;ZZ
1981-05-25,25,25,0,1,BN;CC;CN;CT;FN;JN;JO;KC;LB;MW;SB;SN;US;ZC;ZF;ZG;ZI;ZL;ZM;ZO;ZP;ZS;ZT;ZW;ZZ
1981-07-03,25,25,0,1,BN;CC;CN;CT;FN;JN;JO;KC;LB;MW;SB;SN;US;ZC;ZF;ZG;ZI;ZL;ZM;ZO;ZP;ZS;ZT;ZW;ZZ
1981-09-07,25,25,0,1,BN;CC;CN;CT;FN;JN;JO;KC;LB;MW;SB;SN;US;ZC;ZF;ZG;ZI;ZL;ZM;ZO;ZP;ZS;ZT;ZW;ZZ
1981-11-26,25,25,0,1,BN;CC;CN;CT;FN;JN;JO;KC;LB;MW;SB;SN;US;ZC;ZF;ZG;ZI;ZL;ZM;ZO;ZP;ZS;ZT;ZW;ZZ
1981-12-25,25,25,0,1,BN;CC;CN;CT;FN;JN;JO;KC;LB;MW;SB;SN;US;ZC;ZF;ZG;ZI;ZL;ZM;ZO;ZP;ZS;ZT;ZW;ZZ
1982-01-01,25,25,0,1,BN;CC;CN;CT;FN;JN;JO;KC;LB;MW;SB;SN;US;ZC;ZF;ZG;ZI;ZL;ZM;ZO;ZP;ZS;ZT;ZW;ZZ
1982-02-15,26,26,0,1,BN;CC;CN;CT;EC;FN;JN;JO;KC;LB;MW;SB;SN;US;ZC;ZF;ZG;ZI;ZL;ZM;ZO;ZP;ZS;ZT;ZW;ZZ
1982-04-09,26,26,0,1,BN;CC;CN;CT;EC;FN;JN;JO;KC;LB;MW;SB;SN;US;ZC;ZF;ZG;ZI;ZL;ZM;ZO;ZP;ZS;ZT;ZW;ZZ
1982-05-31,27,27,0,1,BN;CC;CN;CT;EC;FN;JN;JO;KC;LB;MW;SB;SN;SP;US;ZC;ZF;ZG;ZI;ZL;ZM;ZO;ZP;ZS;ZT;ZW;ZZ
1982-07-05,27,27,0,1,BN;CC;CN;CT;EC;FN;JN;JO;KC;LB;MW;SB;SN;SP;US;ZC;ZF;ZG;ZI;ZL;ZM;ZO;ZP;ZS;ZT;ZW;ZZ
1982-09-06,27,27,0,1,BN;CC;CN;CT;EC;FN;JN;JO;KC;LB;MW;SB;SN;SP;US;ZC;ZF;ZG;ZI;ZL;ZM;ZO;ZP;ZS;ZT;ZW;ZZ
1982-11-25,27,27,0,1,BN;CC;CN;CT;EC;FN;JN;JO;KC;LB;MW;SB;SN;SP;US;ZC;ZF;ZG;ZI;ZL;ZM;ZO;ZP;ZS;ZT;ZW;ZZ
1982-12-24,27,27,0,1,BN;CC;CN;CT;EC;FN;JN;JO;KC;LB;MW;SB;SN;SP;US;ZC;ZF;ZG;ZI;ZL;ZM;ZO;ZP;ZS;ZT;ZW;ZZ
1983-02-21,29,29,0,1,BN;CC;CN;CT;EC;FN;JN;JO;KC;LB;MW;SB;SN;SP;TY;US;ZA;ZC;ZF;ZG;ZI;ZL;ZM;ZO;ZP;ZS;ZT;ZW;ZZ
1983-04-01,29,29,0,1,BN;CC;CN;CT;EC;FN;JN;JO;KC;LB;MW;SB;SN;SP;TY;US;ZA;ZC;ZF;ZG;ZI;ZL;ZM;ZO;ZP;ZS;ZT;ZW;ZZ
1983-05-30,29,29,0,1,BN;CC;CN;CT;EC;FN;JN;JO;KC;LB;MW;SB;SN;SP;TY;US;ZA;ZC;ZF;ZG;ZI;ZL;ZM;ZO;ZP;ZS;ZT;ZW;ZZ
1983-07-04,29,29,0,1,BN;CC;CN;CT;EC;FN;JN;JO;KC;LB;MW;SB;SN;SP;TY;US;ZA;ZC;ZF;ZG;ZI;ZL;ZM;ZO;ZP;ZS;ZT;ZW;ZZ
1983-09-05,29,29,0,1,BN;CC;CN;CT;EC;FN;JN;JO;KC;LB;MW;SB;SN;SP;TY;US;ZA;ZC;ZF;ZG;ZI;ZL;ZM;ZO;ZP;ZS;ZT;ZW;ZZ
1983-11-24,29,29,0,1,BN;CC;CN;CT;EC;FN;JN;JO;KC;LB;MW;SB;SN;SP;TY;US;ZA;ZC;ZF;ZG;ZI;ZL;ZM;ZO;ZP;ZS;ZT;ZW;ZZ
1983-12-26,29,29,0,1,BN;CC;CN;CT;EC;FN;JN;JO;KC;LB;MW;SB;SN;SP;TY;US;ZA;ZC;ZF;ZG;ZI;ZL;ZM;ZO;ZP;ZS;ZT;ZW;ZZ
1984-01-02,29,29,0,1,BN;CC;CN;CT;EC;FN;JN;JO;KC;LB;MW;SB;SN;SP;TY;US;ZA;ZC;ZF;ZG;ZI;ZL;ZM;ZO;ZP;ZS;ZT;ZW;ZZ
1984-02-20,30,30,0,1,BN;CC;CN;CT;EC;FN;JN;JO;KC;LB;MW;SB;SN;SP;TY;US;ZA;ZC;ZF;ZG;ZI;ZL;ZM;ZO;ZP;ZS;ZT;ZU;ZW;ZZ
1984-04-20,30,30,0,1,BN;CC;CN;CT;EC;FN;JN;JO;KC;LB;MW;SB;SN;SP;TY;US;ZA;ZC;ZF;ZG;ZI;ZL;ZM;ZO;ZP;ZS;ZT;ZU;ZW;ZZ
1984-05-28,30,30,0,1,BN;CC;CN;CT;EC;FN;JN;JO;KC;LB;MW;SB;SN;SP;TY;US;ZA;ZC;ZF;ZG;ZI;ZL;ZM;ZO;ZP;ZS;ZT;ZU;ZW;ZZ
1984-07-04,30,30,0,1,BN;CC;CN;CT;EC;FN;JN;JO;KC;LB;MW;SB;SN;SP;TY;US;ZA;ZC;ZF;ZG;ZI;ZL;ZM;ZO;ZP;ZS;ZT;ZU;ZW;ZZ
1984-09-03,30,30,0,1,BN;CC;CN;CT;EC;FN;JN;JO;KC;LB;MW;SB;SN;SP;TY;US;ZA;ZC;ZF;ZG;ZI;ZL;ZM;ZO;ZP;ZS;ZT;ZU;ZW;ZZ
1984-11-22,30,30,0,1,BN;CC;CN;CT;EC;FN;JN;JO;KC;LB;MW;SB;SN;SP;TY;US;ZA;ZC;ZF;ZG;ZI;ZL;ZM;ZO;ZP;ZS;ZT;ZU;ZW;ZZ
1984-12-25,30,30,0,1,BN;CC;CN;CT;EC;FN;JN;JO;KC;LB;MW;SB;SN;SP;TY;US;ZA;ZC;ZF;ZG;ZI;ZL;ZM;ZO;ZP;ZS;ZT;ZU;ZW;ZZ
1985-01-01,30,30,0,1,BN;CC;CN;CT;EC;FN;JN;JO;KC;LB;MW;SB;SN;SP;TY;US;ZA;ZC;ZF;ZG;ZI;ZL;ZM;ZO;ZP;ZS;ZT;ZU;ZW;ZZ
1985-02-18,31,31,0,1,BN;CC;CN;CT;EC;FN;JN;JO;KC;LB;MW;SB;SN;SP;TY;US;ZA;ZB;ZC;ZF;ZG;ZI;ZL;ZM;ZO;ZP;ZS;ZT;ZU;ZW;ZZ
1985-04-05,31,31,0,1,BN;CC;CN;CT;EC;FN;JN;JO;KC;LB;MW;SB;SN;SP;TY;US;ZA;ZB;ZC;ZF;ZG;ZI;ZL;ZM;ZO;ZP;ZS;ZT;ZU;ZW;ZZ
1985-05-27,31,31,0,1,BN;CC;CN;CT;EC;FN;JN;JO;KC;LB;MW;SB;SN;SP;TY;US;ZA;ZB;ZC;ZF;ZG;ZI;ZL;ZM;ZO;ZP;ZS;ZT;ZU;ZW;ZZ
1985-07-04,31,31,0,1,BN;CC;CN;CT;EC;FN;JN;JO;KC;LB;MW;SB;SN;SP;TY;US;ZA;ZB;ZC;ZF;ZG;ZI;ZL;ZM;ZO;ZP;ZS;ZT;ZU;ZW;ZZ
1985-09-02,31,31,0,1,BN;CC;CN;CT;EC;FN;JN;JO;KC;LB;MW;SB;SN;SP;TY;US;ZA;ZB;ZC;ZF;ZG;ZI;ZL;ZM;ZO;ZP;ZS;ZT;ZU;ZW;ZZ
1985-11-28,31,31,0,1,BN;CC;CN;CT;EC;FN;JN;JO;KC;LB;MW;SB;SN;SP;TY;US;ZA;ZB;ZC;ZF;ZG;ZI;ZL;ZM;ZO;ZP;ZS;ZT;ZU;ZW;ZZ
1985-12-25,31,31,0,1,BN;CC;CN;CT;EC;FN;JN;JO;KC;LB;MW;SB;SN;SP;TY;US;ZA;ZB;ZC;ZF;ZG;ZI;ZL;ZM;ZO;ZP;ZS;ZT;ZU;ZW;ZZ
1986-01-01,31,31,0,1,BN;CC;CN;CT;EC;FN;JN;JO;KC;LB;MW;SB;SN;SP;TY;US;ZA;ZB;ZC;ZF;ZG;ZI;ZL;ZM;ZO;ZP;ZS;ZT;ZU;ZW;ZZ
1986-02-17,31,31,0,1,BN;CC;CN;CT;EC;FN;JN;JO;KC;LB;MW;SB;SN;SP;TY;US;ZA;ZB;ZC;ZF;ZG;ZI;ZL;ZM;ZO;ZP;ZS;ZT;ZU;ZW;ZZ
1986-03-28,31,31,0,1,BN;CC;CN;CT;EC;FN;JN;JO;KC;LB;MW;SB;SN;SP;TY;US;ZA;ZB;ZC;ZF;ZG;ZI;ZL;ZM;ZO;ZP;ZS;ZT;ZU;ZW;ZZ
1986-05-26,31,31,0,1,BN;CC;CN;CT;EC;FN;JN;JO;KC;LB;MW;SB;SN;SP;TY;US;ZA;ZB;ZC;ZF;ZG;ZI;ZL;ZM;ZO;ZP;ZS;ZT;ZU;ZW;ZZ
1986-07-04,31,31,0,1,BN;CC;CN;CT;EC;FN;JN;JO;KC;LB;MW;SB;SN;SP;TY;US;ZA;ZB;ZC;ZF;ZG;ZI;ZL;ZM;ZO;ZP;ZS;ZT;ZU;ZW;ZZ
1986-09-01,31,31,0,1,BN;CC;CN;CT;EC;FN;JN;JO;KC;LB;MW;SB;SN;SP;TY;US;ZA;ZB;ZC;ZF;ZG;ZI;ZL;ZM;ZO;ZP;ZS;ZT;ZU;ZW;ZZ
1986-11-27,31,31,0,1,BN;CC;CN;CT;EC;FN;JN;JO;KC;LB;MW;SB;SN;SP;TY;US;ZA;ZB;ZC;ZF;ZG;ZI;ZL;ZM;ZO;ZP;ZS;ZT;ZU;ZW;ZZ
1986-12-25,31,31,0,1,BN;CC;CN;CT;EC;FN;JN;JO;KC;LB;MW;SB;SN;SP;TY;US;ZA;ZB;ZC;ZF;ZG;ZI;ZL;ZM;ZO;ZP;ZS;ZT;ZU;ZW;ZZ
1987-01-01,31,31,0,1,BN;CC;CN;CT;EC;FN;JN;JO;KC;LB;MW;SB;SN;SP;TY;US;ZA;ZB;ZC;ZF;ZG;ZI;ZL;ZM;ZO;ZP;ZS;ZT;ZU;ZW;ZZ
1987-02-16,32,32,0,1,BN;CC;CN;CT;EC;FN;JN;JO;KC;LB;MW;SB;SN;SP;TY;US;ZA;ZB;ZC;ZF;ZG;ZI;ZL;ZM;ZO;ZP;ZR;ZS;ZT;ZU;ZW;ZZ
1987-04-17,32,32,0,1,BN;CC;CN;CT;EC;FN;JN;JO;KC;LB;MW;SB;SN;SP;TY;US;ZA;ZB;ZC;ZF;ZG;ZI;ZL;ZM;ZO;ZP;ZR;ZS;ZT;ZU;ZW;ZZ
1987-05-25,32,32,0,1,BN;CC;CN;CT;EC;FN;JN;JO;KC;LB;MW;SB;SN;SP;TY;US;ZA;ZB;ZC;ZF;ZG;ZI;ZL;ZM;ZO;ZP;ZR;ZS;ZT;ZU;ZW;ZZ
1987-07-03,32,32,0,1,BN;CC;CN;CT;EC;FN;JN;JO;KC;LB;MW;SB;SN;SP;TY;US;ZA;ZB;ZC;ZF;ZG;ZI;ZL;ZM;ZO;ZP;ZR;ZS;ZT;ZU;ZW;ZZ
1987-09-07,32,32,0,1,BN;CC;CN;CT;EC;FN;JN;JO;KC;LB;MW;SB;SN;SP;TY;US;ZA;ZB;ZC;ZF;ZG;ZI;ZL;ZM;ZO;ZP;ZR;ZS;ZT;ZU;ZW;ZZ
1987-11-26,32,32,0,1,BN;CC;CN;CT;EC;FN;JN;JO;KC;LB;MW;SB;SN;SP;TY;US;ZA;ZB;ZC;ZF;ZG;ZI;ZL;ZM;ZO;ZP;ZR;ZS;ZT;ZU;ZW;ZZ
1987-12-25,32,32,0,1,BN;CC;CN;CT;EC;FN;JN;JO;KC;LB;MW;SB;SN;SP;TY;US;ZA;ZB;ZC;ZF;ZG;ZI;ZL;ZM;ZO;ZP;ZR;ZS;ZT;ZU;ZW;ZZ
1988-01-01,32,32,0,1,BN;CC;CN;CT;EC;FN;JN;JO;KC;LB;MW;SB;SN;SP;TY;US;ZA;ZB;ZC;ZF;ZG;ZI;ZL;ZM;ZO;ZP;ZR;ZS;ZT;ZU;ZW;ZZ
1988-02-15,33,33,0,1,AN;BN;CC;CN;CT;EC;FN;JN;JO;KC;LB;MW;SB;SN;SP;TY;US;ZA;ZB;ZC;ZF;ZG;ZI;ZL;ZM;ZO;ZP;ZR;ZS;ZT;ZU;ZW;ZZ
1988-04-01,33,33,0,1,AN;BN;CC;CN;CT;EC;FN;JN;JO;KC;LB;MW;SB;SN;SP;TY;US;ZA;ZB;ZC;ZF;ZG;ZI;ZL;ZM;ZO;ZP;ZR;ZS;ZT;ZU;ZW;ZZ
1988-05-30,33,33,0,1,AN;BN;CC;CN;CT;EC;FN;JN;JO;KC;LB;MW;SB;SN;SP;TY;US;ZA;ZB;ZC;ZF;ZG;ZI;ZL;ZM;ZO;ZP;ZR;ZS;ZT;ZU;ZW;ZZ
1988-07-04,33,33,0,1,AN;BN;CC;CN;CT;EC;FN;JN;JO;KC;LB;MW;SB;SN;SP;TY;US;ZA;ZB;ZC;ZF;ZG;ZI;ZL;ZM;ZO;ZP;ZR;ZS;ZT;ZU;ZW;ZZ
1988-09-05,33,33,0,1,AN;BN;CC;CN;CT;EC;FN;JN;JO;KC;LB;MW;SB;SN;SP;TY;US;ZA;ZB;ZC;ZF;ZG;ZI;ZL;ZM;ZO;ZP;ZR;ZS;ZT;ZU;ZW;ZZ
1988-11-24,33,33,0,1,AN;BN;CC;CN;CT;EC;FN;JN;JO;KC;LB;MW;SB;SN;SP;TY;US;ZA;ZB;ZC;ZF;ZG;ZI;ZL;ZM;ZO;ZP;ZR;ZS;ZT;ZU;ZW;ZZ
1988-12-26,33,33,0,1,AN;BN;CC;CN;CT;EC;FN;JN;JO;KC;LB;MW;SB;SN;SP;TY;US;ZA;ZB;ZC;ZF;ZG;ZI;ZL;ZM;ZO;ZP;ZR;ZS;ZT;ZU;ZW;ZZ
1989-01-02,33,33,0,1,AN;BN;CC;CN;CT;EC;FN;JN;JO;KC;LB;MW;SB;SN;SP;TY;US;ZA;ZB;ZC;ZF;ZG;ZI;ZL;ZM;ZO;ZP;ZR;ZS;ZT;ZU;ZW;ZZ
1989-02-20,35,35,0,1,AN;BN;CC;CN;CT;EC;FB;FN;JN;JO;KC;LB;MW;SB;SN;SP;TY;US;ZA;ZB;ZC;ZF;ZG;ZI;ZK;ZL;ZM;ZO;ZP;ZR;ZS;ZT;ZU;ZW;ZZ
1989-03-24,35,35,0,1,AN;BN;CC;CN;CT;EC;FB;FN;JN;JO;KC;LB;MW;SB;SN;SP;TY;US;ZA;ZB;ZC;ZF;ZG;ZI;ZK;ZL;ZM;ZO;ZP;ZR;ZS;ZT;ZU;ZW;ZZ
1989-05-29,35,35,0,1,AN;BN;CC;CN;CT;EC;FB;FN;JN;JO;KC;LB;MW;SB;SN;SP;TY;US;ZA;ZB;ZC;ZF;ZG;ZI;ZK;ZL;ZM;ZO;ZP;ZR;ZS;ZT;ZU;ZW;ZZ
1989-07-04,35,35,0,1,AN;BN;CC;CN;CT;EC;FB;FN;JN;JO;KC;LB;MW;SB;SN;SP;TY;US;ZA;ZB;ZC;ZF;ZG;ZI;ZK;ZL;ZM;ZO;ZP;ZR;ZS;ZT;ZU;ZW;ZZ
1989-09-04,35,35,0,1,AN;BN;CC;CN;CT;EC;FB;FN;JN;JO;KC;LB;MW;SB;SN;SP;TY;US;ZA;ZB;ZC;ZF;ZG;ZI;ZK;ZL;ZM;ZO;ZP;ZR;ZS;ZT;ZU;ZW;ZZ
1989-11-23,35,35,0,1,AN;BN;CC;CN;CT;EC;FB;FN;JN;JO;KC;LB;MW;SB;SN;SP;TY;US;ZA;ZB;ZC;ZF;ZG;ZI;ZK;ZL;ZM;ZO;ZP;ZR;ZS;ZT;ZU;ZW;ZZ
1989-12-25,37,37,0,1,AN;BN;CC;CN;CT;DT;EC;FB;FN;GS;JN;JO;KC;LB;MW;SB;SN;SP;TY;US;ZA;ZB;ZC;ZF;ZG;ZI;ZK;ZL;ZM;ZO;ZP;ZR;ZS;ZT;ZU;ZW;ZZ
1990-01-01,37,37,0,1,AN;BN;CC;CN;CT;DT;EC;FB;FN;GS;JN;JO;KC;LB;MW;SB;SN;SP;TY;US;ZA;ZB;ZC;ZF;ZG;ZI;ZK;ZL;ZM;ZO;ZP;ZR;ZS;ZT;ZU;ZW;ZZ
1990-04-13,38,38,0,1,AN;BN;CC;CN;CT;DT;EC;FB;FN;GS;JN;JO;KC;LB;LX;MW;SB;SN;SP;TY;US;ZA;ZB;ZC;ZF;ZG;ZI;ZK;ZL;ZM;ZO;ZP;ZR;ZS;ZT;ZU;ZW;ZZ
1990-05-28,38,38,0,1,AN;BN;CC;CN;CT;DT;EC;FB;FN;GS;JN;JO;KC;LB;LX;MW;SB;SN;SP;TY;US;ZA;ZB;ZC;ZF;ZG;ZI;ZK;ZL;ZM;ZO;ZP;ZR;ZS;ZT;ZU;ZW;ZZ
1990-12-25,39,39,0,1,AN;BN;CC;CN;CT;DT;EC;FB;FN;GS;JN;JO;KC;LB;LX;MW;SB;SN;SP;TU;TY;US;ZA;ZB;ZC;ZF;ZG;ZI;ZK;ZL;ZM;ZO;ZP;ZR;ZS;ZT;ZU;ZW;ZZ
1991-01-01,39,39,0,1,AN;BN;CC;CN;CT;DT;EC;FB;FN;GS;JN;JO;KC;LB;LX;MW;SB;SN;SP;TU;TY;US;ZA;ZB;ZC;ZF;ZG;ZI;ZK;ZL;ZM;ZO;ZP;ZR;ZS;ZT;ZU;ZW;ZZ
1991-03-29,41,41,0,1,AN;BN;CC;CN;CT;DT;EC;FB;FN;GS;JN;JO;KC;LB;LX;MW;NK;SB;SN;SP;TU;TY;US;ZA;ZB;ZC;ZF;ZG;ZI;ZK;ZL;ZM;ZN;ZO;ZP;ZR;ZS;ZT;ZU;ZW;ZZ
1991-05-27,41,41,0,1,AN;BN;CC;CN;CT;DT;EC;FB;FN;GS;JN;JO;KC;LB;LX;MW;NK;SB;SN;SP;TU;TY;US;ZA;ZB;ZC;ZF;ZG;ZI;ZK;ZL;ZM;ZN;ZO;ZP;ZR;ZS;ZT;ZU;ZW;ZZ
1991-12-25,42,42,0,1,AN;BN;CC;CN;CT;DT;EC;FB;FN;GS;JN;JO;KC;LB;LX;MW;NK;SB;SN;SP;SS;TU;TY;US;ZA;ZB;ZC;ZF;ZG;ZI;ZK;ZL;ZM;ZN;ZO;ZP;ZR;ZS;ZT;ZU;ZW;ZZ
1992-01-01,42,42,0,1,AN;BN;CC;CN;CT;DT;EC;FB;FN;GS;JN;JO;KC;LB;LX;MW;NK;SB;SN;SP;SS;TU;TY;US;ZA;ZB;ZC;ZF;ZG;ZI;ZK;ZL;ZM;ZN;ZO;ZP;ZR;ZS;ZT;ZU;ZW;ZZ
1992-04-17,43,43,0,1,AN;BN;CC;CN;CT;DT;EC;FB;FN;GS;JN;JO;KC;LB;LX;MD;MW;NK;SB;SN;SP;SS;TU;TY;US;ZA;ZB;ZC;ZF;ZG;ZI;ZK;ZL;ZM;ZN;ZO;ZP;ZR;ZS;ZT;ZU;ZW;ZZ
1992-05-25,43,43,0,1,AN;BN;CC;CN;CT;DT;EC;FB;FN;GS;JN;JO;KC;LB;LX;MD;MW;NK;SB;SN;SP;SS;TU;TY;US;ZA;ZB;ZC;ZF;ZG;ZI;ZK;ZL;ZM;ZN;ZO;ZP;ZR;ZS;ZT;ZU;ZW;ZZ
1992-12-25,43,43,0,1,AN;BN;CC;CN;CT;DT;EC;FB;FN;GS;JN;JO;KC;LB;LX;MD;MW;NK;SB;SN;SP;SS;TU;TY;US;ZA;ZB;ZC;ZF;ZG;ZI;ZK;ZL;ZM;ZN;ZO;ZP;ZR;ZS;ZT;ZU;ZW;ZZ
1993-01-01,43,43,0,1,AN;BN;CC;CN;CT;DT;EC;FB;FN;GS;JN;JO;KC;LB;LX;MD;MW;NK;SB;SN;SP;SS;TU;TY;US;ZA;ZB;ZC;ZF;ZG;ZI;ZK;ZL;ZM;ZN;ZO;ZP;ZR;ZS;ZT;ZU;ZW;ZZ
1993-04-09,44,44,0,1,AN;BN;CC;CN;CT;DT;EC;FB;FN;GS;JN;JO;KC;LB;LX;MD;MW;NK;RL;SB;SN;SP;SS;TU;TY;US;ZA;ZB;ZC;ZF;ZG;ZI;ZK;ZL;ZM;ZN;ZO;ZP;ZR;ZS;ZT;ZU;ZW;ZZ
1993-05-31,44,44,0,1,AN;BN;CC;CN;CT;DT;EC;FB;FN;GS;JN;JO;KC;LB;LX;MD;MW;NK;RL;SB;SN;SP;SS;TU;TY;US;ZA;ZB;ZC;ZF;ZG;ZI;ZK;ZL;ZM;ZN;ZO;ZP;ZR;ZS;ZT;ZU;ZW;ZZ
1994-05-30,45,45,0,1,AN;BN;CC;CN;CT;DT;EC;FB;FN;GS;JN;JO;KC;LB;LX;MD;MW;NK;RL;SB;SC;SN;SP;SS;TU;TY;US;ZA;ZB;ZC;ZF;ZG;ZI;ZK;ZL;ZM;ZN;ZO;ZP;ZR;ZS;ZT;ZU;ZW;ZZ
1994-12-26,46,46,0,1,AN;BN;CB;CC;CN;CT;DT;EC;FB;FN;GS;JN;JO;KC;LB;LX;MD;MW;NK;RL;SB;SC;SN;SP;SS;TU;TY;US;ZA;ZB;ZC;ZF;ZG;ZI;ZK;ZL;ZM;ZN;ZO;ZP;ZR;ZS;ZT;ZU;ZW;ZZ
1995-01-02,46,46,0,1,AN;BN;CB;CC;CN;CT;DT;EC;FB;FN;GS;JN;JO;KC;LB;LX;MD;MW;NK;RL;SB;SC;SN;SP;SS;TU;TY;US;ZA;ZB;ZC;ZF;ZG;ZI;ZK;ZL;ZM;ZN;ZO;ZP;ZR;ZS;ZT;ZU;ZW;ZZ
1995-04-14,46,46,0,1,AN;BN;CB;CC;CN;CT;DT;EC;FB;FN;GS;JN;JO;KC;LB;LX;MD;MW;NK;RL;SB;SC;SN;SP;SS;TU;TY;US;ZA;ZB;ZC;ZF;ZG;ZI;ZK;ZL;ZM;ZN;ZO;ZP;ZR;ZS;ZT;ZU;ZW;ZZ
1995-12-25,47,47,0,1,AN;BN;CB;CC;CN;CT;DT;EC;FB;FN;GS;JN;JO;KC;LB;LX;MD;MP;MW;NK;RL;SB;SC;SN;SP;SS;TU;TY;US;ZA;ZB;ZC;ZF;ZG;ZI;ZK;ZL;ZM;ZN;ZO;ZP;ZR;ZS;ZT;ZU;ZW;ZZ
1996-01-01,47,47,0,1,AN;BN;CB;CC;CN;CT;DT;EC;FB;FN;GS;JN;JO;KC;LB;LX;MD;MP;MW;NK;RL;SB;SC;SN;SP;SS;TU;TY;US;ZA;ZB;ZC;ZF;ZG;ZI;ZK;ZL;ZM;ZN;ZO;ZP;ZR;ZS;ZT;ZU;ZW;ZZ
1996-12-25,48,48,0,1,AN;BN;CB;CC;CN;CT;DT;EC;FB;FN;GS;JN;JO;KC;LB;LX;MD;MP;MW;ND;NK;RL;SB;SC;SN;SP;SS;TU;TY;US;ZA;ZB;ZC;ZF;ZG;ZI;ZK;ZL;ZM;ZN;ZO;ZP;ZR;ZS;ZT;ZU;ZW;ZZ
1997-01-01,48,48,0,1,AN;BN;CB;CC;CN;CT;DT;EC;FB;FN;GS;JN;JO;KC;LB;LX;MD;MP;MW;ND;NK;RL;SB;SC;SN;SP;SS;TU;TY;US;ZA;ZB;ZC;ZF;ZG;ZI;ZK;ZL;ZM;ZN;ZO;ZP;ZR;ZS;ZT;ZU;ZW;ZZ
1997-03-28,48,48,0,1,AN;BN;CB;CC;CN;CT;DT;EC;FB;FN;GS;JN;JO;KC;LB;LX;MD;MP;MW;ND;NK;RL;SB;SC;SN;SP;SS;TU;TY;US;ZA;ZB;ZC;ZF;ZG;ZI;ZK;ZL;ZM;ZN;ZO;ZP;ZR;ZS;ZT;ZU;ZW;ZZ
1997-12-25,52,52,0,1,AN;AX;BN;CB;CC;CN;CT;DA;DT;EC;ES;FB;FN;GS;HS;JN;JO;KC;LB;LX;MD;MP;MW;ND;NK;RL;SB;SC;SN;SP;SS;TU;TY;US;ZA;ZB;ZC;ZF;ZG;ZI;ZK;ZL;ZM;ZN;ZO;ZP;ZR;ZS;ZT;ZU;ZW;ZZ
1998-01-01,52,52,0,1,AN;AX;BN;CB;CC;CN;CT;DA;DT;EC;ES;FB;FN;GS;HS;JN;JO;KC;LB;LX;MD;MP;MW;ND;NK;RL;SB;SC;SN;SP;SS;TU;TY;US;ZA;ZB;ZC;ZF;ZG;ZI;ZK;ZL;ZM;ZN;ZO;ZP;ZR;ZS;ZT;ZU;ZW;ZZ
1998-04-10,52,52,0,1,AN;AX;BN;CB;CC;CN;CT;DA;DT;EC;ES;FB;FN;GS;HS;JN;JO;KC;LB;LX;MD;MP;MW;ND;NK;RL;SB;SC;SN;SP;SS;TU;TY;US;ZA;ZB;ZC;ZF;ZG;ZI;ZK;ZL;ZM;ZN;ZO;ZP;ZR;ZS;ZT;ZU;ZW;ZZ
1998-12-25,53,53,0,1,AN;AX;BN;CB;CC;CN;CT;DA;DT;EC;ES;FB;FN;GS;HS;JN;JO;KC;LB;LX;MD;MP;MW;ND;NK;RL;SB;SC;SN;SP;SS;TU;TY;US;ZA;ZB;ZC;ZD;ZF;ZG;ZI;ZK;ZL;ZM;ZN;ZO;ZP;ZR;ZS;ZT;ZU;ZW;ZZ
1999-01-01,53,53,0,1,AN;AX;BN;CB;CC;CN;CT;DA;DT;EC;ES;FB;FN;GS;HS;JN;JO;KC;LB;LX;MD;MP;MW;ND;NK;RL;SB;SC;SN;SP;SS;TU;TY;US;ZA;ZB;ZC;ZD;ZF;ZG;ZI;ZK;ZL;ZM;ZN;ZO;ZP;ZR;ZS;ZT;ZU;ZW;ZZ
2000-04-21,57,57,0,1,AN;AX;BN;CA;CB;CC;CN;CT;DA;DT;EC;EN;ES;FB;FN;GS;HS;JN;JO;KC;LB;LX;MD;MP;MW;ND;NK;RL;SB;SC;SN;SP;SS;TU;TY;UB;US;UZ;ZA;ZB;ZC;ZD;ZF;ZG;ZI;ZK;ZL;ZM;ZN;ZO;ZP;ZR;ZS;ZT;ZU;ZW;ZZ
2000-12-25,57,57,0,1,AN;AX;BN;CA;CB;CC;CN;CT;DA;DT;EC;EN;ES;FB;FN;GS;HS;JN;JO;KC;LB;LX;MD;MP;MW;ND;NK;RL;SB;SC;SN;SP;SS;TU;TY;UB;US;UZ;ZA;ZB;ZC;ZD;ZF;ZG;ZI;ZK;ZL;ZM;ZN;ZO;ZP;ZR;ZS;ZT;ZU;ZW;ZZ
2001-01-01,57,57,0,1,AN;AX;BN;CA;CB;CC;CN;CT;DA;DT;EC;EN;ES;FB;FN;GS;HS;JN;JO;KC;LB;LX;MD;MP;MW;ND;NK;RL;SB;SC;SN;SP;SS;TU;TY;UB;US;UZ;ZA;ZB;ZC;ZD;ZF;ZG;ZI;ZK;ZL;ZM;ZN;ZO;ZP;ZR;ZS;ZT;ZU;ZW;ZZ
2001-04-13,58,58,0,1,AN;AX;BN;CA;CB;CC;CN;CT;DA;DT;EC;EN;ES;FB;FN;GS;HS;JN;JO;KC;LB;LX;MD;MP;MW;ND;NK;RL;SB;SC;SN;SP;SS;TU;TY;UB;US;UZ;XU;ZA;ZB;ZC;ZD;ZF;ZG;ZI;ZK;ZL;ZM;ZN;ZO;ZP;ZR;ZS;ZT;ZU;ZW;ZZ
2001-12-25,58,58,0,1,AN;AX;BN;CA;CB;CC;CN;CT;DA;DT;EC;EN;ES;FB;FN;GS;HS;JN;JO;KC;LB;LX;MD;MP;MW;ND;NK;RL;SB;SC;SN;SP;SS;TU;TY;UB;US;UZ;XU;ZA;ZB;ZC;ZD;ZF;ZG;ZI;ZK;ZL;ZM;ZN;ZO;ZP;ZR;ZS;ZT;ZU;ZW;ZZ
2002-01-01,58,58,0,1,AN;AX;BN;CA;CB;CC;CN;CT;DA;DT;EC;EN;ES;FB;FN;GS;HS;JN;JO;KC;LB;LX;MD;MP;MW;ND;NK;RL;SB;SC;SN;SP;SS;TU;TY;UB;US;UZ;XU;ZA;ZB;ZC;ZD;ZF;ZG;ZI;ZK;ZL;ZM;ZN;ZO;ZP;ZR;ZS;ZT;ZU;ZW;ZZ
2002-03-29,58,58,0,1,AN;AX;BN;CA;CB;CC;CN;CT;DA;DT;EC;EN;ES;FB;FN;GS;HS;JN;JO;KC;LB;LX;MD;MP;MW;ND;NK;RL;SB;SC;SN;SP;SS;TU;TY;UB;US;UZ;XU;ZA;ZB;ZC;ZD;ZF;ZG;ZI;ZK;ZL;ZM;ZN;ZO;ZP;ZR;ZS;ZT;ZU;ZW;ZZ
2002-12-25,61,61,0,1,AN;AX;BN;CA;CB;CC;CN;CT;DA;DT;EC;EN;ER;ES;FB;FN;GS;HS;JN;JO;KC;LB;LX;MD;MP;MW;ND;NK;RL;SB;SC;SN;SP;SS;TU;TY;UB;US;UZ;XU;XX;YM;ZA;ZB;ZC;ZD;ZF;ZG;ZI;ZK;ZL;ZM;ZN;ZO;ZP;ZR;ZS;ZT;ZU;ZW;ZZ
2003-01-01,61,61,0,1,AN;AX;BN;CA;CB;CC;CN;CT;DA;DT;EC;EN;ER;ES;FB;FN;GS;HS;JN;JO;KC;LB;LX;MD;MP;MW;ND;NK;RL;SB;SC;SN;SP;SS;TU;TY;UB;US;UZ;XU;XX;YM;ZA;ZB;ZC;ZD;ZF;ZG;ZI;ZK;ZL;ZM;ZN;ZO;ZP;ZR;ZS;ZT;ZU;ZW;ZZ
2003-04-18,61,61,0,1,AN;AX;BN;CA;CB;CC;CN;CT;DA;DT;EC;EN;ER;ES;FB;FN;GS;HS;JN;JO;KC;LB;LX;MD;MP;MW;ND;NK;RL;SB;SC;SN;SP;SS;TU;TY;UB;US;UZ;XU;XX;YM;ZA;ZB;ZC;ZD;ZF;ZG;ZI;ZK;ZL;ZM;ZN;ZO;ZP;ZR;ZS;ZT;ZU;ZW;ZZ
2003-12-25,61,61,0,1,AN;AX;BN;CA;CB;CC;CN;CT;DA;DT;EC;EN;ER;ES;FB;FN;GS;HS;JN;JO;KC;LB;LX;MD;MP;MW;ND;NK;RL;SB;SC;SN;SP;SS;TU;TY;UB;US;UZ;XU;XX;YM;ZA;ZB;ZC;ZD;ZF;ZG;ZI;ZK;ZL;ZM;ZN;ZO;ZP;ZR;ZS;ZT;ZU;ZW;ZZ
2004-01-01,61,61,0,1,AN;AX;BN;CA;CB;CC;CN;CT;DA;DT;EC;EN;ER;ES;FB;FN;GS;HS;JN;JO;KC;LB;LX;MD;MP;MW;ND;NK;RL;SB;SC;SN;SP;SS;TU;TY;UB;US;UZ;XU;XX;YM;ZA;ZB;ZC;ZD;ZF;ZG;ZI;ZK;ZL;ZM;ZN;ZO;ZP;ZR;ZS;ZT;ZU;ZW;ZZ
2004-04-09,61,61,0,1,AN;AX;BN;CA;CB;CC;CN;CT;DA;DT;EC;EN;ER;ES;FB;FN;GS;HS;JN;JO;KC;LB;LX;MD;MP;MW;ND;NK;RL;SB;SC;SN;SP;SS;TU;TY;UB;US;UZ;XU;XX;YM;ZA;ZB;ZC;ZD;ZF;ZG;ZI;ZK;ZL;ZM;ZN;ZO;ZP;ZR;ZS;ZT;ZU;ZW;ZZ
2005-03-25,61,61,0,1,AN;AX;BN;CA;CB;CC;CN;CT;DA;DT;EC;EN;ER;ES;FB;FN;GS;HS;JN;JO;KC;LB;LX;MD;MP;MW;ND;NK;RL;SB;SC;SN;SP;SS;TU;TY;UB;US;UZ;XU;XX;YM;ZA;ZB;ZC;ZD;ZF;ZG;ZI;ZK;ZL;ZM;ZN;ZO;ZP;ZR;ZS;ZT;ZU;ZW;ZZ
2005-12-26,61,61,0,1,AN;AX;BN;CA;CB;CC;CN;CT;DA;DT;EC;EN;ER;ES;FB;FN;GS;HS;JN;JO;KC;LB;LX;MD;MP;MW;ND;NK;RL;SB;SC;SN;SP;SS;TU;TY;UB;US;UZ;XU;XX;YM;ZA;ZB;ZC;ZD;ZF;ZG;ZI;ZK;ZL;ZM;ZN;ZO;ZP;ZR;ZS;ZT;ZU;ZW;ZZ
2006-04-14,61,61,0,1,AN;AX;BN;CA;CB;CC;CN;CT;DA;DT;EC;EN;ER;ES;FB;FN;GS;HS;JN;JO;KC;LB;LX;MD;MP;MW;ND;NK;RL;SB;SC;SN;SP;SS;TU;TY;UB;US;UZ;XU;XX;YM;ZA;ZB;ZC;ZD;ZF;ZG;ZI;ZK;ZL;ZM;ZN;ZO;ZP;ZR;ZS;ZT;ZU;ZW;ZZ
2006-12-25,61,61,0,1,AN;AX;BN;CA;CB;CC;CN;CT;DA;DT;EC;EN;ER;ES;FB;FN;GS;HS;JN;JO;KC;LB;LX;MD;MP;MW;ND;NK;RL;SB;SC;SN;SP;SS;TU;TY;UB;US;UZ;XU;XX;YM;ZA;ZB;ZC;ZD;ZF;ZG;ZI;ZK;ZL;ZM;ZN;ZO;ZP;ZR;ZS;ZT;ZU;ZW;ZZ
2007-01-01,61,61,0,1,AN;AX;BN;CA;CB;CC;CN;CT;DA;DT;EC;EN;ER;ES;FB;FN;GS;HS;JN;JO;KC;LB;LX;MD;MP;MW;ND;NK;RL;SB;SC;SN;SP;SS;TU;TY;UB;US;UZ;XU;XX;YM;ZA;ZB;ZC;ZD;ZF;ZG;ZI;ZK;ZL;ZM;ZN;ZO;ZP;ZR;ZS;ZT;ZU;ZW;ZZ
2007-12-25,61,61,0,1,AN;AX;BN;CA;CB;CC;CN;CT;DA;DT;EC;EN;ER;ES;FB;FN;GS;HS;JN;JO;KC;LB;LX;MD;MP;MW;ND;NK;RL;SB;SC;SN;SP;SS;TU;TY;UB;US;UZ;XU;XX;YM;ZA;ZB;ZC;ZD;ZF;ZG;ZI;ZK;ZL;ZM;ZN;ZO;ZP;ZR;ZS;ZT;ZU;ZW;ZZ
2008-01-01,61,61,0,1,AN;AX;BN;CA;CB;CC;CN;CT;DA;DT;EC;EN;ER;ES;FB;FN;GS;HS;JN;JO;KC;LB;LX;MD;MP;MW;ND;NK;RL;SB;SC;SN;SP;SS;TU;TY;UB;US;UZ;XU;XX;YM;ZA;ZB;ZC;ZD;ZF;ZG;ZI;ZK;ZL;ZM;ZN;ZO;ZP;ZR;ZS;ZT;ZU;ZW;ZZ
2008-03-21,61,61,0,1,AN;AX;BN;CA;CB;CC;CN;CT;DA;DT;EC;EN;ER;ES;FB;FN;GS;HS;JN;JO;KC;LB;LX;MD;MP;MW;ND;NK;RL;SB;SC;SN;SP;SS;TU;TY;UB;US;UZ;XU;XX;YM;ZA;ZB;ZC;ZD;ZF;ZG;ZI;ZK;ZL;ZM;ZN;ZO;ZP;ZR;ZS;ZT;ZU;ZW;ZZ
2008-12-25,61,61,0,1,AN;AP;AX;BN;CA;CB;CC;CN;CT;DA;DT;EC;EN;ER;ES;FB;FN;GS;HS;JN;JO;KC;LB;LX;MD;MP;MW;ND;NK;SB;SC;SN;SP;SS;TU;TY;UB;US;UZ;XU;XX;YM;ZA;ZB;ZC;ZD;ZF;ZG;ZI;ZK;ZL;ZM;ZN;ZO;ZP;ZR;ZS;ZT;ZU;ZW;ZZ
2009-01-01,61,61,0,1,AN;AP;AX;BN;CA;CB;CC;CN;CT;DA;DT;EC;EN;ER;ES;FB;FN;GS;HS;JN;JO;KC;LB;LX;MD;MP;MW;ND;NK;SB;SC;SN;SP;SS;TU;TY;UB;US;UZ;XU;XX;YM;ZA;ZB;ZC;ZD;ZF;ZG;ZI;ZK;ZL;ZM;ZN;ZO;ZP;ZR;ZS;ZT;ZU;ZW;ZZ
2009-04-10,61,61,0,1,AN;AP;AX;BN;CA;CB;CC;CN;CT;DA;DT;EC;EN;ER;ES;FB;FN;GS;HS;JN;JO;KC;LB;LX;MD;MP;MW;ND;NK;SB;SC;SN;SP;SS;TU;TY;UB;US;UZ;XU;XX;YM;ZA;ZB;ZC;ZD;ZF;ZG;ZI;ZK;ZL;ZM;ZN;ZO;ZP;ZR;ZS;ZT;ZU;ZW;ZZ
2009-12-25,61,61,0,1,AN;AP;AX;BN;CA;CB;CC;CN;CT;DA;DT;EC;EN;ER;ES;FB;FN;GS;HS;JN;JO;KC;LB;LX;MD;MP;MW;ND;NK;SB;SC;SN;SP;SS;TU;TY;UB;US;UZ;XU;XX;YM;ZA;ZB;ZC;ZD;ZF;ZG;ZI;ZK;ZL;ZM;ZN;ZO;ZP;ZR;ZS;ZT;ZU;ZW;ZZ
2010-01-01,61,61,0,1,AN;AP;AX;BN;CA;CB;CC;CN;CT;DA;DT;EC;EN;ER;ES;FB;FN;GS;HS;JN;JO;KC;LB;LX;MD;MP;MW;ND;NK;SB;SC;SN;SP;SS;TU;TY;UB;US;UZ;XU;XX;YM;ZA;ZB;ZC;ZD;ZF;ZG;ZI;ZK;ZL;ZM;ZN;ZO;ZP;ZR;ZS;ZT;ZU;ZW;ZZ
2011-12-26,61,61,0,1,AN;AP;AX;BN;CA;CB;CC;CN;CT;DA;DT;EC;EN;ER;ES;FB;FN;GS;HS;JN;JO;KC;LB;LX;MD;MP;MW;ND;NK;SB;SC;SN;SP;SS;TU;TY;UB;US;UZ;XU;XX;YM;ZA;ZB;ZC;ZD;ZF;ZG;ZI;ZK;ZL;ZM;ZN;ZO;ZP;ZR;ZS;ZT;ZU;ZW;ZZ
2012-01-02,61,61,0,1,AN;AP;AX;BN;CA;CB;CC;CN;CT;DA;DT;EC;EN;ER;ES;FB;FN;GS;HS;JN;JO;KC;LB;LX;MD;MP;MW;ND;NK;SB;SC;SN;SP;SS;TU;TY;UB;US;UZ;XU;XX;YM;ZA;ZB;ZC;ZD;ZF;ZG;ZI;ZK;ZL;ZM;ZN;ZO;ZP;ZR;ZS;ZT;ZU;ZW;ZZ
2012-12-25,61,61,0,1,AN;AP;AX;BN;CA;CB;CC;CN;CT;DA;DT;EC;EN;ER;ES;FB;FN;GS;HS;JN;JO;KC;LB;LX;MD;MP;MW;ND;NK;SB;SC;SN;SP;SS;TU;TY;UB;US;UZ;XU;XX;YM;ZA;ZB;ZC;ZD;ZF;ZG;ZI;ZK;ZL;ZM;ZN;ZO;ZP;ZR;ZS;ZT;ZU;ZW;ZZ
2013-01-01,61,61,0,1,AN;AP;AX;BN;CA;CB;CC;CN;CT;DA;DT;EC;EN;ER;ES;FB;FN;GS;HS;JN;JO;KC;LB;LX;MD;MP;MW;ND;NK;SB;SC;SN;SP;SS;TU;TY;UB;US;UZ;XU;XX;YM;ZA;ZB;ZC;ZD;ZF;ZG;ZI;ZK;ZL;ZM;ZN;ZO;ZP;ZR;ZS;ZT;ZU;ZW;ZZ
2013-12-25,61,61,0,1,AN;AP;AX;BN;CA;CB;CC;CN;CT;DA;DT;EC;EN;ER;ES;FB;FN;GS;HS;JN;JO;KC;LB;LX;MD;MP;MW;ND;NK;SB;SC;SN;SP;SS;TU;TY;UB;US;UZ;XU;XX;YM;ZA;ZB;ZC;ZD;ZF;ZG;ZI;ZK;ZL;ZM;ZN;ZO;ZP;ZR;ZS;ZT;ZU;ZW;ZZ
2014-01-01,61,61,0,1,AN;AP;AX;BN;CA;CB;CC;CN;CT;DA;DT;EC;EN;ER;ES;FB;FN;GS;HS;JN;JO;KC;LB;LX;MD;MP;MW;ND;NK;SB;SC;SN;SP;SS;TU;TY;UB;US;UZ;XU;XX;YM;ZA;ZB;ZC;ZD;ZF;ZG;ZI;ZK;ZL;ZM;ZN;ZO;ZP;ZR;ZS;ZT;ZU;ZW;ZZ
2014-07-04,61,61,0,1,AN;AP;AX;BN;CA;CB;CC;CN;CT;DA;DT;EC;EN;ER;ES;FB;FN;GS;HS;JN;JO;KC;LB;LX;MD;MP;MW;ND;NK;SB;SC;SN;SP;SS;TU;TY;UB;US;UZ;XU;XX;YM;ZA;ZB;ZC;ZD;ZF;ZG;ZI;ZK;ZL;ZM;ZN;ZO;ZP;ZR;ZS;ZT;ZU;ZW;ZZ
2014-12-25,61,61,0,1,AN;AP;AX;BN;CA;CB;CC;CN;CT;DA;DT;EC;EN;ER;ES;FB;FN;GS;HS;JN;JO;KC;LB;LX;MD;MP;MW;ND;NK;SB;SC;SN;SP;SS;TU;TY;UB;US;UZ;XU;XX;YM;ZA;ZB;ZC;ZD;ZF;ZG;ZI;ZK;ZL;ZM;ZN;ZO;ZP;ZR;ZS;ZT;ZU;ZW;ZZ
2010-12-24,61,60,1,0.983606557377,AN;AX;BN;CA;CB;CC;CN;CT;DA;DT;EC;EN;ER;ES;FB;FN;GS;HS;JN;JO;KC;LB;LX;MD;MP;MW;ND;NK;SB;SC;SN;SP;SS;TU;TY;UB;US;UZ;XU;XX;YM;ZA;ZB;ZC;ZD;ZF;ZG;ZI;ZK;ZL;ZM;ZN;ZO;ZP;ZR;ZS;ZT;ZU;ZW;ZZ
2011-04-22,61,60,1,0.983606557377,AN;AP;AX;BN;CA;CB;CC;CN;CT;DA;DT;EC;EN;ER;ES;FB;FN;GS;HS;JN;JO;KC;LB;LX;MD;MP;MW;ND;SB;SC;SN;SP;SS;TU;TY;UB;US;UZ;XU;XX;YM;ZA;ZB;ZC;ZD;ZF;ZG;ZI;ZK;ZL;ZM;ZN;ZO;ZP;ZR;ZS;ZT;ZU;ZW;ZZ
2013-03-29,61,60,1,0.983606557377,AN;AP;AX;BN;CA;CB;CC;CN;CT;DA;DT;EC;EN;ER;ES;FB;FN;GS;HS;JN;JO;KC;LB;LX;MD;MP;MW;ND;SB;SC;SN;SP;SS;TU;TY;UB;US;UZ;XU;XX;YM;ZA;ZB;ZC;ZD;ZF;ZG;ZI;ZK;ZL;ZM;ZN;ZO;ZP;ZR;ZS;ZT;ZU;ZW;ZZ
2014-04-18,61,60,1,0.983606557377,AN;AP;AX;BN;CA;CB;CC;CN;CT;DA;DT;EC;EN;ER;ES;FB;FN;GS;HS;JN;JO;KC;LB;LX;MD;MP;MW;ND;SB;SC;SN;SP;SS;TU;TY;UB;US;UZ;XU;XX;YM;ZA;ZB;ZC;ZD;ZF;ZG;ZI;ZK;ZL;ZM;ZN;ZO;ZP;ZR;ZS;ZT;ZU;ZW;ZZ
1996-05-27,48,47,1,0.979166666667,AN;BN;CC;CN;CT;DT;EC;FB;FN;GS;JN;JO;KC;LB;LX;MD;MP;MW;ND;NK;RL;SB;SC;SN;SP;SS;TU;TY;US;ZA;ZB;ZC;ZF;ZG;ZI;ZK;ZL;ZM;ZN;ZO;ZP;ZR;ZS;ZT;ZU;ZW;ZZ
1997-05-26,48,47,1,0.979166666667,AN;BN;CC;CN;CT;DT;EC;FB;FN;GS;JN;JO;KC;LB;LX;MD;MP;MW;ND;NK;RL;SB;SC;SN;SP;SS;TU;TY;US;ZA;ZB;ZC;ZF;ZG;ZI;ZK;ZL;ZM;ZN;ZO;ZP;ZR;ZS;ZT;ZU;ZW;ZZ
1995-05-29,47,46,1,0.978723404255,AN;BN;CC;CN;CT;DT;EC;FB;FN;GS;JN;JO;KC;LB;LX;MD;MP;MW;NK;RL;SB;SC;SN;SP;SS;TU;TY;US;ZA;ZB;ZC;ZF;ZG;ZI;ZK;ZL;ZM;ZN;ZO;ZP;ZR;ZS;ZT;ZU;ZW;ZZ
2007-05-28,61,58,3,0.950819672131,AN;AX;BN;CC;CN;CT;DA;DT;EC;EN;ER;ES;FB;FN;GS;JN;JO;KC;LB;LX;MD;MP;MW;ND;NK;RL;SB;SC;SN;SP;SS;TU;TY;UB;US;UZ;XU;XX;YM;ZA;ZB;ZC;ZD;ZF;ZG;ZI;ZK;ZL;ZM;ZN;ZO;ZP;ZR;ZS;ZT;ZU;ZW;ZZ
1998-05-25,53,50,3,0.943396226415,AN;BN;CC;CN;CT;DA;DT;EC;ES;FB;FN;GS;JN;JO;KC;LB;LX;MD;MP;MW;ND;NK;RL;SB;SC;SN;SP;SS;TU;TY;US;ZA;ZB;ZC;ZD;ZF;ZG;ZI;ZK;ZL;ZM;ZN;ZO;ZP;ZR;ZS;ZT;ZU;ZW;ZZ
1993-12-24,44,41,3,0.931818181818,AN;BN;CC;CN;CT;EC;FB;FN;JN;JO;KC;LB;MD;MW;NK;RL;SB;SN;SP;SS;TU;TY;US;ZA;ZB;ZC;ZF;ZG;ZI;ZK;ZL;ZM;ZN;ZO;ZP;ZR;ZS;ZT;ZU;ZW;ZZ
1999-12-24,57,53,4,0.929824561404,AN;AX;BN;CC;CN;CT;DA;DT;EC;EN;ES;FB;FN;GS;JN;JO;KC;LB;LX;MD;MP;MW;ND;NK;RL;SB;SC;SN;SP;TU;TY;UB;US;UZ;ZA;ZB;ZC;ZD;ZF;ZG;ZI;ZK;ZL;ZM;ZN;ZO;ZP;ZR;ZS;ZT;ZU;ZW;ZZ
1991-02-18,41,38,3,0.926829268293,AN;BN;CC;CN;CT;EC;FB;FN;JN;JO;KC;LB;MW;NK;SB;SN;SP;TU;TY;US;ZA;ZB;ZC;ZF;ZG;ZI;ZK;ZL;ZM;ZN;ZO;ZP;ZR;ZS;ZT;ZU;ZW;ZZ
1991-07-04,41,38,3,0.926829268293,AN;BN;CC;CN;CT;EC;FB;FN;JN;JO;KC;LB;MW;NK;SB;SN;SP;TU;TY;US;ZA;ZB;ZC;ZF;ZG;ZI;ZK;ZL;ZM;ZN;ZO;ZP;ZR;ZS;ZT;ZU;ZW;ZZ
1991-09-02,41,38,3,0.926829268293,AN;BN;CC;CN;CT;EC;FB;FN;JN;JO;KC;LB;MW;NK;SB;SN;SP;TU;TY;US;ZA;ZB;ZC;ZF;ZG;ZI;ZK;ZL;ZM;ZN;ZO;ZP;ZR;ZS;ZT;ZU;ZW;ZZ
1990-11-22,39,36,3,0.923076923077,AN;BN;CC;CN;CT;EC;FB;FN;JN;JO;KC;LB;MW;SB;SN;SP;TU;TY;US;ZA;ZB;ZC;ZF;ZG;ZI;ZK;ZL;ZM;ZO;ZP;ZR;ZS;ZT;ZU;ZW;ZZ
1990-02-19,38,35,3,0.921052631579,AN;BN;CC;CN;CT;EC;FB;FN;JN;JO;KC;LB;MW;SB;SN;SP;TY;US;ZA;ZB;ZC;ZF;ZG;ZI;ZK;ZL;ZM;ZO;ZP;ZR;ZS;ZT;ZU;ZW;ZZ
1990-07-04,38,35,3,0.921052631579,AN;BN;CC;CN;CT;EC;FB;FN;JN;JO;KC;LB;MW;SB;SN;SP;TY;US;ZA;ZB;ZC;ZF;ZG;ZI;ZK;ZL;ZM;ZO;ZP;ZR;ZS;ZT;ZU;ZW;ZZ
1990-09-03,38,35,3,0.921052631579,AN;BN;CC;CN;CT;EC;FB;FN;JN;JO;KC;LB;MW;SB;SN;SP;TY;US;ZA;ZB;ZC;ZF;ZG;ZI;ZK;ZL;ZM;ZO;ZP;ZR;ZS;ZT;ZU;ZW;ZZ
1996-09-02,48,44,4,0.916666666667,AN;BN;CB;CC;CN;CT;EC;FB;FN;JN;JO;KC;LB;MD;MP;MW;ND;NK;RL;SB;SC;SN;SP;TU;TY;US;ZA;ZB;ZC;ZF;ZG;ZI;ZK;ZL;ZM;ZN;ZO;ZP;ZR;ZS;ZT;ZU;ZW;ZZ
1997-09-01,48,44,4,0.916666666667,AN;BN;CB;CC;CN;CT;EC;FB;FN;JN;JO;KC;LB;MD;MP;MW;ND;NK;RL;SB;SC;SN;SP;TU;TY;US;ZA;ZB;ZC;ZF;ZG;ZI;ZK;ZL;ZM;ZN;ZO;ZP;ZR;ZS;ZT;ZU;ZW;ZZ
1995-09-04,47,43,4,0.914893617021,AN;BN;CB;CC;CN;CT;EC;FB;FN;JN;JO;KC;LB;MD;MP;MW;NK;RL;SB;SC;SN;SP;TU;TY;US;ZA;ZB;ZC;ZF;ZG;ZI;ZK;ZL;ZM;ZN;ZO;ZP;ZR;ZS;ZT;ZU;ZW;ZZ
1994-09-05,46,42,4,0.913043478261,AN;BN;CB;CC;CN;CT;EC;FB;FN;JN;JO;KC;LB;MD;MW;NK;RL;SB;SC;SN;SP;TU;TY;US;ZA;ZB;ZC;ZF;ZG;ZI;ZK;ZL;ZM;ZN;ZO;ZP;ZR;ZS;ZT;ZU;ZW;ZZ
1994-04-27,45,41,4,0.911111111111,AN;BN;CC;CN;CT;EC;FB;FN;JN;JO;KC;LB;MD;MW;NK;RL;SB;SC;SN;SP;TU;TY;US;ZA;ZB;ZC;ZF;ZG;ZI;ZK;ZL;ZM;ZN;ZO;ZP;ZR;ZS;ZT;ZU;ZW;ZZ
1993-02-15,44,40,4,0.909090909091,AN;BN;CC;CN;CT;EC;FB;FN;JN;JO;KC;LB;MD;MW;NK;RL;SB;SN;SP;TU;TY;US;ZA;ZB;ZC;ZF;ZG;ZI;ZK;ZL;ZM;ZN;ZO;ZP;ZR;ZS;ZT;ZU;ZW;ZZ
1993-07-05,44,40,4,0.909090909091,AN;BN;CC;CN;CT;EC;FB;FN;JN;JO;KC;LB;MD;MW;NK;RL;SB;SN;SP;TU;TY;US;ZA;ZB;ZC;ZF;ZG;ZI;ZK;ZL;ZM;ZN;ZO;ZP;ZR;ZS;ZT;ZU;ZW;ZZ
1993-09-06,44,40,4,0.909090909091,AN;BN;CC;CN;CT;EC;FB;FN;JN;JO;KC;LB;MD;MW;NK;RL;SB;SN;SP;TU;TY;US;ZA;ZB;ZC;ZF;ZG;ZI;ZK;ZL;ZM;ZN;ZO;ZP;ZR;ZS;ZT;ZU;ZW;ZZ
1993-11-25,44,40,4,0.909090909091,AN;BN;CC;CN;CT;EC;FB;FN;JN;JO;KC;LB;MD;MW;NK;RL;SB;SN;SP;TU;TY;US;ZA;ZB;ZC;ZF;ZG;ZI;ZK;ZL;ZM;ZN;ZO;ZP;ZR;ZS;ZT;ZU;ZW;ZZ
1994-02-21,44,40,4,0.909090909091,AN;BN;CC;CN;CT;EC;FB;FN;JN;JO;KC;LB;MD;MW;NK;RL;SB;SN;SP;TU;TY;US;ZA;ZB;ZC;ZF;ZG;ZI;ZK;ZL;ZM;ZN;ZO;ZP;ZR;ZS;ZT;ZU;ZW;ZZ
1992-02-17,43,39,4,0.906976744186,AN;BN;CC;CN;CT;EC;FB;FN;JN;JO;KC;LB;MD;MW;NK;SB;SN;SP;TU;TY;US;ZA;ZB;ZC;ZF;ZG;ZI;ZK;ZL;ZM;ZN;ZO;ZP;ZR;ZS;ZT;ZU;ZW;ZZ
1992-07-03,43,39,4,0.906976744186,AN;BN;CC;CN;CT;EC;FB;FN;JN;JO;KC;LB;MD;MW;NK;SB;SN;SP;TU;TY;US;ZA;ZB;ZC;ZF;ZG;ZI;ZK;ZL;ZM;ZN;ZO;ZP;ZR;ZS;ZT;ZU;ZW;ZZ
1992-09-07,43,39,4,0.906976744186,AN;BN;CC;CN;CT;EC;FB;FN;JN;JO;KC;LB;MD;MW;NK;SB;SN;SP;TU;TY;US;ZA;ZB;ZC;ZF;ZG;ZI;ZK;ZL;ZM;ZN;ZO;ZP;ZR;ZS;ZT;ZU;ZW;ZZ
1992-11-26,43,39,4,0.906976744186,AN;BN;CC;CN;CT;EC;FB;FN;JN;JO;KC;LB;MD;MW;NK;SB;SN;SP;TU;TY;US;ZA;ZB;ZC;ZF;ZG;ZI;ZK;ZL;ZM;ZN;ZO;ZP;ZR;ZS;ZT;ZU;ZW;ZZ
1991-11-28,42,38,4,0.904761904762,AN;BN;CC;CN;CT;EC;FB;FN;JN;JO;KC;LB;MW;NK;SB;SN;SP;TU;TY;US;ZA;ZB;ZC;ZF;ZG;ZI;ZK;ZL;ZM;ZN;ZO;ZP;ZR;ZS;ZT;ZU;ZW;ZZ
2004-12-24,61,55,6,0.901639344262,AN;AX;BN;CC;CN;CT;DA;DT;EC;EN;ER;ES;FB;FN;JN;JO;KC;LB;MD;MP;MW;ND;NK;RL;SB;SC;SN;SP;TU;TY;UB;US;UZ;XU;XX;YM;ZA;ZB;ZC;ZD;ZF;ZG;ZI;ZK;ZL;ZM;ZN;ZO;ZP;ZR;ZS;ZT;ZU;ZW;ZZ
1996-07-04,48,43,5,0.895833333333,AN;BN;CC;CN;CT;EC;FB;FN;JN;JO;KC;LB;MD;MP;MW;ND;NK;RL;SB;SC;SN;SP;TU;TY;US;ZA;ZB;ZC;ZF;ZG;ZI;ZK;ZL;ZM;ZN;ZO;ZP;ZR;ZS;ZT;ZU;ZW;ZZ
1996-11-28,48,43,5,0.895833333333,AN;BN;CC;CN;CT;EC;FB;FN;JN;JO;KC;LB;MD;MP;MW;ND;NK;RL;SB;SC;SN;SP;TU;TY;US;ZA;ZB;ZC;ZF;ZG;ZI;ZK;ZL;ZM;ZN;ZO;ZP;ZR;ZS;ZT;ZU;ZW;ZZ
1997-02-17,48,43,5,0.895833333333,AN;BN;CC;CN;CT;EC;FB;FN;JN;JO;KC;LB;MD;MP;MW;ND;NK;RL;SB;SC;SN;SP;TU;TY;US;ZA;ZB;ZC;ZF;ZG;ZI;ZK;ZL;ZM;ZN;ZO;ZP;ZR;ZS;ZT;ZU;ZW;ZZ
1997-07-04,48,43,5,0.895833333333,AN;BN;CC;CN;CT;EC;FB;FN;JN;JO;KC;LB;MD;MP;MW;ND;NK;RL;SB;SC;SN;SP;TU;TY;US;ZA;ZB;ZC;ZF;ZG;ZI;ZK;ZL;ZM;ZN;ZO;ZP;ZR;ZS;ZT;ZU;ZW;ZZ
2000-02-21,57,51,6,0.894736842105,AN;AX;BN;CC;CN;CT;DA;DT;EC;EN;ES;FB;FN;GS;JN;JO;KC;LB;LX;MD;MP;MW;ND;NK;RL;SB;SC;SN;SP;TU;TY;US;ZA;ZB;ZC;ZD;ZF;ZG;ZI;ZK;ZL;ZM;ZN;ZO;ZP;ZR;ZS;ZT;ZU;ZW;ZZ
1995-07-04,47,42,5,0.893617021277,AN;BN;CC;CN;CT;EC;FB;FN;JN;JO;KC;LB;MD;MP;MW;NK;RL;SB;SC;SN;SP;TU;TY;US;ZA;ZB;ZC;ZF;ZG;ZI;ZK;ZL;ZM;ZN;ZO;ZP;ZR;ZS;ZT;ZU;ZW;ZZ
1995-11-23,47,42,5,0.893617021277,AN;BN;CC;CN;CT;EC;FB;FN;JN;JO;KC;LB;MD;MP;MW;NK;RL;SB;SC;SN;SP;TU;TY;US;ZA;ZB;ZC;ZF;ZG;ZI;ZK;ZL;ZM;ZN;ZO;ZP;ZR;ZS;ZT;ZU;ZW;ZZ
1996-02-19,47,42,5,0.893617021277,AN;BN;CC;CN;CT;EC;FB;FN;JN;JO;KC;LB;MD;MP;MW;NK;RL;SB;SC;SN;SP;TU;TY;US;ZA;ZB;ZC;ZF;ZG;ZI;ZK;ZL;ZM;ZN;ZO;ZP;ZR;ZS;ZT;ZU;ZW;ZZ
1994-07-04,46,41,5,0.891304347826,AN;BN;CC;CN;CT;EC;FB;FN;JN;JO;KC;LB;MD;MW;NK;RL;SB;SC;SN;SP;TU;TY;US;ZA;ZB;ZC;ZF;ZG;ZI;ZK;ZL;ZM;ZN;ZO;ZP;ZR;ZS;ZT;ZU;ZW;ZZ
1994-11-24,46,41,5,0.891304347826,AN;BN;CC;CN;CT;EC;FB;FN;JN;JO;KC;LB;MD;MW;NK;RL;SB;SC;SN;SP;TU;TY;US;ZA;ZB;ZC;ZF;ZG;ZI;ZK;ZL;ZM;ZN;ZO;ZP;ZR;ZS;ZT;ZU;ZW;ZZ
1995-02-20,46,41,5,0.891304347826,AN;BN;CC;CN;CT;EC;FB;FN;JN;JO;KC;LB;MD;MW;NK;RL;SB;SC;SN;SP;TU;TY;US;ZA;ZB;ZC;ZF;ZG;ZI;ZK;ZL;ZM;ZN;ZO;ZP;ZR;ZS;ZT;ZU;ZW;ZZ
1998-09-07,53,47,6,0.88679245283,AN;BN;CB;CC;CN;CT;DA;EC;ES;FB;FN;JN;JO;KC;LB;MD;MP;MW;ND;NK;RL;SB;SC;SN;SP;TU;TY;US;ZA;ZB;ZC;ZD;ZF;ZG;ZI;ZK;ZL;ZM;ZN;ZO;ZP;ZR;ZS;ZT;ZU;ZW;ZZ
2006-01-02,61,54,7,0.885245901639,AN;BN;CB;CC;CN;CT;DA;EC;EN;ER;ES;FB;FN;GS;HS;JN;JO;KC;LB;LX;MD;MP;MW;ND;NK;RL;SB;SC;SN;SP;SS;TU;TY;US;YM;ZA;ZB;ZC;ZD;ZF;ZG;ZI;ZK;ZL;ZM;ZN;ZO;ZP;ZR;ZS;ZT;ZU;ZW;ZZ
2002-05-27,59,52,7,0.881355932203,AN;AX;BN;CC;CN;CT;DA;DT;EC;EN;ES;FB;FN;GS;JN;JO;KC;LB;LX;MD;MP;MW;ND;NK;RL;SB;SC;SN;SP;TU;TY;US;YM;ZA;ZB;ZC;ZD;ZF;ZG;ZI;ZK;ZL;ZM;ZN;ZO;ZP;ZR;ZS;ZT;ZU;ZW;ZZ
2001-07-04,58,51,7,0.879310344828,AN;AX;BN;CC;CN;CT;DA;DT;EC;EN;ES;FB;FN;GS;JN;JO;KC;LB;LX;MD;MP;MW;ND;NK;RL;SB;SC;SN;SP;TU;TY;US;ZA;ZB;ZC;ZD;ZF;ZG;ZI;ZK;ZL;ZM;ZN;ZO;ZP;ZR;ZS;ZT;ZU;ZW;ZZ
1998-07-03,53,46,7,0.867924528302,AN;BN;CC;CN;CT;DA;EC;ES;FB;FN;JN;JO;KC;LB;MD;MP;MW;ND;NK;RL;SB;SC;SN;SP;TU;TY;US;ZA;ZB;ZC;ZD;ZF;ZG;ZI;ZK;ZL;ZM;ZN;ZO;ZP;ZR;ZS;ZT;ZU;ZW;ZZ
1998-11-26,53,46,7,0.867924528302,AN;BN;CC;CN;CT;DA;EC;ES;FB;FN;JN;JO;KC;LB;MD;MP;MW;ND;NK;RL;SB;SC;SN;SP;TU;TY;US;ZA;ZB;ZC;ZD;ZF;ZG;ZI;ZK;ZL;ZM;ZN;ZO;ZP;ZR;ZS;ZT;ZU;ZW;ZZ
1997-11-27,52,45,7,0.865384615385,AN;BN;CC;CN;CT;DA;EC;ES;FB;FN;JN;JO;KC;LB;MD;MP;MW;ND;NK;RL;SB;SC;SN;SP;TU;TY;US;ZA;ZB;ZC;ZF;ZG;ZI;ZK;ZL;ZM;ZN;ZO;ZP;ZR;ZS;ZT;ZU;ZW;ZZ
1998-01-19,52,45,7,0.865384615385,AN;BN;CC;CN;CT;DA;EC;ES;FB;FN;JN;JO;KC;LB;MD;MP;MW;ND;NK;RL;SB;SC;SN;SP;TU;TY;US;ZA;ZB;ZC;ZF;ZG;ZI;ZK;ZL;ZM;ZN;ZO;ZP;ZR;ZS;ZT;ZU;ZW;ZZ
1998-02-16,52,45,7,0.865384615385,AN;BN;CC;CN;CT;DA;EC;ES;FB;FN;JN;JO;KC;LB;MD;MP;MW;ND;NK;RL;SB;SC;SN;SP;TU;TY;US;ZA;ZB;ZC;ZF;ZG;ZI;ZK;ZL;ZM;ZN;ZO;ZP;ZR;ZS;ZT;ZU;ZW;ZZ
2001-05-28,58,50,8,0.862068965517,AN;BN;CC;CN;CT;DA;EC;EN;ES;FB;FN;GS;JN;JO;KC;LB;LX;MD;MP;MW;ND;NK;RL;SB;SC;SN;SP;SS;TU;TY;US;ZA;ZB;ZC;ZD;ZF;ZG;ZI;ZK;ZL;ZM;ZN;ZO;ZP;ZR;ZS;ZT;ZU;ZW;ZZ
1999-04-02,56,48,8,0.857142857143,AN;AX;BN;CC;CN;CT;DA;DT;FN;GS;HS;JN;JO;KC;LB;LX;MD;MP;MW;ND;NK;RL;SB;SC;SN;SP;SS;UB;UZ;ZA;ZB;ZC;ZD;ZF;ZG;ZI;ZK;ZL;ZM;ZN;ZO;ZP;ZR;ZS;ZT;ZU;ZW;ZZ
1999-05-31,56,48,8,0.857142857143,AN;BN;CC;CN;CT;DA;EC;FB;FN;GS;JN;JO;KC;LB;LX;MD;MP;MW;ND;NK;RL;SB;SC;SN;SP;SS;TU;TY;US;ZA;ZB;ZC;ZD;ZF;ZG;ZI;ZK;ZL;ZM;ZN;ZO;ZP;ZR;ZS;ZT;ZU;ZW;ZZ
2003-05-26,61,52,9,0.852459016393,AN;BN;CC;CN;CT;DA;EC;EN;ER;ES;FB;FN;GS;JN;JO;KC;LB;LX;MD;MP;MW;ND;NK;RL;SB;SC;SN;SP;SS;TU;TY;US;YM;ZA;ZB;ZC;ZD;ZF;ZG;ZI;ZK;ZL;ZM;ZN;ZO;ZP;ZR;ZS;ZT;ZU;ZW;ZZ
2004-05-31,61,52,9,0.852459016393,AN;BN;CC;CN;CT;DA;EC;EN;ER;ES;FB;FN;GS;JN;JO;KC;LB;LX;MD;MP;MW;ND;NK;RL;SB;SC;SN;SP;SS;TU;TY;US;YM;ZA;ZB;ZC;ZD;ZF;ZG;ZI;ZK;ZL;ZM;ZN;ZO;ZP;ZR;ZS;ZT;ZU;ZW;ZZ
2005-05-30,61,52,9,0.852459016393,AN;BN;CC;CN;CT;DA;EC;EN;ER;ES;FB;FN;GS;JN;JO;KC;LB;LX;MD;MP;MW;ND;NK;RL;SB;SC;SN;SP;SS;TU;TY;US;YM;ZA;ZB;ZC;ZD;ZF;ZG;ZI;ZK;ZL;ZM;ZN;ZO;ZP;ZR;ZS;ZT;ZU;ZW;ZZ
1999-09-06,57,48,9,0.842105263158,AN;BN;CB;CC;CN;CT;DA;EC;EN;ES;FB;FN;JN;JO;KC;LB;MD;MP;MW;ND;NK;RL;SB;SC;SN;SP;TU;TY;US;ZA;ZB;ZC;ZD;ZF;ZG;ZI;ZK;ZL;ZM;ZN;ZO;ZP;ZR;ZS;ZT;ZU;ZW;ZZ
2000-05-29,57,48,9,0.842105263158,AN;BN;CC;CN;CT;DA;EC;FB;FN;GS;JN;JO;KC;LB;LX;MD;MP;MW;ND;NK;RL;SB;SC;SN;SP;SS;TU;TY;US;ZA;ZB;ZC;ZD;ZF;ZG;ZI;ZK;ZL;ZM;ZN;ZO;ZP;ZR;ZS;ZT;ZU;ZW;ZZ
2000-09-04,57,48,9,0.842105263158,AN;BN;CB;CC;CN;CT;DA;EC;EN;ES;FB;FN;JN;JO;KC;LB;MD;MP;MW;ND;NK;RL;SB;SC;SN;SP;TU;TY;US;ZA;ZB;ZC;ZD;ZF;ZG;ZI;ZK;ZL;ZM;ZN;ZO;ZP;ZR;ZS;ZT;ZU;ZW;ZZ
2009-05-25,61,51,10,0.83606557377,AN;BN;CC;CN;CT;DA;EC;EN;ER;ES;FB;FN;GS;JN;JO;KC;LB;LX;MD;MP;MW;ND;NK;SB;SC;SN;SP;SS;TU;TY;US;YM;ZA;ZB;ZC;ZD;ZF;ZG;ZI;ZK;ZL;ZM;ZN;ZO;ZP;ZR;ZS;ZT;ZU;ZW;ZZ
2001-09-03,58,48,10,0.827586206897,AN;BN;CB;CC;CN;CT;DA;EC;EN;ES;FB;FN;JN;JO;KC;LB;MD;MP;MW;ND;NK;RL;SB;SC;SN;SP;TU;TY;US;ZA;ZB;ZC;ZD;ZF;ZG;ZI;ZK;ZL;ZM;ZN;ZO;ZP;ZR;ZS;ZT;ZU;ZW;ZZ
2001-09-12,58,48,10,0.827586206897,AN;BN;CB;CC;CN;CT;DA;EC;EN;ES;FB;FN;JN;JO;KC;LB;MD;MP;MW;ND;NK;RL;SB;SC;SN;SP;TU;TY;US;ZA;ZB;ZC;ZD;ZF;ZG;ZI;ZK;ZL;ZM;ZN;ZO;ZP;ZR;ZS;ZT;ZU;ZW;ZZ
1999-07-05,57,47,10,0.824561403509,AN;BN;CC;CN;CT;DA;EC;EN;ES;FB;FN;JN;JO;KC;LB;MD;MP;MW;ND;NK;RL;SB;SC;SN;SP;TU;TY;US;ZA;ZB;ZC;ZD;ZF;ZG;ZI;ZK;ZL;ZM;ZN;ZO;ZP;ZR;ZS;ZT;ZU;ZW;ZZ
1999-11-25,57,47,10,0.824561403509,AN;BN;CC;CN;CT;DA;EC;EN;ES;FB;FN;JN;JO;KC;LB;MD;MP;MW;ND;NK;RL;SB;SC;SN;SP;TU;TY;US;ZA;ZB;ZC;ZD;ZF;ZG;ZI;ZK;ZL;ZM;ZN;ZO;ZP;ZR;ZS;ZT;ZU;ZW;ZZ
2000-07-04,57,47,10,0.824561403509,AN;BN;CC;CN;CT;DA;EC;EN;ES;FB;FN;JN;JO;KC;LB;MD;MP;MW;ND;NK;RL;SB;SC;SN;SP;TU;TY;US;ZA;ZB;ZC;ZD;ZF;ZG;ZI;ZK;ZL;ZM;ZN;ZO;ZP;ZR;ZS;ZT;ZU;ZW;ZZ
2000-11-23,57,47,10,0.824561403509,AN;BN;CC;CN;CT;DA;EC;EN;ES;FB;FN;JN;JO;KC;LB;MD;MP;MW;ND;NK;RL;SB;SC;SN;SP;TU;TY;US;ZA;ZB;ZC;ZD;ZF;ZG;ZI;ZK;ZL;ZM;ZN;ZO;ZP;ZR;ZS;ZT;ZU;ZW;ZZ
2001-01-15,57,47,10,0.824561403509,AN;BN;CC;CN;CT;DA;EC;EN;ES;FB;FN;JN;JO;KC;LB;MD;MP;MW;ND;NK;RL;SB;SC;SN;SP;TU;TY;US;ZA;ZB;ZC;ZD;ZF;ZG;ZI;ZK;ZL;ZM;ZN;ZO;ZP;ZR;ZS;ZT;ZU;ZW;ZZ
2001-02-19,57,47,10,0.824561403509,AN;BN;CC;CN;CT;DA;EC;EN;ES;FB;FN;JN;JO;KC;LB;MD;MP;MW;ND;NK;RL;SB;SC;SN;SP;TU;TY;US;ZA;ZB;ZC;ZD;ZF;ZG;ZI;ZK;ZL;ZM;ZN;ZO;ZP;ZR;ZS;ZT;ZU;ZW;ZZ
1999-01-18,56,46,10,0.821428571429,AN;BN;CC;CN;CT;DA;EC;ES;FB;FN;JN;JO;KC;LB;MD;MP;MW;ND;NK;RL;SB;SC;SN;SP;TU;TY;US;ZA;ZB;ZC;ZD;ZF;ZG;ZI;ZK;ZL;ZM;ZN;ZO;ZP;ZR;ZS;ZT;ZU;ZW;ZZ
1999-02-15,56,46,10,0.821428571429,AN;BN;CC;CN;CT;DA;EC;ES;FB;FN;JN;JO;KC;LB;MD;MP;MW;ND;NK;RL;SB;SC;SN;SP;TU;TY;US;ZA;ZB;ZC;ZD;ZF;ZG;ZI;ZK;ZL;ZM;ZN;ZO;ZP;ZR;ZS;ZT;ZU;ZW;ZZ
2003-09-01,61,50,11,0.819672131148,AN;BN;CB;CC;CN;CT;DA;EC;EN;ER;ES;FB;FN;JN;JO;KC;LB;MD;MP;MW;ND;NK;RL;SB;SC;SN;SP;TU;TY;US;YM;ZA;ZB;ZC;ZD;ZF;ZG;ZI;ZK;ZL;ZM;ZN;ZO;ZP;ZR;ZS;ZT;ZU;ZW;ZZ
2004-09-06,61,50,11,0.819672131148,AN;BN;CB;CC;CN;CT;DA;EC;EN;ER;ES;FB;FN;JN;JO;KC;LB;MD;MP;MW;ND;NK;RL;SB;SC;SN;SP;TU;TY;US;YM;ZA;ZB;ZC;ZD;ZF;ZG;ZI;ZK;ZL;ZM;ZN;ZO;ZP;ZR;ZS;ZT;ZU;ZW;ZZ
2005-09-05,61,50,11,0.819672131148,AN;BN;CB;CC;CN;CT;DA;EC;EN;ER;ES;FB;FN;JN;JO;KC;LB;MD;MP;MW;ND;NK;RL;SB;SC;SN;SP;TU;TY;US;YM;ZA;ZB;ZC;ZD;ZF;ZG;ZI;ZK;ZL;ZM;ZN;ZO;ZP;ZR;ZS;ZT;ZU;ZW;ZZ
2006-09-04,61,50,11,0.819672131148,AN;BN;CB;CC;CN;CT;DA;EC;EN;ER;ES;FB;FN;JN;JO;KC;LB;MD;MP;MW;ND;NK;RL;SB;SC;SN;SP;TU;TY;US;YM;ZA;ZB;ZC;ZD;ZF;ZG;ZI;ZK;ZL;ZM;ZN;ZO;ZP;ZR;ZS;ZT;ZU;ZW;ZZ
2007-02-19,61,50,11,0.819672131148,AN;BN;CC;CN;CT;DA;EC;EN;ER;ES;FB;FN;HS;JN;JO;KC;LB;MD;MP;MW;ND;NK;RL;SB;SC;SN;SP;TU;TY;US;YM;ZA;ZB;ZC;ZD;ZF;ZG;ZI;ZK;ZL;ZM;ZN;ZO;ZP;ZR;ZS;ZT;ZU;ZW;ZZ
2007-09-03,61,50,11,0.819672131148,AN;BN;CB;CC;CN;CT;DA;EC;EN;ER;ES;FB;FN;JN;JO;KC;LB;MD;MP;MW;ND;NK;RL;SB;SC;SN;SP;TU;TY;US;YM;ZA;ZB;ZC;ZD;ZF;ZG;ZI;ZK;ZL;ZM;ZN;ZO;ZP;ZR;ZS;ZT;ZU;ZW;ZZ
2008-02-18,61,50,11,0.819672131148,AN;BN;CB;CC;CN;CT;DA;EC;EN;ER;ES;FB;FN;JN;JO;KC;LB;MD;MP;MW;ND;NK;RL;SB;SC;SN;SP;TU;TY;US;YM;ZA;ZB;ZC;ZD;ZF;ZG;ZI;ZK;ZL;ZM;ZN;ZO;ZP;ZR;ZS;ZT;ZU;ZW;ZZ
1973-10-08,11,9,2,0.818181818182,CT;JO;ZC;ZI;ZL;ZM;ZP;ZS;ZW
2002-09-02,60,49,11,0.816666666667,AN;BN;CB;CC;CN;CT;DA;EC;EN;ES;FB;FN;JN;JO;KC;LB;MD;MP;MW;ND;NK;RL;SB;SC;SN;SP;TU;TY;US;YM;ZA;ZB;ZC;ZD;ZF;ZG;ZI;ZK;ZL;ZM;ZN;ZO;ZP;ZR;ZS;ZT;ZU;ZW;ZZ
2001-11-22,58,47,11,0.810344827586,AN;BN;CC;CN;CT;DA;EC;EN;ES;FB;FN;JN;JO;KC;LB;MD;MP;MW;ND;NK;RL;SB;SC;SN;SP;TU;TY;US;ZA;ZB;ZC;ZD;ZF;ZG;ZI;ZK;ZL;ZM;ZN;ZO;ZP;ZR;ZS;ZT;ZU;ZW;ZZ
2002-01-21,58,47,11,0.810344827586,AN;BN;CC;CN;CT;DA;EC;EN;ES;FB;FN;JN;JO;KC;LB;MD;MP;MW;ND;NK;RL;SB;SC;SN;SP;TU;TY;US;ZA;ZB;ZC;ZD;ZF;ZG;ZI;ZK;ZL;ZM;ZN;ZO;ZP;ZR;ZS;ZT;ZU;ZW;ZZ
2002-02-18,58,47,11,0.810344827586,AN;BN;CC;CN;CT;DA;EC;EN;ES;FB;FN;JN;JO;KC;LB;MD;MP;MW;ND;NK;RL;SB;SC;SN;SP;TU;TY;US;ZA;ZB;ZC;ZD;ZF;ZG;ZI;ZK;ZL;ZM;ZN;ZO;ZP;ZR;ZS;ZT;ZU;ZW;ZZ
2002-11-28,61,49,12,0.803278688525,AN;BN;CC;CN;CT;DA;EC;EN;ER;ES;FB;FN;JN;JO;KC;LB;MD;MP;MW;ND;NK;RL;SB;SC;SN;SP;TU;TY;US;YM;ZA;ZB;ZC;ZD;ZF;ZG;ZI;ZK;ZL;ZM;ZN;ZO;ZP;ZR;ZS;ZT;ZU;ZW;ZZ
2003-01-20,61,49,12,0.803278688525,AN;BN;CC;CN;CT;DA;EC;EN;ER;ES;FB;FN;JN;JO;KC;LB;MD;MP;MW;ND;NK;RL;SB;SC;SN;SP;TU;TY;US;YM;ZA;ZB;ZC;ZD;ZF;ZG;ZI;ZK;ZL;ZM;ZN;ZO;ZP;ZR;ZS;ZT;ZU;ZW;ZZ
2003-02-17,61,49,12,0.803278688525,AN;BN;CC;CN;CT;DA;EC;EN;ER;ES;FB;FN;JN;JO;KC;LB;MD;MP;MW;ND;NK;RL;SB;SC;SN;SP;TU;TY;US;YM;ZA;ZB;ZC;ZD;ZF;ZG;ZI;ZK;ZL;ZM;ZN;ZO;ZP;ZR;ZS;ZT;ZU;ZW;ZZ
2003-07-04,61,49,12,0.803278688525,AN;BN;CC;CN;CT;DA;EC;EN;ER;ES;FB;FN;JN;JO;KC;LB;MD;MP;MW;ND;NK;RL;SB;SC;SN;SP;TU;TY;US;YM;ZA;ZB;ZC;ZD;ZF;ZG;ZI;ZK;ZL;ZM;ZN;ZO;ZP;ZR;ZS;ZT;ZU;ZW;ZZ
2003-11-27,61,49,12,0.803278688525,AN;BN;CC;CN;CT;DA;EC;EN;ER;ES;FB;FN;JN;JO;KC;LB;MD;MP;MW;ND;NK;RL;SB;SC;SN;SP;TU;TY;US;YM;ZA;ZB;ZC;ZD;ZF;ZG;ZI;ZK;ZL;ZM;ZN;ZO;ZP;ZR;ZS;ZT;ZU;ZW;ZZ
2004-01-19,61,49,12,0.803278688525,AN;BN;CC;CN;CT;DA;EC;EN;ER;ES;FB;FN;JN;JO;KC;LB;MD;MP;MW;ND;NK;RL;SB;SC;SN;SP;TU;TY;US;YM;ZA;ZB;ZC;ZD;ZF;ZG;ZI;ZK;ZL;ZM;ZN;ZO;ZP;ZR;ZS;ZT;ZU;ZW;ZZ
2004-02-16,61,49,12,0.803278688525,AN;BN;CC;CN;CT;DA;EC;EN;ER;ES;FB;FN;JN;JO;KC;LB;MD;MP;MW;ND;NK;RL;SB;SC;SN;SP;TU;TY;US;YM;ZA;ZB;ZC;ZD;ZF;ZG;ZI;ZK;ZL;ZM;ZN;ZO;ZP;ZR;ZS;ZT;ZU;ZW;ZZ
2004-07-05,61,49,12,0.803278688525,AN;BN;CC;CN;CT;DA;EC;EN;ER;ES;FB;FN;JN;JO;KC;LB;MD;MP;MW;ND;NK;RL;SB;SC;SN;SP;TU;TY;US;YM;ZA;ZB;ZC;ZD;ZF;ZG;ZI;ZK;ZL;ZM;ZN;ZO;ZP;ZR;ZS;ZT;ZU;ZW;ZZ
2004-11-25,61,49,12,0.803278688525,AN;BN;CC;CN;CT;DA;EC;EN;ER;ES;FB;FN;JN;JO;KC;LB;MD;MP;MW;ND;NK;RL;SB;SC;SN;SP;TU;TY;US;YM;ZA;ZB;ZC;ZD;ZF;ZG;ZI;ZK;ZL;ZM;ZN;ZO;ZP;ZR;ZS;ZT;ZU;ZW;ZZ
2005-01-17,61,49,12,0.803278688525,AN;BN;CC;CN;CT;DA;EC;EN;ER;ES;FB;FN;JN;JO;KC;LB;MD;MP;MW;ND;NK;RL;SB;SC;SN;SP;TU;TY;US;YM;ZA;ZB;ZC;ZD;ZF;ZG;ZI;ZK;ZL;ZM;ZN;ZO;ZP;ZR;ZS;ZT;ZU;ZW;ZZ
2005-02-21,61,49,12,0.803278688525,AN;BN;CC;CN;CT;DA;EC;EN;ER;ES;FB;FN;JN;JO;KC;LB;MD;MP;MW;ND;NK;RL;SB;SC;SN;SP;TU;TY;US;YM;ZA;ZB;ZC;ZD;ZF;ZG;ZI;ZK;ZL;ZM;ZN;ZO;ZP;ZR;ZS;ZT;ZU;ZW;ZZ
2005-07-04,61,49,12,0.803278688525,AN;BN;CC;CN;CT;DA;EC;EN;ER;ES;FB;FN;JN;JO;KC;LB;MD;MP;MW;ND;NK;RL;SB;SC;SN;SP;TU;TY;US;YM;ZA;ZB;ZC;ZD;ZF;ZG;ZI;ZK;ZL;ZM;ZN;ZO;ZP;ZR;ZS;ZT;ZU;ZW;ZZ
2005-11-24,61,49,12,0.803278688525,AN;BN;CC;CN;CT;DA;EC;EN;ER;ES;FB;FN;JN;JO;KC;LB;MD;MP;MW;ND;NK;RL;SB;SC;SN;SP;TU;TY;US;YM;ZA;ZB;ZC;ZD;ZF;ZG;ZI;ZK;ZL;ZM;ZN;ZO;ZP;ZR;ZS;ZT;ZU;ZW;ZZ
2006-01-16,61,49,12,0.803278688525,AN;BN;CC;CN;CT;DA;EC;EN;ER;ES;FB;FN;JN;JO;KC;LB;MD;MP;MW;ND;NK;RL;SB;SC;SN;SP;TU;TY;US;YM;ZA;ZB;ZC;ZD;ZF;ZG;ZI;ZK;ZL;ZM;ZN;ZO;ZP;ZR;ZS;ZT;ZU;ZW;ZZ
2006-02-20,61,49,12,0.803278688525,AN;BN;CC;CN;CT;DA;EC;EN;ER;ES;FB;FN;JN;JO;KC;LB;MD;MP;MW;ND;NK;RL;SB;SC;SN;SP;TU;TY;US;YM;ZA;ZB;ZC;ZD;ZF;ZG;ZI;ZK;ZL;ZM;ZN;ZO;ZP;ZR;ZS;ZT;ZU;ZW;ZZ
2006-05-29,61,49,12,0.803278688525,AN;BN;CC;CN;CT;DA;EC;EN;ER;ES;FB;FN;JN;JO;KC;LB;MD;MP;MW;ND;NK;RL;SB;SC;SN;SP;TU;TY;US;YM;ZA;ZB;ZC;ZD;ZF;ZG;ZI;ZK;ZL;ZM;ZN;ZO;ZP;ZR;ZS;ZT;ZU;ZW;ZZ
2006-07-04,61,49,12,0.803278688525,AN;BN;CC;CN;CT;DA;EC;EN;ER;ES;FB;FN;JN;JO;KC;LB;MD;MP;MW;ND;NK;RL;SB;SC;SN;SP;TU;TY;US;YM;ZA;ZB;ZC;ZD;ZF;ZG;ZI;ZK;ZL;ZM;ZN;ZO;ZP;ZR;ZS;ZT;ZU;ZW;ZZ
2006-11-23,61,49,12,0.803278688525,AN;BN;CC;CN;CT;DA;EC;EN;ER;ES;FB;FN;JN;JO;KC;LB;MD;MP;MW;ND;NK;RL;SB;SC;SN;SP;TU;TY;US;YM;ZA;ZB;ZC;ZD;ZF;ZG;ZI;ZK;ZL;ZM;ZN;ZO;ZP;ZR;ZS;ZT;ZU;ZW;ZZ
2007-01-15,61,49,12,0.803278688525,AN;BN;CC;CN;CT;DA;EC;EN;ER;ES;FB;FN;JN;JO;KC;LB;MD;MP;MW;ND;NK;RL;SB;SC;SN;SP;TU;TY;US;YM;ZA;ZB;ZC;ZD;ZF;ZG;ZI;ZK;ZL;ZM;ZN;ZO;ZP;ZR;ZS;ZT;ZU;ZW;ZZ
2007-07-04,61,49,12,0.803278688525,AN;BN;CC;CN;CT;DA;EC;EN;ER;ES;FB;FN;JN;JO;KC;LB;MD;MP;MW;ND;NK;RL;SB;SC;SN;SP;TU;TY;US;YM;ZA;ZB;ZC;ZD;ZF;ZG;ZI;ZK;ZL;ZM;ZN;ZO;ZP;ZR;ZS;ZT;ZU;ZW;ZZ
2007-11-22,61,49,12,0.803278688525,AN;BN;CC;CN;CT;DA;EC;EN;ER;ES;FB;FN;JN;JO;KC;LB;MD;MP;MW;ND;NK;RL;SB;SC;SN;SP;TU;TY;US;YM;ZA;ZB;ZC;ZD;ZF;ZG;ZI;ZK;ZL;ZM;ZN;ZO;ZP;ZR;ZS;ZT;ZU;ZW;ZZ
2008-01-21,61,49,12,0.803278688525,AN;BN;CC;CN;CT;DA;EC;EN;ER;ES;FB;FN;JN;JO;KC;LB;MD;MP;MW;ND;NK;RL;SB;SC;SN;SP;TU;TY;US;YM;ZA;ZB;ZC;ZD;ZF;ZG;ZI;ZK;ZL;ZM;ZN;ZO;ZP;ZR;ZS;ZT;ZU;ZW;ZZ
2009-02-16,61,49,12,0.803278688525,AN;BN;CB;CC;CN;CT;DA;EC;EN;ER;ES;FB;FN;JN;JO;KC;LB;MD;MP;MW;ND;NK;SB;SC;SN;SP;TU;TY;US;YM;ZA;ZB;ZC;ZD;ZF;ZG;ZI;ZK;ZL;ZM;ZN;ZO;ZP;ZR;ZS;ZT;ZU;ZW;ZZ
2010-02-15,61,49,12,0.803278688525,AN;BN;CB;CC;CN;CT;DA;EC;EN;ER;ES;FB;FN;HS;JN;JO;KC;LB;MD;MP;MW;ND;SB;SC;SN;SP;TU;TY;US;YM;ZA;ZB;ZC;ZD;ZF;ZG;ZI;ZK;ZL;ZM;ZN;ZO;ZP;ZR;ZS;ZT;ZU;ZW;ZZ
2010-05-31,61,49,12,0.803278688525,AN;BN;CC;CN;CT;DA;EC;EN;ER;ES;FB;FN;GS;JN;JO;KC;LB;MD;MP;MW;ND;SB;SC;SN;SP;SS;TU;TY;US;YM;ZA;ZB;ZC;ZD;ZF;ZG;ZI;ZK;ZL;ZM;ZN;ZO;ZP;ZR;ZS;ZT;ZU;ZW;ZZ
2013-05-27,61,49,12,0.803278688525,AN;BN;CC;CN;CT;DA;EC;EN;ES;FB;FN;GS;JN;JO;KC;LB;LX;MD;MP;MW;ND;SB;SC;SN;SP;SS;TU;TY;US;YM;ZA;ZB;ZC;ZD;ZF;ZG;ZI;ZK;ZL;ZM;ZN;ZO;ZP;ZR;ZS;ZT;ZU;ZW;ZZ
2002-07-04,60,48,12,0.8,AN;BN;CC;CN;CT;DA;EC;EN;ES;FB;FN;JN;JO;KC;LB;MD;MP;MW;ND;NK;RL;SB;SC;SN;SP;TU;TY;US;YM;ZA;ZB;ZC;ZD;ZF;ZG;ZI;ZK;ZL;ZM;ZN;ZO;ZP;ZR;ZS;ZT;ZU;ZW;ZZ
2008-11-27,62,49,13,0.790322580645,AN;BN;CC;CN;CT;DA;EC;EN;ER;ES;FB;FN;JN;JO;KC;LB;MD;MP;MW;ND;NK;RL;SB;SC;SN;SP;TU;TY;US;YM;ZA;ZB;ZC;ZD;ZF;ZG;ZI;ZK;ZL;ZM;ZN;ZO;ZP;ZR;ZS;ZT;ZU;ZW;ZZ
2000-01-17,57,45,12,0.789473684211,CC;CN;CT;DA;EC;EN;ES;FB;FN;JN;JO;KC;LB;MD;MP;MW;ND;NK;RL;SB;SC;SN;SP;TU;TY;US;ZA;ZB;ZC;ZD;ZF;ZG;ZI;ZK;ZL;ZM;ZN;ZO;ZP;ZR;ZS;ZT;ZU;ZW;ZZ
2007-04-06,61,48,13,0.786885245902,AX;CA;CB;CC;CT;DA;DT;EN;ER;ES;GS;HS;JO;KC;LB;LX;MD;MW;ND;NK;RL;SB;SC;SP;SS;UB;UZ;XU;XX;ZA;ZB;ZC;ZD;ZF;ZG;ZI;ZK;ZL;ZM;ZN;ZO;ZP;ZR;ZS;ZT;ZU;ZW;ZZ
2009-09-07,61,48,13,0.786885245902,AN;BN;CB;CC;CN;CT;DA;EC;EN;ER;ES;FB;FN;JN;JO;KC;LB;MD;MP;MW;ND;SB;SC;SN;SP;TU;TY;US;YM;ZA;ZB;ZC;ZD;ZF;ZG;ZI;ZK;ZL;ZM;ZN;ZO;ZP;ZR;ZS;ZT;ZU;ZW;ZZ
2010-04-02,61,48,13,0.786885245902,AP;AX;CA;CB;CC;CT;DA;DT;EN;ER;ES;GS;HS;JO;KC;LB;LX;MD;MW;ND;SB;SC;SP;SS;UB;UZ;XU;XX;YM;ZA;ZB;ZC;ZD;ZF;ZG;ZI;ZK;ZL;ZM;ZN;ZO;ZP;ZR;ZS;ZT;ZU;ZW;ZZ
2010-09-06,61,48,13,0.786885245902,AN;BN;CB;CC;CN;CT;DA;EC;EN;ER;ES;FB;FN;JN;JO;KC;LB;MD;MP;MW;ND;SB;SC;SN;SP;TU;TY;US;YM;ZA;ZB;ZC;ZD;ZF;ZG;ZI;ZK;ZL;ZM;ZN;ZO;ZP;ZR;ZS;ZT;ZU;ZW;ZZ
2012-02-20,61,48,13,0.786885245902,AN;BN;CB;CC;CN;CT;DA;EC;EN;ER;ES;FB;FN;JN;JO;KC;LB;MD;MP;MW;ND;SB;SC;SN;SP;TU;TY;US;YM;ZA;ZB;ZC;ZD;ZF;ZG;ZI;ZK;ZL;ZM;ZN;ZO;ZP;ZR;ZS;ZT;ZU;ZW;ZZ
2012-09-03,61,48,13,0.786885245902,AN;BN;CB;CC;CN;CT;DA;EC;EN;ER;ES;FB;FN;JN;JO;KC;LB;MD;MP;MW;ND;SB;SC;SN;SP;TU;TY;US;YM;ZA;ZB;ZC;ZD;ZF;ZG;ZI;ZK;ZL;ZM;ZN;ZO;ZP;ZR;ZS;ZT;ZU;ZW;ZZ
2013-01-21,61,48,13,0.786885245902,AN;BN;CB;CC;CN;CT;DA;EC;EN;ER;ES;FB;FN;JN;JO;KC;LB;MD;MP;MW;ND;SB;SC;SN;SP;TU;TY;US;YM;ZA;ZB;ZC;ZD;ZF;ZG;ZI;ZK;ZL;ZM;ZN;ZO;ZP;ZR;ZS;ZT;ZU;ZW;ZZ
2013-02-18,61,48,13,0.786885245902,AN;BN;CB;CC;CN;CT;DA;EC;EN;ER;ES;FB;FN;JN;JO;KC;LB;MD;MP;MW;ND;SB;SC;SN;SP;TU;TY;US;YM;ZA;ZB;ZC;ZD;ZF;ZG;ZI;ZK;ZL;ZM;ZN;ZO;ZP;ZR;ZS;ZT;ZU;ZW;ZZ
2013-09-02,61,48,13,0.786885245902,AN;BN;CB;CC;CN;CT;DA;EC;EN;ER;ES;FB;FN;JN;JO;KC;LB;MD;MP;MW;ND;SB;SC;SN;SP;TU;TY;US;YM;ZA;ZB;ZC;ZD;ZF;ZG;ZI;ZK;ZL;ZM;ZN;ZO;ZP;ZR;ZS;ZT;ZU;ZW;ZZ
2014-02-17,61,48,13,0.786885245902,AN;BN;CB;CC;CN;CT;DA;EC;EN;ER;ES;FB;FN;JN;JO;KC;LB;MD;MP;MW;ND;SB;SC;SN;SP;TU;TY;US;YM;ZA;ZB;ZC;ZD;ZF;ZG;ZI;ZK;ZL;ZM;ZN;ZO;ZP;ZR;ZS;ZT;ZU;ZW;ZZ
2014-05-26,61,48,13,0.786885245902,AN;BN;CB;CC;CN;CT;DA;EC;EN;ER;ES;FB;FN;JN;JO;KC;LB;MD;MP;MW;ND;SB;SC;SN;SP;TU;TY;US;YM;ZA;ZB;ZC;ZD;ZF;ZG;ZI;ZK;ZL;ZM;ZN;ZO;ZP;ZR;ZS;ZT;ZU;ZW;ZZ
2004-06-11,61,47,14,0.770491803279,CC;CN;CT;DA;EC;EN;ER;ES;FB;FN;JN;JO;KC;LB;MD;MP;MW;ND;NK;RL;SB;SC;SN;SP;TU;TY;US;YM;ZA;ZB;ZC;ZD;ZF;ZG;ZI;ZK;ZL;ZM;ZN;ZO;ZP;ZR;ZS;ZT;ZU;ZW;ZZ
2008-05-26,61,47,14,0.770491803279,AN;BN;CC;CN;CT;DA;EC;EN;ER;ES;FB;FN;GS;JN;JO;KC;LB;LX;MD;MP;MW;ND;NK;RL;SB;SC;SN;SP;SS;TU;TY;US;YM;ZB;ZC;ZD;ZF;ZL;ZM;ZN;ZO;ZR;ZS;ZT;ZU;ZW;ZZ
2009-01-19,61,47,14,0.770491803279,AN;BN;CC;CN;CT;DA;EC;EN;ES;FB;FN;JN;JO;KC;LB;MD;MP;MW;ND;NK;SB;SC;SN;SP;TU;TY;US;YM;ZA;ZB;ZC;ZD;ZF;ZG;ZI;ZK;ZL;ZM;ZN;ZO;ZP;ZR;ZS;ZT;ZU;ZW;ZZ
2009-11-26,61,47,14,0.770491803279,AN;BN;CC;CN;CT;DA;EC;EN;ER;ES;FB;FN;JN;JO;KC;LB;MD;MP;MW;ND;SB;SC;SN;SP;TU;TY;US;YM;ZA;ZB;ZC;ZD;ZF;ZG;ZI;ZK;ZL;ZM;ZN;ZO;ZP;ZR;ZS;ZT;ZU;ZW;ZZ
2010-01-18,61,47,14,0.770491803279,AN;BN;CC;CN;CT;DA;EC;EN;ER;ES;FB;FN;JN;JO;KC;LB;MD;MP;MW;ND;SB;SC;SN;SP;TU;TY;US;YM;ZA;ZB;ZC;ZD;ZF;ZG;ZI;ZK;ZL;ZM;ZN;ZO;ZP;ZR;ZS;ZT;ZU;ZW;ZZ
2010-07-05,61,47,14,0.770491803279,AN;BN;CC;CN;CT;DA;EC;EN;ER;ES;FB;FN;JN;JO;KC;LB;MD;MP;MW;ND;SB;SC;SN;SP;TU;TY;US;YM;ZA;ZB;ZC;ZD;ZF;ZG;ZI;ZK;ZL;ZM;ZN;ZO;ZP;ZR;ZS;ZT;ZU;ZW;ZZ
2011-02-21,61,47,14,0.770491803279,AN;BN;CB;CC;CN;CT;DA;EC;EN;ES;FB;FN;JN;JO;KC;LB;MD;MP;MW;ND;SB;SC;SN;SP;TU;TY;US;YM;ZA;ZB;ZC;ZD;ZF;ZG;ZI;ZK;ZL;ZM;ZN;ZO;ZP;ZR;ZS;ZT;ZU;ZW;ZZ
2011-09-05,61,47,14,0.770491803279,AN;BN;CB;CC;CN;CT;DA;EC;EN;ES;FB;FN;JN;JO;KC;LB;MD;MP;MW;ND;SB;SC;SN;SP;TU;TY;US;YM;ZA;ZB;ZC;ZD;ZF;ZG;ZI;ZK;ZL;ZM;ZN;ZO;ZP;ZR;ZS;ZT;ZU;ZW;ZZ
2012-01-16,61,47,14,0.770491803279,AN;BN;CC;CN;CT;DA;EC;EN;ER;ES;FB;FN;JN;JO;KC;LB;MD;MP;MW;ND;SB;SC;SN;SP;TU;TY;US;YM;ZA;ZB;ZC;ZD;ZF;ZG;ZI;ZK;ZL;ZM;ZN;ZO;ZP;ZR;ZS;ZT;ZU;ZW;ZZ
2012-05-28,61,47,14,0.770491803279,AN;BN;CB;CC;CN;CT;DA;EC;EN;ES;FB;FN;JN;JO;KC;LB;MD;MP;MW;ND;SB;SC;SN;SP;TU;TY;US;YM;ZA;ZB;ZC;ZD;ZF;ZG;ZI;ZK;ZL;ZM;ZN;ZO;ZP;ZR;ZS;ZT;ZU;ZW;ZZ
2012-07-04,61,47,14,0.770491803279,AN;BN;CB;CC;CN;CT;DA;EC;EN;ES;FB;FN;JN;JO;KC;LB;MD;MP;MW;ND;SB;SC;SN;SP;TU;TY;US;YM;ZA;ZB;ZC;ZD;ZF;ZG;ZI;ZK;ZL;ZM;ZN;ZO;ZP;ZR;ZS;ZT;ZU;ZW;ZZ
2014-09-01,61,47,14,0.770491803279,AN;BN;CB;CC;CN;CT;DA;EC;EN;ES;FB;FN;JN;JO;KC;LB;MD;MP;MW;ND;SB;SC;SN;SP;TU;TY;US;YM;ZA;ZB;ZC;ZD;ZF;ZG;ZI;ZK;ZL;ZM;ZN;ZO;ZP;ZR;ZS;ZT;ZU;ZW;ZZ
1994-04-01,45,34,11,0.755555555556,CC;CT;DT;GS;JO;KC;LB;LX;MD;MW;NK;RL;SB;SC;SP;SS;ZA;ZB;ZC;ZF;ZG;ZI;ZK;ZL;ZM;ZN;ZO;ZP;ZR;ZS;ZT;ZU;ZW;ZZ
2011-05-30,61,46,15,0.754098360656,AN;BN;CC;CN;CT;DA;EC;EN;ES;FB;FN;JN;JO;KC;LB;MD;MP;MW;ND;SB;SC;SN;SP;TU;TY;US;YM;ZA;ZB;ZC;ZD;ZF;ZG;ZI;ZK;ZL;ZM;ZN;ZO;ZP;ZR;ZS;ZT;ZU;ZW;ZZ
2011-07-04,61,46,15,0.754098360656,AN;BN;CC;CN;CT;DA;EC;EN;ES;FB;FN;JN;JO;KC;LB;MD;MP;MW;ND;SB;SC;SN;SP;TU;TY;US;YM;ZA;ZB;ZC;ZD;ZF;ZG;ZI;ZK;ZL;ZM;ZN;ZO;ZP;ZR;ZS;ZT;ZU;ZW;ZZ
2011-11-24,61,46,15,0.754098360656,AN;BN;CC;CN;CT;DA;EC;EN;ES;FB;FN;JN;JO;KC;LB;MD;MP;MW;ND;SB;SC;SN;SP;TU;TY;US;YM;ZA;ZB;ZC;ZD;ZF;ZG;ZI;ZK;ZL;ZM;ZN;ZO;ZP;ZR;ZS;ZT;ZU;ZW;ZZ
2012-11-22,61,46,15,0.754098360656,AN;BN;CC;CN;CT;DA;EC;EN;ES;FB;FN;JN;JO;KC;LB;MD;MP;MW;ND;SB;SC;SN;SP;TU;TY;US;YM;ZA;ZB;ZC;ZD;ZF;ZG;ZI;ZK;ZL;ZM;ZN;ZO;ZP;ZR;ZS;ZT;ZU;ZW;ZZ
2013-07-04,61,46,15,0.754098360656,AN;BN;CC;CN;CT;DA;EC;EN;ES;FB;FN;JN;JO;KC;LB;MD;MP;MW;ND;SB;SC;SN;SP;TU;TY;US;YM;ZA;ZB;ZC;ZD;ZF;ZG;ZI;ZK;ZL;ZM;ZN;ZO;ZP;ZR;ZS;ZT;ZU;ZW;ZZ
2013-11-28,61,46,15,0.754098360656,AN;BN;CC;CN;CT;DA;EC;EN;ES;FB;FN;JN;JO;KC;LB;MD;MP;MW;ND;SB;SC;SN;SP;TU;TY;US;YM;ZA;ZB;ZC;ZD;ZF;ZG;ZI;ZK;ZL;ZM;ZN;ZO;ZP;ZR;ZS;ZT;ZU;ZW;ZZ
2014-01-20,61,46,15,0.754098360656,AN;BN;CC;CN;CT;DA;EC;EN;ES;FB;FN;JN;JO;KC;LB;MD;MP;MW;ND;SB;SC;SN;SP;TU;TY;US;YM;ZA;ZB;ZC;ZD;ZF;ZG;ZI;ZK;ZL;ZM;ZN;ZO;ZP;ZR;ZS;ZT;ZU;ZW;ZZ
2014-11-27,61,46,15,0.754098360656,AN;BN;CC;CN;CT;DA;EC;EN;ES;FB;FN;JN;JO;KC;LB;MD;MP;MW;ND;SB;SC;SN;SP;TU;TY;US;YM;ZA;ZB;ZC;ZD;ZF;ZG;ZI;ZK;ZL;ZM;ZN;ZO;ZP;ZR;ZS;ZT;ZU;ZW;ZZ
1996-04-05,47,35,12,0.744680851064,CB;CC;CT;DT;GS;JO;KC;LB;LX;MD;MW;NK;RL;SB;SC;SP;SS;ZA;ZB;ZC;ZF;ZG;ZI;ZK;ZL;ZM;ZN;ZO;ZP;ZR;ZS;ZT;ZU;ZW;ZZ
2011-01-17,61,45,16,0.737704918033,AN;BN;CC;CN;CT;DA;EC;EN;ES;FB;FN;JN;JO;KC;LB;MD;MP;ND;SB;SC;SN;SP;TU;TY;US;YM;ZA;ZB;ZC;ZD;ZF;ZG;ZI;ZK;ZL;ZM;ZN;ZO;ZP;ZR;ZS;ZT;ZU;ZW;ZZ
2010-11-25,61,44,17,0.72131147541,AN;BN;CC;CN;DA;EC;EN;ES;FB;FN;JN;JO;KC;LB;MD;MP;ND;SB;SC;SN;SP;TU;TY;US;YM;ZA;ZB;ZC;ZD;ZF;ZG;ZI;ZK;ZL;ZM;ZN;ZO;ZP;ZR;ZS;ZT;ZU;ZW;ZZ
2008-09-01,61,43,18,0.704918032787,AN;BN;CB;CC;CN;CT;DA;EC;EN;ER;ES;FB;FN;JN;JO;KC;LB;MD;MP;MW;ND;NK;RL;SB;SC;SN;SP;TU;TY;US;YM;ZC;ZD;ZF;ZL;ZM;ZO;ZR;ZS;ZT;ZU;ZW;ZZ
1977-07-14,19,13,6,0.684210526316,BN;CT;FN;JO;KC;LB;SB;SN;ZG;ZI;ZP;ZT;ZZ
2012-04-06,61,39,22,0.639344262295,AP;AX;CA;CB;CC;CT;DA;DT;GS;HS;JO;KC;LB;LX;MW;SB;SS;UB;UZ;XU;XX;ZA;ZB;ZC;ZF;ZG;ZI;ZK;ZL;ZM;ZN;ZO;ZP;ZR;ZS;ZT;ZU;ZW;ZZ
1999-12-31,57,35,22,0.614035087719,AX;CA;CC;CT;DA;DT;GS;HS;JO;KC;LB;LX;MW;SB;SS;UB;UZ;ZA;ZB;ZC;ZF;ZG;ZI;ZK;ZL;ZM;ZN;ZO;ZP;ZR;ZS;ZT;ZU;ZW;ZZ
2007-01-02,61,37,24,0.606557377049,CC;CT;DA;EN;ER;ES;JO;KC;LB;MD;MW;ND;NK;RL;SB;SC;SP;YM;ZA;ZB;ZC;ZD;ZF;ZG;ZI;ZK;ZL;ZM;ZN;ZO;ZP;ZR;ZS;ZT;ZU;ZW;ZZ
1982-11-02,27,16,11,0.592592592593,CC;CT;JO;KC;MW;SB;US;ZC;ZG;ZI;ZL;ZM;ZO;ZP;ZS;ZW
1982-12-31,27,16,11,0.592592592593,CC;CT;JO;KC;MW;SB;US;ZC;ZG;ZI;ZL;ZM;ZO;ZP;ZS;ZW
1974-02-12,13,7,6,0.538461538462,KC;ZC;ZI;ZL;ZM;ZS;ZW
2004-12-31,61,32,29,0.524590163934,AX;CC;CT;DA;DT;JO;KC;LB;MW;SB;UB;UZ;XU;XX;ZA;ZB;ZC;ZF;ZG;ZI;ZK;ZL;ZM;ZN;ZO;ZP;ZR;ZS;ZT;ZU;ZW;ZZ
1993-12-31,44,22,22,0.5,CC;CT;JO;KC;MW;SB;SS;ZA;ZB;ZC;ZG;ZI;ZK;ZL;ZM;ZN;ZO;ZP;ZR;ZS;ZU;ZW
2008-07-04,61,30,31,0.491803278689,CC;CN;CT;DA;EN;ER;JO;KC;LB;MD;MP;MW;ND;NK;RL;SB;SP;ZB;ZC;ZF;ZL;ZM;ZN;ZO;ZR;ZS;ZT;ZU;ZW;ZZ
2009-07-03,61,28,33,0.459016393443,CC;CT;DA;EC;ER;FB;JO;KC;LB;MD;MP;ND;NK;SB;SC;SP;TU;TY;US;YM;ZB;ZD;ZF;ZN;ZS;ZT;ZU;ZZ
1983-11-25,29,13,16,0.448275862069,BN;CN;EC;FN;JN;LB;SN;SP;ZA;ZF;ZP;ZT;ZZ
2001-12-24,58,26,32,0.448275862069,AX;CC;CT;DT;JO;KC;MW;SB;UB;UZ;XU;ZA;ZB;ZC;ZG;ZI;ZK;ZL;ZM;ZN;ZO;ZP;ZR;ZS;ZU;ZW
2003-12-26,61,26,35,0.426229508197,AX;CA;CB;CC;CT;DA;DT;GS;HS;JO;KC;LX;SB;SS;UB;UZ;XU;XX;ZA;ZB;ZG;ZI;ZK;ZN;ZP;ZU
2001-09-11,58,24,34,0.413793103448,CT;DA;JO;KC;LB;MD;MW;ND;RL;SB;SP;ZB;ZC;ZF;ZL;ZM;ZN;ZO;ZR;ZS;ZT;ZU;ZW;ZZ
1978-11-24,23,9,14,0.391304347826,BN;CN;FN;JN;LB;SN;ZF;ZT;ZZ
1973-10-22,11,4,7,0.363636363636,CT;JO;ZI;ZP
2001-09-13,58,21,37,0.362068965517,CC;CT;EN;ES;JO;KC;MD;ND;RL;SB;SC;SP;ZA;ZB;ZD;ZG;ZI;ZK;ZN;ZP;ZU
1985-07-05,31,11,20,0.354838709677,CC;CT;JO;KC;SB;ZA;ZB;ZG;ZI;ZP;ZU
1986-07-03,31,11,20,0.354838709677,CC;CT;JO;KC;SB;ZA;ZB;ZG;ZI;ZP;ZU
1986-12-26,31,11,20,0.354838709677,CC;CT;JO;KC;SB;ZA;ZB;ZG;ZI;ZP;ZU
1975-10-13,17,6,11,0.352941176471,CT;JO;KC;SB;ZG;ZI
1975-11-04,17,6,11,0.352941176471,CT;JO;KC;SB;ZG;ZI
1984-12-24,30,10,20,0.333333333333,CC;CT;JO;KC;SB;ZA;ZG;ZI;ZP;ZU
2002-12-24,61,20,41,0.327868852459,AX;CT;DT;JO;LB;MW;UB;UZ;XU;XX;ZC;ZF;ZL;ZM;ZO;ZR;ZS;ZT;ZW;ZZ
1977-05-02,19,6,13,0.315789473684,ZC;ZL;ZM;ZO;ZS;ZW
1990-12-24,39,12,27,0.307692307692,CC;CT;JO;KC;SB;ZA;ZB;ZG;ZI;ZK;ZP;ZU
1978-01-20,23,7,16,0.304347826087,CT;JO;KC;SB;ZG;ZI;ZP
1988-11-25,33,10,23,0.30303030303,CC;JO;KC;SB;ZA;ZB;ZG;ZI;ZP;ZU
1993-11-26,44,13,31,0.295454545455,CC;CT;JO;KC;SB;ZA;ZB;ZG;ZI;ZK;ZN;ZP;ZU
1972-11-24,7,2,5,0.285714285714,ZT;ZZ
1994-11-25,46,13,33,0.282608695652,CC;CT;JO;KC;SB;ZA;ZB;ZG;ZI;ZK;ZN;ZP;ZU
1992-04-14,43,12,31,0.279069767442,CT;FB;TU;TY;US;ZC;ZL;ZM;ZO;ZR;ZS;ZW
1995-07-03,47,13,34,0.276595744681,CB;CC;CT;KC;SB;ZA;ZB;ZG;ZI;ZK;ZN;ZP;ZU
1995-11-24,47,13,34,0.276595744681,CC;CT;JO;KC;SB;ZA;ZB;ZG;ZI;ZK;ZN;ZP;ZU
1996-01-08,47,13,34,0.276595744681,CC;CT;JO;KC;SB;ZA;ZB;ZG;ZI;ZK;ZN;ZP;ZU
2001-11-12,58,16,42,0.275862068966,AN;BN;CB;CN;CT;EC;FB;FN;JN;JO;KC;MP;SN;TU;TY;US
1973-06-21,11,3,8,0.272727272727,ZL;ZM;ZS
1973-06-28,11,3,8,0.272727272727,ZL;ZM;ZS
1973-11-06,11,3,8,0.272727272727,CT;JO;ZI
1973-12-31,11,3,8,0.272727272727,CT;JO;ZP
1996-07-05,48,13,35,0.270833333333,CC;CT;JO;KC;SB;ZA;ZB;ZG;ZI;ZK;ZN;ZP;ZU
1996-11-29,48,13,35,0.270833333333,CC;CT;JO;KC;SB;ZA;ZB;ZG;ZI;ZK;ZN;ZP;ZU
1978-02-07,23,6,17,0.260869565217,JO;KC;SB;ZG;ZI;ZP
1980-01-07,23,6,17,0.260869565217,ZC;ZL;ZM;ZO;ZS;ZW
1980-01-08,23,6,17,0.260869565217,ZC;ZL;ZM;ZO;ZS;ZW
1986-11-28,31,8,23,0.258064516129,CC;JO;KC;SB;ZA;ZB;ZP;ZU
1975-02-12,16,4,12,0.25,KC;SB;ZG;ZI
1987-11-27,32,8,24,0.25,CC;JO;KC;SB;ZA;ZB;ZP;ZU
1997-01-20,48,12,36,0.25,AN;BN;CN;EC;FB;FN;JN;MP;SN;TU;TY;US
1997-11-28,52,13,39,0.25,CC;CT;JO;KC;SB;ZA;ZB;ZG;ZI;ZK;ZN;ZP;ZU
2002-12-26,61,15,46,0.245901639344,AX;CA;CB;CC;DT;GS;HS;KC;LX;SB;SS;UB;UZ;XU;XX
2000-07-03,57,14,43,0.245614035088,CB;CC;CT;JO;KC;SB;ZA;ZB;ZG;ZI;ZK;ZN;ZP;ZU
1998-10-12,53,13,40,0.245283018868,AN;BN;CB;CN;EC;FB;FN;JN;MP;SN;TU;TY;US
1998-11-27,53,13,40,0.245283018868,CC;CT;JO;KC;SB;ZA;ZB;ZG;ZI;ZK;ZN;ZP;ZU
2001-09-14,58,14,44,0.241379310345,CC;CT;EN;ES;JO;KC;MD;ND;NK;RL;SB;SC;SP;ZD
2001-12-26,58,14,44,0.241379310345,AX;CA;CB;CC;DT;GS;HS;KC;LX;SB;SS;UB;UZ;XU
1981-12-24,25,6,19,0.24,CC;CT;JO;KC;SB;ZP
1990-08-13,38,9,29,0.236842105263,CT;JO;ZA;ZB;ZG;ZI;ZK;ZP;ZU
1975-11-11,17,4,13,0.235294117647,KC;SB;ZG;ZI
1992-11-27,43,10,33,0.232558139535,CC;CT;JO;KC;SB;ZA;ZB;ZN;ZP;ZU
1997-12-26,52,12,40,0.230769230769,AX;CB;CC;CT;DT;GS;HS;JO;KC;LX;SB;SS
2004-01-02,61,14,47,0.229508196721,CC;CT;DA;JO;KC;SB;ZA;ZB;ZG;ZI;ZK;ZN;ZP;ZU
2004-11-26,61,14,47,0.229508196721,CC;CT;DA;JO;KC;SB;ZA;ZB;ZG;ZI;ZK;ZN;ZP;ZU
2007-12-24,61,14,47,0.229508196721,AX;CA;CB;CC;CT;DA;DT;JO;KC;SB;UB;UZ;XU;XX
2008-12-26,61,14,47,0.229508196721,AP;AX;CA;CB;DT;GS;HS;LX;MW;SS;UB;UZ;XU;XX
1999-10-11,57,13,44,0.228070175439,AN;BN;CB;CN;EC;FB;FN;JN;MP;SN;TU;TY;US
1999-11-11,57,13,44,0.228070175439,AN;BN;CB;CN;EC;FB;FN;JN;MP;SN;TU;TY;US
1999-11-26,57,13,44,0.228070175439,CC;CT;JO;KC;SB;ZA;ZB;ZG;ZI;ZK;ZN;ZP;ZU
2000-10-09,57,13,44,0.228070175439,AN;BN;CB;CN;EC;FB;FN;JN;MP;SN;TU;TY;US
2000-11-24,57,13,44,0.228070175439,CC;CT;JO;KC;SB;ZA;ZB;ZG;ZI;ZK;ZN;ZP;ZU
1985-12-24,31,7,24,0.225806451613,CC;KC;SB;ZA;ZB;ZP;ZU
2001-11-23,58,13,45,0.224137931034,CC;CT;JO;KC;SB;ZA;ZB;ZG;ZI;ZK;ZN;ZP;ZU
1997-10-13,50,11,39,0.22,CB;CN;EC;FB;FN;JN;MP;SN;TU;TY;US
2002-07-05,60,13,47,0.216666666667,CC;CT;JO;KC;SB;ZA;ZB;ZG;ZI;ZK;ZN;ZP;ZU
2002-11-29,61,13,48,0.213114754098,CC;CT;JO;KC;SB;ZA;ZB;ZG;ZI;ZK;ZN;ZP;ZU
2003-11-28,61,13,48,0.213114754098,CC;CT;JO;KC;SB;ZA;ZB;ZG;ZI;ZK;ZN;ZP;ZU
2005-11-25,61,13,48,0.213114754098,CC;CT;JO;KC;SB;ZA;ZB;ZG;ZI;ZK;ZN;ZP;ZU
2006-11-24,61,13,48,0.213114754098,CC;CT;JO;KC;SB;ZA;ZB;ZG;ZI;ZK;ZN;ZP;ZU
2012-12-26,61,13,48,0.213114754098,AP;AX;CA;CB;DT;GS;HS;LX;SS;UB;UZ;XU;XX
2013-12-26,61,13,48,0.213114754098,AP;AX;CA;CB;DT;GS;HS;LX;SS;UB;UZ;XU;XX
2014-12-26,61,13,48,0.213114754098,AP;AX;CA;CB;DT;GS;HS;LX;SS;UB;UZ;XU;XX
1997-11-11,52,11,41,0.211538461538,CB;CN;EC;FB;FN;JN;MP;SN;TU;TY;US
1977-11-08,19,4,15,0.210526315789,CT;JO;KC;SB
2000-01-03,57,12,45,0.210526315789,CB;GS;LX;SS;ZA;ZB;ZG;ZI;ZK;ZN;ZP;ZU
2002-10-14,60,12,48,0.2,CB;CN;EC;FB;FN;HS;JN;MP;SN;TU;TY;US
2006-12-26,61,12,49,0.196721311475,AX;CA;CB;DT;GS;HS;LX;SS;UB;UZ;XU;XX
2007-12-26,61,12,49,0.196721311475,AX;CA;CB;DT;GS;HS;LX;SS;UB;UZ;XU;XX
2009-04-13,61,12,49,0.196721311475,AP;AX;CA;DT;GS;HS;LX;SS;UB;UZ;XU;XX
2010-04-05,61,12,49,0.196721311475,AP;AX;CA;DT;GS;HS;LX;SS;UB;UZ;XU;XX
2012-04-09,61,12,49,0.196721311475,AP;AX;CA;DT;GS;HS;LX;SS;UB;UZ;XU;XX
2013-04-01,61,12,49,0.196721311475,AP;AX;CA;DT;GS;HS;LX;SS;UB;UZ;XU;XX
2014-04-21,61,12,49,0.196721311475,AP;AX;CA;DT;GS;HS;LX;SS;UB;UZ;XU;XX
2001-10-08,58,11,47,0.189655172414,CB;CN;EC;FB;FN;JN;MP;SN;TU;TY;US
2001-12-31,58,11,47,0.189655172414,AX;CA;CC;CT;DT;JO;KC;SB;UB;UZ;XU
2002-11-11,60,11,49,0.183333333333,CB;CN;EC;FB;FN;JN;MP;SN;TU;TY;US
2003-04-21,61,11,50,0.180327868852,AX;CA;DT;GS;HS;LX;SS;UB;UZ;XU;XX
2003-10-13,61,11,50,0.180327868852,CB;CN;EC;FB;FN;JN;MP;SN;TU;TY;US
2003-11-11,61,11,50,0.180327868852,CB;CN;EC;FB;FN;JN;MP;SN;TU;TY;US
2004-04-12,61,11,50,0.180327868852,AX;CA;DT;GS;HS;LX;SS;UB;UZ;XU;XX
2004-11-11,61,11,50,0.180327868852,CB;CN;EC;FB;FN;JN;MP;SN;TU;TY;US
2005-03-28,61,11,50,0.180327868852,AX;CA;DT;GS;HS;LX;SS;UB;UZ;XU;XX
2005-10-10,61,11,50,0.180327868852,CB;CN;EC;FB;FN;JN;MP;SN;TU;TY;US
2005-11-11,61,11,50,0.180327868852,CB;CN;EC;FB;FN;JN;MP;SN;TU;TY;US
2006-04-17,61,11,50,0.180327868852,AX;CA;DT;GS;HS;LX;SS;UB;UZ;XU;XX
2006-05-01,61,11,50,0.180327868852,AX;CA;DT;GS;HS;LX;SS;UB;UZ;XU;XX
2007-04-09,61,11,50,0.180327868852,AX;CA;DT;GS;HS;LX;SS;UB;UZ;XU;XX
2008-03-24,61,11,50,0.180327868852,AX;CA;DT;GS;HS;LX;SS;UB;UZ;XU;XX
2011-04-25,61,11,50,0.180327868852,AP;AX;CA;DT;GS;HS;SS;UB;UZ;XU;XX
1976-01-02,17,3,14,0.176470588235,KC;SB;ZP
2000-12-26,57,10,47,0.175438596491,AX;CA;CB;DT;GS;HS;LX;SS;UB;UZ
2001-04-16,58,10,48,0.172413793103,AX;CA;DT;GS;HS;LX;SS;UB;UZ;XU
2002-04-01,58,10,48,0.172413793103,AX;CA;DT;GS;HS;LX;SS;UB;UZ;XU
1991-07-05,41,7,34,0.170731707317,CC;JO;KC;SB;ZG;ZI;ZK
1995-12-26,47,8,39,0.170212765957,CB;CC;DT;GS;KC;LX;SB;SS
1984-12-31,30,5,25,0.166666666667,CT;JO;ZA;ZP;ZU
1996-12-26,48,8,40,0.166666666667,CB;CC;DT;GS;KC;LX;SB;SS
2004-10-11,61,10,51,0.16393442623,CN;EC;FB;FN;JN;MP;SN;TU;TY;US
2006-10-09,61,10,51,0.16393442623,CB;CN;EC;FB;FN;MP;SN;TU;TY;US
1985-09-27,31,5,26,0.161290322581,CC;CT;JO;KC;SB
1987-01-02,31,5,26,0.161290322581,CC;CT;JO;KC;SB
1976-02-12,19,3,16,0.157894736842,JO;KC;SB
1976-10-11,19,3,16,0.157894736842,JO;KC;SB
1976-11-11,19,3,16,0.157894736842,JO;KC;SB
2000-04-24,57,9,48,0.157894736842,AX;CA;DT;GS;HS;LX;SS;UB;UZ
2000-05-01,57,9,48,0.157894736842,AX;CA;DT;GS;HS;LX;SS;UB;UZ
1974-10-14,13,2,11,0.153846153846,KC;ZI
1974-11-11,13,2,11,0.153846153846,KC;ZI
2006-07-03,61,9,52,0.147540983607,CB;ZA;ZB;ZG;ZI;ZK;ZN;ZP;ZU
1989-07-03,35,5,30,0.142857142857,JO;ZA;ZB;ZP;ZU
1999-04-05,56,8,48,0.142857142857,AX;DT;GS;HS;LX;SS;UB;UZ
1992-04-13,43,6,37,0.139534883721,ZC;ZL;ZM;ZO;ZS;ZW
1992-12-24,43,6,37,0.139534883721,SS;ZA;ZB;ZN;ZP;ZU
2003-05-01,61,8,53,0.131147540984,AX;CA;DT;HS;UB;UZ;XU;XX
2007-05-01,61,8,53,0.131147540984,AX;CA;DT;HS;UB;UZ;XU;XX
2007-10-08,61,8,53,0.131147540984,CB;CN;EC;FB;MP;TU;TY;US
2008-05-01,61,8,53,0.131147540984,AX;CA;DT;HS;UB;UZ;XU;XX
2009-05-01,61,8,53,0.131147540984,AX;CA;DT;HS;UB;UZ;XU;XX
2012-05-01,61,8,53,0.131147540984,AX;CA;DT;HS;UB;UZ;XU;XX
2013-05-01,61,8,53,0.131147540984,AX;CA;DT;HS;UB;UZ;XU;XX
1978-02-13,23,3,20,0.130434782609,JO;KC;SB
1981-01-02,23,3,20,0.130434782609,KC;SB;ZP
1985-11-29,31,4,27,0.129032258065,ZA;ZB;ZP;ZU
1990-12-31,39,5,34,0.128205128205,CC;CT;JO;KC;SB
2001-05-01,58,7,51,0.120689655172,AX;CA;DT;HS;UB;UZ;XU
2002-05-01,59,7,52,0.118644067797,AX;CA;DT;HS;UB;UZ;XU
1975-11-21,17,2,15,0.117647058824,KC;SB
1998-04-13,52,6,46,0.115384615385,AX;DT;GS;HS;LX;SS
2007-11-12,61,7,54,0.114754098361,CB;CN;EC;FB;TU;TY;US
2007-12-31,61,7,54,0.114754098361,AX;DA;DT;UB;UZ;XU;XX
2011-01-03,61,7,54,0.114754098361,AP;CB;CC;GS;KC;SB;SS
2014-05-01,61,7,54,0.114754098361,AX;CA;DT;HS;UB;UZ;XU
1994-12-27,46,5,41,0.108695652174,CB;DT;GS;LX;SS
1989-11-24,37,4,33,0.108108108108,CC;JO;KC;SB
1995-10-09,47,5,42,0.106382978723,CB;FB;TU;TY;US
1976-02-02,19,2,17,0.105263157895,CT;JO
1977-10-10,19,2,17,0.105263157895,KC;SB
1977-11-11,19,2,17,0.105263157895,KC;SB
1996-10-14,48,5,43,0.104166666667,CB;FB;TU;TY;US
1990-11-23,39,4,35,0.102564102564,CC;JO;KC;SB
1984-11-23,30,3,27,0.1,ZA;ZP;ZU
2002-12-31,61,6,55,0.0983606557377,AX;DT;UB;UZ;XU;XX
2003-12-31,61,6,55,0.0983606557377,AX;DT;UB;UZ;XU;XX
2007-11-23,61,6,55,0.0983606557377,CC;CT;DA;JO;KC;SB
2008-12-24,61,6,55,0.0983606557377,AX;DT;UB;UZ;XU;XX
2008-12-31,61,6,55,0.0983606557377,AX;DT;UB;UZ;XU;XX
2009-12-24,61,6,55,0.0983606557377,AX;DT;UB;UZ;XU;XX
2009-12-31,61,6,55,0.0983606557377,AX;DT;UB;UZ;XU;XX
2010-12-31,61,6,55,0.0983606557377,AX;DT;UB;UZ;XU;XX
2012-12-24,61,6,55,0.0983606557377,AX;DT;UB;UZ;XU;XX
2012-12-31,61,6,55,0.0983606557377,AX;DT;UB;UZ;XU;XX
2013-12-24,61,6,55,0.0983606557377,AX;DT;UB;UZ;XU;XX
2013-12-31,61,6,55,0.0983606557377,AX;DT;UB;UZ;XU;XX
2014-12-24,61,6,55,0.0983606557377,AX;DT;UB;UZ;XU;XX
1991-05-06,41,4,37,0.0975609756098,DT;GS;LX;ZA
1985-10-14,31,3,28,0.0967741935484,CC;KC;SB
1998-01-02,52,5,47,0.0961538461538,CC;JO;KC;SB;SS
1991-11-29,42,4,38,0.0952380952381,CC;JO;KC;SB
1991-12-26,42,4,38,0.0952380952381,DT;GS;LX;SS
1998-11-11,53,5,48,0.0943396226415,CB;FB;TU;TY;US
1998-12-28,53,5,48,0.0943396226415,CB;DT;GS;LX;SS
1998-12-31,53,5,48,0.0943396226415,AX;DT;GS;LX;SS
1992-04-20,43,4,39,0.093023255814,DT;GS;LX;SS
1992-05-04,43,4,39,0.093023255814,DT;GS;LX;SS
1992-08-31,43,4,39,0.093023255814,DT;GS;LX;SS
1992-12-28,43,4,39,0.093023255814,DT;GS;LX;SS
1973-02-12,11,1,10,0.0909090909091,ZI
1993-03-01,44,4,40,0.0909090909091,ZA;ZB;ZN;ZP
1993-04-12,44,4,40,0.0909090909091,DT;GS;LX;SS
1993-05-03,44,4,40,0.0909090909091,DT;GS;LX;SS
1993-08-30,44,4,40,0.0909090909091,DT;GS;LX;SS
1993-12-27,44,4,40,0.0909090909091,DT;GS;LX;SS
1993-12-28,44,4,40,0.0909090909091,DT;GS;LX;SS
1994-01-03,44,4,40,0.0909090909091,DT;GS;LX;SS
1999-05-24,56,5,51,0.0892857142857,AX;CB;DT;UB;UZ
1999-06-15,56,5,51,0.0892857142857,AN;BN;DT;GS;LX
1994-04-04,45,4,41,0.0888888888889,DT;GS;LX;SS
1994-05-02,45,4,41,0.0888888888889,DT;GS;LX;SS
1999-12-27,57,5,52,0.0877192982456,CB;GS;HS;LX;SS
1978-10-09,23,2,21,0.0869565217391,KC;SB
1980-02-12,23,2,21,0.0869565217391,KC;SB
1994-08-29,46,4,42,0.0869565217391,DT;GS;LX;SS
1995-01-16,46,4,42,0.0869565217391,FB;TU;TY;US
1995-04-17,46,4,42,0.0869565217391,DT;GS;LX;SS
1995-05-08,47,4,43,0.0851063829787,DT;GS;LX;SS
1995-08-28,47,4,43,0.0851063829787,DT;GS;LX;SS
1996-01-15,47,4,43,0.0851063829787,FB;TU;TY;US
1996-04-08,47,4,43,0.0851063829787,DT;GS;LX;SS
1996-05-06,48,4,44,0.0833333333333,DT;GS;LX;SS
1996-08-26,48,4,44,0.0833333333333,DT;GS;LX;SS
1996-11-11,48,4,44,0.0833333333333,FB;TU;TY;US
1997-03-31,48,4,44,0.0833333333333,DT;GS;LX;SS
1997-05-05,48,4,44,0.0833333333333,DT;GS;LX;SS
1997-08-25,48,4,44,0.0833333333333,DT;GS;LX;SS
2003-02-18,61,5,56,0.0819672131148,CC;CT;JO;KC;SB
2004-12-27,61,5,56,0.0819672131148,CB;GS;HS;LX;SS
2005-12-27,61,5,56,0.0819672131148,CB;GS;HS;LX;SS
2011-12-27,61,5,56,0.0819672131148,AP;CB;GS;HS;SS
1990-04-16,38,3,35,0.0789473684211,DT;GS;LX
1990-05-07,38,3,35,0.0789473684211,DT;GS;LX
1990-08-27,38,3,35,0.0789473684211,DT;GS;LX
1974-12-24,13,1,12,0.0769230769231,KC
1974-12-26,13,1,12,0.0769230769231,KC
1990-12-26,39,3,36,0.0769230769231,DT;GS;LX
1998-08-31,53,4,49,0.0754716981132,DT;GS;LX;SS
1991-04-01,41,3,38,0.0731707317073,DT;GS;LX
1991-08-26,41,3,38,0.0731707317073,DT;GS;LX
1999-05-13,56,4,52,0.0714285714286,AX;DT;UB;UZ
1999-06-03,56,4,52,0.0714285714286,AX;DT;UB;UZ
1999-12-28,57,4,53,0.0701754385965,CB;GS;LX;SS
2003-02-24,61,4,57,0.0655737704918,CA;CB;TU;XX
2004-12-28,61,4,57,0.0655737704918,CB;GS;LX;SS
2005-01-03,61,4,57,0.0655737704918,CB;GS;LX;SS
2005-05-02,61,4,57,0.0655737704918,GS;HS;LX;SS
2010-12-28,61,4,57,0.0655737704918,AP;CB;GS;SS
1996-01-09,47,3,44,0.063829787234,CC;KC;SB
1996-12-24,48,3,45,0.0625,CT;JO;SS
1989-12-26,37,2,35,0.0540540540541,DT;GS
1999-02-22,56,3,53,0.0535714285714,DT;UB;UZ
1999-05-03,56,3,53,0.0535714285714,GS;LX;SS
1999-08-30,57,3,54,0.0526315789474,GS;LX;SS
2000-08-28,57,3,54,0.0526315789474,GS;LX;SS
2001-05-07,58,3,55,0.051724137931,GS;LX;SS
2001-08-27,58,3,55,0.051724137931,GS;LX;SS
2002-06-03,59,3,56,0.0508474576271,GS;LX;SS
2002-06-04,59,3,56,0.0508474576271,GS;LX;SS
2002-08-26,60,3,57,0.05,GS;LX;SS
2003-05-05,61,3,58,0.0491803278689,GS;LX;SS
2003-08-25,61,3,58,0.0491803278689,GS;LX;SS
2004-05-03,61,3,58,0.0491803278689,GS;LX;SS
2004-08-30,61,3,58,0.0491803278689,GS;LX;SS
2005-08-29,61,3,58,0.0491803278689,GS;LX;SS
2006-08-28,61,3,58,0.0491803278689,GS;LX;SS
2007-05-07,61,3,58,0.0491803278689,GS;LX;SS
2007-08-27,61,3,58,0.0491803278689,GS;LX;SS
2008-05-05,61,3,58,0.0491803278689,GS;LX;SS
2008-08-25,61,3,58,0.0491803278689,GS;LX;SS
2009-05-04,61,3,58,0.0491803278689,GS;LX;SS
2009-08-31,61,3,58,0.0491803278689,GS;LX;SS
2009-12-28,61,3,58,0.0491803278689,AP;CB;LX
2010-05-03,61,3,58,0.0491803278689,GS;LX;SS
2010-12-27,61,3,58,0.0491803278689,AP;CB;HS
2011-05-02,61,3,58,0.0491803278689,GS;HS;SS
2011-08-29,61,3,58,0.0491803278689,GS;LX;SS
2012-05-07,61,3,58,0.0491803278689,GS;LX;SS
2012-06-04,61,3,58,0.0491803278689,GS;LX;SS
2012-06-05,61,3,58,0.0491803278689,GS;LX;SS
2012-08-27,61,3,58,0.0491803278689,GS;LX;SS
2013-05-06,61,3,58,0.0491803278689,GS;LX;SS
2013-08-26,61,3,58,0.0491803278689,GS;LX;SS
2013-10-14,61,3,58,0.0491803278689,CB;HS;MP
2014-05-05,61,3,58,0.0491803278689,GS;LX;SS
2014-08-25,61,3,58,0.0491803278689,GS;LX;SS
1991-01-04,41,2,39,0.0487804878049,CT;JO
1979-12-31,23,1,22,0.0434782608696,ZP
1980-02-14,23,1,22,0.0434782608696,CT
1994-07-01,46,2,44,0.0434782608696,CB;SS
1997-12-24,52,2,50,0.0384615384615,AX;SS
1997-12-31,52,2,50,0.0384615384615,AX;SS
1998-07-01,53,2,51,0.0377358490566,CB;HS
1998-12-24,53,2,51,0.0377358490566,AX;SS
1982-12-28,27,1,26,0.037037037037,MW
1999-06-18,56,2,54,0.0357142857143,HS;SS
1999-07-01,57,2,55,0.0350877192982,CB;HS
2001-07-02,58,2,56,0.0344827586207,CB;HS
2002-05-06,59,2,57,0.0338983050847,GS;LX
2002-05-20,59,2,57,0.0338983050847,CB;HS
2002-07-01,60,2,58,0.0333333333333,CB;HS
2003-07-01,61,2,59,0.0327868852459,CB;HS
2003-12-24,61,2,59,0.0327868852459,UB;UZ
2004-07-01,61,2,59,0.0327868852459,CB;HS
2007-07-02,61,2,59,0.0327868852459,CB;HS
2008-07-01,61,2,59,0.0327868852459,CB;HS
2009-07-01,61,2,59,0.0327868852459,CB;HS
2010-07-01,61,2,59,0.0327868852459,CB;HS
2010-08-30,61,2,59,0.0327868852459,GS;SS
2011-07-01,61,2,59,0.0327868852459,CB;HS
2012-07-02,61,2,59,0.0327868852459,CB;HS
2013-07-01,61,2,59,0.0327868852459,CB;HS
2014-07-01,61,2,59,0.0327868852459,CB;HS
1985-03-04,31,1,30,0.0322580645161,MW
2008-10-13,62,2,60,0.0322580645161,CB;MP
1989-02-17,35,1,34,0.0285714285714,ZR
1989-04-26,35,1,34,0.0285714285714,ZR
1989-05-05,35,1,34,0.0285714285714,ZR
1989-06-13,35,1,34,0.0285714285714,ZR
1989-07-05,35,1,34,0.0285714285714,ZR
1989-07-10,35,1,34,0.0285714285714,ZR
1989-07-11,35,1,34,0.0285714285714,ZR
1989-07-17,35,1,34,0.0285714285714,ZR
1989-10-12,35,1,34,0.0285714285714,ZR
1991-01-29,41,1,40,0.0243902439024,ZR
1991-03-26,41,1,40,0.0243902439024,ZR
1991-05-01,41,1,40,0.0243902439024,ZN
1991-05-30,41,1,40,0.0243902439024,ZR
1991-11-04,42,1,41,0.0238095238095,ZA
1991-12-24,42,1,41,0.0238095238095,SS
1991-12-27,42,1,41,0.0238095238095,SS
1991-12-30,42,1,41,0.0238095238095,SS
1991-12-31,42,1,41,0.0238095238095,SS
1992-12-29,43,1,42,0.0232558139535,SS
1992-12-30,43,1,42,0.0232558139535,SS
1992-12-31,43,1,42,0.0232558139535,SS
1993-04-22,44,1,43,0.0227272727273,ZU
1993-12-29,44,1,43,0.0227272727273,SS
1993-12-30,44,1,43,0.0227272727273,SS
1994-08-01,46,1,45,0.0217391304348,CB
1994-10-10,46,1,45,0.0217391304348,CB
1994-11-11,46,1,45,0.0217391304348,CB
1994-12-23,46,1,45,0.0217391304348,SS
1994-12-28,46,1,45,0.0217391304348,SS
1994-12-29,46,1,45,0.0217391304348,SS
1994-12-30,46,1,45,0.0217391304348,SS
1995-05-22,47,1,46,0.0212765957447,CB
1995-08-07,47,1,46,0.0212765957447,CB
1995-08-31,47,1,46,0.0212765957447,SS
1995-12-22,47,1,46,0.0212765957447,SS
1995-12-27,47,1,46,0.0212765957447,SS
1995-12-28,47,1,46,0.0212765957447,SS
1995-12-29,47,1,46,0.0212765957447,SS
1996-05-20,48,1,47,0.0208333333333,CB
1996-07-01,48,1,47,0.0208333333333,CB
1996-08-05,48,1,47,0.0208333333333,CB
1996-12-27,48,1,47,0.0208333333333,SS
1996-12-30,48,1,47,0.0208333333333,SS
1996-12-31,48,1,47,0.0208333333333,SS
1997-02-24,48,1,47,0.0208333333333,SS
1997-05-19,48,1,47,0.0208333333333,CB
1997-07-01,48,1,47,0.0208333333333,CB
1997-08-04,48,1,47,0.0208333333333,CB
1997-10-24,51,1,50,0.0196078431373,HS
1997-11-03,51,1,50,0.0196078431373,HS
1997-12-29,52,1,51,0.0192307692308,SS
1997-12-30,52,1,51,0.0192307692308,SS
1998-01-28,52,1,51,0.0192307692308,HS
1998-01-29,52,1,51,0.0192307692308,HS
1998-01-30,52,1,51,0.0192307692308,HS
1998-04-06,52,1,51,0.0192307692308,HS
1998-05-01,53,1,52,0.0188679245283,AX
1998-05-04,53,1,52,0.0188679245283,LX
1998-05-18,53,1,52,0.0188679245283,CB
1998-05-21,53,1,52,0.0188679245283,AX
1998-05-22,53,1,52,0.0188679245283,SS
1998-06-01,53,1,52,0.0188679245283,AX
1998-06-11,53,1,52,0.0188679245283,AX
1998-08-03,53,1,52,0.0188679245283,CB
1998-08-17,53,1,52,0.0188679245283,HS
1998-10-01,53,1,52,0.0188679245283,HS
1998-10-02,53,1,52,0.0188679245283,HS
1998-10-06,53,1,52,0.0188679245283,HS
1998-10-28,53,1,52,0.0188679245283,HS
1998-12-29,53,1,52,0.0188679245283,SS
1998-12-30,53,1,52,0.0188679245283,SS
1999-01-22,56,1,55,0.0178571428571,SS
1999-02-16,56,1,55,0.0178571428571,HS
1999-02-17,56,1,55,0.0178571428571,HS
1999-02-18,56,1,55,0.0178571428571,HS
1999-04-06,56,1,55,0.0178571428571,HS
1999-08-02,57,1,56,0.0175438596491,CB
1999-09-16,57,1,56,0.0175438596491,HS
1999-10-01,57,1,56,0.0175438596491,HS
1999-10-18,57,1,56,0.0175438596491,HS
2000-02-04,57,1,56,0.0175438596491,HS
2000-02-07,57,1,56,0.0175438596491,HS
2000-04-04,57,1,56,0.0175438596491,HS
2000-05-11,57,1,56,0.0175438596491,HS
2000-05-22,57,1,56,0.0175438596491,CB
2000-06-06,57,1,56,0.0175438596491,HS
2000-08-07,57,1,56,0.0175438596491,CB
2000-09-13,57,1,56,0.0175438596491,HS
2000-10-02,57,1,56,0.0175438596491,HS
2000-10-03,57,1,56,0.0175438596491,AX
2000-10-06,57,1,56,0.0175438596491,HS
2000-11-13,57,1,56,0.0175438596491,CB
2001-01-24,57,1,56,0.0175438596491,HS
2001-01-25,57,1,56,0.0175438596491,HS
2001-01-26,57,1,56,0.0175438596491,HS
2001-04-05,58,1,57,0.0172413793103,HS
2001-04-30,58,1,57,0.0172413793103,HS
2001-05-21,58,1,57,0.0172413793103,CB
2001-06-04,58,1,57,0.0172413793103,CA
2001-06-25,58,1,57,0.0172413793103,HS
2001-07-06,58,1,57,0.0172413793103,HS
2001-07-25,58,1,57,0.0172413793103,HS
2001-08-06,58,1,57,0.0172413793103,CB
2001-10-01,58,1,57,0.0172413793103,HS
2001-10-02,58,1,57,0.0172413793103,HS
2001-10-25,58,1,57,0.0172413793103,HS
2002-02-12,58,1,57,0.0172413793103,HS
2002-02-13,58,1,57,0.0172413793103,HS
2002-02-14,58,1,57,0.0172413793103,HS
2002-04-05,59,1,58,0.0169491525424,HS
2002-08-05,60,1,59,0.0166666666667,CB
2002-10-01,60,1,59,0.0166666666667,HS
2003-01-31,61,1,60,0.016393442623,HS
2003-02-03,61,1,60,0.016393442623,HS
2003-05-08,61,1,60,0.016393442623,HS
2003-05-19,61,1,60,0.016393442623,CB
2003-06-04,61,1,60,0.016393442623,HS
2003-08-04,61,1,60,0.016393442623,CB
2003-09-12,61,1,60,0.016393442623,HS
2003-09-15,61,1,60,0.016393442623,CB
2003-10-01,61,1,60,0.016393442623,HS
2003-10-22,61,1,60,0.016393442623,SS
2004-01-22,61,1,60,0.016393442623,HS
2004-01-23,61,1,60,0.016393442623,HS
2004-04-05,61,1,60,0.016393442623,HS
2004-05-24,61,1,60,0.016393442623,CB
2004-05-26,61,1,60,0.016393442623,HS
2004-06-22,61,1,60,0.016393442623,HS
2004-08-02,61,1,60,0.016393442623,CB
2004-09-29,61,1,60,0.016393442623,HS
2004-10-22,61,1,60,0.016393442623,HS
2005-02-10,61,1,60,0.016393442623,HS
2005-04-05,61,1,60,0.016393442623,HS
2005-05-16,61,1,60,0.016393442623,HS
2005-05-23,61,1,60,0.016393442623,CB
2005-07-01,61,1,60,0.016393442623,CB
2005-08-01,61,1,60,0.016393442623,CB
2006-01-30,61,1,60,0.016393442623,HS
2006-01-31,61,1,60,0.016393442623,HS
2006-05-05,61,1,60,0.016393442623,HS
2006-05-22,61,1,60,0.016393442623,CB
2006-08-07,61,1,60,0.016393442623,CB
2006-10-02,61,1,60,0.016393442623,HS
2006-10-30,61,1,60,0.016393442623,HS
2006-11-13,61,1,60,0.016393442623,CB
2007-02-20,61,1,60,0.016393442623,HS
2007-05-21,61,1,60,0.016393442623,CB
2007-05-24,61,1,60,0.016393442623,HS
2007-05-29,61,1,60,0.016393442623,FN
2007-06-19,61,1,60,0.016393442623,HS
2007-08-06,61,1,60,0.016393442623,CB
2007-08-17,61,1,60,0.016393442623,CB
2007-10-01,61,1,60,0.016393442623,HS
2007-10-19,61,1,60,0.016393442623,HS
2008-02-06,61,1,60,0.016393442623,ZO
2008-02-07,61,1,60,0.016393442623,HS
2008-02-08,61,1,60,0.016393442623,HS
2008-02-15,61,1,60,0.016393442623,ZO
2008-04-04,61,1,60,0.016393442623,HS
2008-05-12,61,1,60,0.016393442623,HS
2008-05-19,61,1,60,0.016393442623,CB
2008-06-09,61,1,60,0.016393442623,HS
2008-06-30,61,1,60,0.016393442623,FN
2008-07-03,61,1,60,0.016393442623,BN
2008-07-22,61,1,60,0.016393442623,ZK
2008-08-04,61,1,60,0.016393442623,CB
2008-08-06,61,1,60,0.016393442623,HS
2008-08-22,61,1,60,0.016393442623,HS
2009-01-26,61,1,60,0.016393442623,HS
2009-01-27,61,1,60,0.016393442623,HS
2009-01-28,61,1,60,0.016393442623,HS
2009-03-06,61,1,60,0.016393442623,JN
2009-05-18,61,1,60,0.016393442623,CB
2009-05-28,61,1,60,0.016393442623,HS
2009-08-03,61,1,60,0.016393442623,CB
2009-10-01,61,1,60,0.016393442623,HS
2009-10-12,61,1,60,0.016393442623,CB
2009-10-26,61,1,60,0.016393442623,HS
2009-11-11,61,1,60,0.016393442623,CB
2010-02-16,61,1,60,0.016393442623,HS
2010-04-06,61,1,60,0.016393442623,HS
2010-05-21,61,1,60,0.016393442623,HS
2010-05-24,61,1,60,0.016393442623,CB
2010-06-16,61,1,60,0.016393442623,HS
2010-08-02,61,1,60,0.016393442623,CB
2010-09-23,61,1,60,0.016393442623,HS
2010-10-01,61,1,60,0.016393442623,HS
2010-10-11,61,1,60,0.016393442623,CB
2010-11-11,61,1,60,0.016393442623,CB
2010-12-21,61,1,60,0.016393442623,CB
2011-01-26,61,1,60,0.016393442623,AP
2011-02-03,61,1,60,0.016393442623,HS
2011-02-04,61,1,60,0.016393442623,HS
2011-04-05,61,1,60,0.016393442623,HS
2011-04-26,61,1,60,0.016393442623,AP
2011-05-10,61,1,60,0.016393442623,HS
2011-05-23,61,1,60,0.016393442623,CB
2011-06-06,61,1,60,0.016393442623,HS
2011-06-13,61,1,60,0.016393442623,AP
2011-08-01,61,1,60,0.016393442623,CB
2011-09-13,61,1,60,0.016393442623,HS
2011-09-29,61,1,60,0.016393442623,HS
2011-10-05,61,1,60,0.016393442623,HS
2011-10-10,61,1,60,0.016393442623,CB
2011-11-11,61,1,60,0.016393442623,CB
2012-01-03,61,1,60,0.016393442623,NK
2012-01-09,61,1,60,0.016393442623,NK
2012-01-23,61,1,60,0.016393442623,HS
2012-01-24,61,1,60,0.016393442623,HS
2012-01-25,61,1,60,0.016393442623,HS
2012-02-13,61,1,60,0.016393442623,FN
2012-03-20,61,1,60,0.016393442623,NK
2012-04-04,61,1,60,0.016393442623,HS
2012-05-21,61,1,60,0.016393442623,CB
2012-08-06,61,1,60,0.016393442623,CB
2012-10-01,61,1,60,0.016393442623,HS
2012-10-02,61,1,60,0.016393442623,HS
2012-10-08,61,1,60,0.016393442623,CB
2012-10-23,61,1,60,0.016393442623,HS
2012-10-29,61,1,60,0.016393442623,ND
2012-10-30,61,1,60,0.016393442623,ND
2012-11-12,61,1,60,0.016393442623,CB
2012-11-23,61,1,60,0.016393442623,DA
2013-02-11,61,1,60,0.016393442623,HS
2013-02-12,61,1,60,0.016393442623,HS
2013-02-13,61,1,60,0.016393442623,HS
2013-04-04,61,1,60,0.016393442623,HS
2013-05-17,61,1,60,0.016393442623,HS
2013-05-20,61,1,60,0.016393442623,CB
2013-06-12,61,1,60,0.016393442623,HS
2013-08-05,61,1,60,0.016393442623,CB
2013-08-14,61,1,60,0.016393442623,HS
2013-09-20,61,1,60,0.016393442623,HS
2013-10-01,61,1,60,0.016393442623,HS
2013-11-11,61,1,60,0.016393442623,CB
2014-01-31,61,1,60,0.016393442623,HS
2014-02-03,61,1,60,0.016393442623,HS
2014-05-06,61,1,60,0.016393442623,HS
2014-05-19,61,1,60,0.016393442623,CB
2014-06-02,61,1,60,0.016393442623,HS
2014-07-25,61,1,60,0.016393442623,AP
2014-07-28,61,1,60,0.016393442623,AP
2014-07-29,61,1,60,0.016393442623,AP
2014-08-04,61,1,60,0.016393442623,CB
2014-09-09,61,1,60,0.016393442623,HS
2014-10-01,61,1,60,0.016393442623,HS
2014-10-02,61,1,60,0.016393442623,HS
2014-10-13,61,1,60,0.016393442623,CB
2014-11-11,61,1,60,0.016393442623,CB
2014-11-28,61,1,60,0.016393442623,DA
2008-09-15,62,1,61,0.0161290322581,HS
2008-10-01,62,1,61,0.0161290322581,HS
2008-10-07,62,1,61,0.0161290322581,HS
2008-11-28,62,1,61,0.0161290322581,DA
