ID,observed,matching_missingness,max_abs_difference
AN,323,True,4.986072665857932e-10
AP,75,True,4.930639438405215e-10
AX,204,True,4.986356397229663e-10
BN,467,True,7.601394134126307e-09
CA,191,True,4.984139906349938e-10
CB,246,True,4.954128267559491e-10
CC,407,True,4.995408323105188e-10
CN,443,True,4.9990973860492e-10
CT,503,True,4.999119590509693e-10
DA,207,True,4.91803264779378e-10
DT,298,True,4.994420016446455e-10
EC,394,True,4.479780129872644e-08
FB,311,True,4.970700396428329e-10
FN,478,True,4.985215608377391e-10
GS,299,True,4.981032123221873e-10
HS,204,True,4.958746815941772e-10
JN,443,True,4.995461128087797e-10
JO,503,True,4.99390258312804e-10
KC,491,True,4.993631619321093e-10
LB,491,True,4.996764425835298e-10
LX,297,True,4.89421617816399e-10
MD,274,True,4.905459922814603e-10
MP,235,True,4.96187100955392e-10
MW,407,True,4.996475212737383e-10
ND,224,True,4.801522374142664e-10
NK,287,True,4.979253068887468e-10
RL,262,True,4.953850524236358e-10
SB,479,True,4.994055169404987e-10
SN,467,True,3.157208104812893e-08
SP,392,True,2.4187998543909075e-08
SS,261,True,4.6592380423040865e-08
TU,291,True,4.2790036143517556e-08
TY,383,True,4.99702206696595e-10
UB,190,True,4.993903606614891e-10
US,443,True,4.99954366101063e-10
UZ,190,True,2.2313750396317283e-08
XU,164,True,4.919262900672516e-10
XX,149,True,4.991066379633757e-10
YM,152,True,4.868942627550554e-10
ZA,383,True,4.997441904741606e-10
ZB,359,True,4.992342511611625e-10
ZC,539,True,4.977608394907129e-10
ZD,200,True,4.998776600984023e-10
ZF,443,True,4.990115178710175e-10
ZG,479,True,4.973080454384604e-10
ZI,503,True,4.995179964106811e-10
ZK,311,True,4.994334876218254e-10
ZL,551,True,4.99862443104071e-10
ZM,551,True,4.988066903965915e-10
ZN,287,True,4.982045470613983e-10
ZO,479,True,4.98534822798713e-10
ZP,503,True,4.35469341623744e-08
ZR,335,True,4.999365643687526e-10
ZS,551,True,4.986373397519728e-10
ZT,527,True,4.977320730049917e-10
ZU,371,True,4.993876874526126e-10
ZW,551,True,4.987480983764669e-10
ZZ,539,True,4.996326963269127e-10
