month,AN,AP,AX,BN,CA,CB,CC,CN,CT,DA,DT,EC,FB,FN,GS,HS,JN,JO,KC,LB,LX,MD,MP,MW,ND,NK,RL,SB,SN,SP,SS,TU,TY,UB,US,UZ,XU,XX,YM,ZA,ZB,ZC,ZD,ZF,ZG,ZI,ZK,ZL,ZM,ZN,ZO,ZP,ZR,ZS,ZT,ZU,ZW,ZZ
1969-01,,,,,,,,,,,,,,,,,,,,,,,,,,,,,,,,,,,,,,,,,,,,,,,,,,,,,,,,,,
1969-02,,,,,,,,,,,,,,,,,,,,,,,,,,,,,,,,,,,,,,,,,,,,,,,,ZL,ZM,,,,,ZS,,,ZW,
1969-03,,,,,,,,,,,,,,,,,,,,,,,,,,,,,,,,,,,,,,,,,,,,,,,,ZL,ZM,,,,,ZS,,,ZW,
1969-04,,,,,,,,,,,,,,,,,,,,,,,,,,,,,,,,,,,,,,,,,,,,,,,,ZL,ZM,,,,,ZS,,,ZW,
1969-05,,,,,,,,,,,,,,,,,,,,,,,,,,,,,,,,,,,,,,,,,,,,,,,,ZL,ZM,,,,,ZS,,,ZW,
1969-06,,,,,,,,,,,,,,,,,,,,,,,,,,,,,,,,,,,,,,,,,,,,,,,,ZL,ZM,,,,,ZS,,,ZW,
1969-07,,,,,,,,,,,,,,,,,,,,,,,,,,,,,,,,,,,,,,,,,,,,,,,,ZL,ZM,,,,,ZS,,,ZW,
1969-08,,,,,,,,,,,,,,,,,,,,,,,,,,,,,,,,,,,,,,,,,,,,,,,,ZL,ZM,,,,,ZS,,,ZW,
1969-09,,,,,,,,,,,,,,,,,,,,,,,,,,,,,,,,,,,,,,,,,,,,,,,,ZL,ZM,,,,,ZS,,,ZW,
1969-10,,,,,,,,,,,,,,,,,,,,,,,,,,,,,,,,,,,,,,,,,,,,,,,,ZL,ZM,,,,,ZS,,,ZW,
1969-11,,,,,,,,,,,,,,,,,,,,,,,,,,,,,,,,,,,,,,,,,,,,,,,,ZL,ZM,,,,,ZS,,,ZW,
1969-12,,,,,,,,,,,,,,,,,,,,,,,,,,,,,,,,,,,,,,,,,,,,,,,,ZL,ZM,,,,,ZS,,,ZW,
1970-01,,,,,,,,,,,,,,,,,,,,,,,,,,,,,,,,,,,,,,,,,,,,,,,,ZL,ZM,,,,,ZS,,,ZW,
1970-02,,,,,,,,,,,,,,,,,,,,,,,,,,,,,,,,,,,,,,,,,,ZC,,,,,,ZL,ZM,,,,,ZS,,,ZW,ZZ
1970-03,,,,,,,,,,,,,,,,,,,,,,,,,,,,,,,,,,,,,,,,,,ZC,,,,,,ZL,ZM,,,,,ZS,,,ZW,ZZ
1970-04,,,,,,,,,,,,,,,,,,,,,,,,,,,,,,,,,,,,,,,,,,ZC,,,,,,ZL,ZM,,,,,ZS,,,ZW,ZZ
1970-05,,,,,,,,,,,,,,,,,,,,,,,,,,,,,,,,,,,,,,,,,,ZC,,,,,,ZL,ZM,,,,,ZS,,,ZW,ZZ
1970-06,,,,,,,,,,,,,,,,,,,,,,,,,,,,,,,,,,,,,,,,,,ZC,,,,,,ZL,ZM,,,,,ZS,,,ZW,ZZ
1970-07,,,,,,,,,,,,,,,,,,,,,,,,,,,,,,,,,,,,,,,,,,ZC,,,,,,ZL,ZM,,,,,ZS,,,ZW,ZZ
1970-08,,,,,,,,,,,,,,,,,,,,,,,,,,,,,,,,,,,,,,,,,,ZC,,,,,,ZL,ZM,,,,,ZS,,,ZW,ZZ
1970-09,,,,,,,,,,,,,,,,,,,,,,,,,,,,,,,,,,,,,,,,,,ZC,,,,,,ZL,ZM,,,,,ZS,,,ZW,ZZ
1970-10,,,,,,,,,,,,,,,,,,,,,,,,,,,,,,,,,,,,,,,,,,ZC,,,,,,ZL,ZM,,,,,ZS,,,ZW,ZZ
1970-11,,,,,,,,,,,,,,,,,,,,,,,,,,,,,,,,,,,,,,,,,,ZC,,,,,,ZL,ZM,,,,,ZS,,,ZW,ZZ
1970-12,,,,,,,,,,,,,,,,,,,,,,,,,,,,,,,,,,,,,,,,,,ZC,,,,,,ZL,ZM,,,,,ZS,,,ZW,ZZ
1971-01,,,,,,,,,,,,,,,,,,,,,,,,,,,,,,,,,,,,,,,,,,ZC,,,,,,ZL,ZM,,,,,ZS,,,ZW,ZZ
1971-02,,,,,,,,,,,,,,,,,,,,,,,,,,,,,,,,,,,,,,,,,,ZC,,,,,,ZL,ZM,,,,,ZS,ZT,,ZW,ZZ
1971-03,,,,,,,,,,,,,,,,,,,,,,,,,,,,,,,,,,,,,,,,,,ZC,,,,,,ZL,ZM,,,,,ZS,ZT,,ZW,ZZ
1971-04,,,,,,,,,,,,,,,,,,,,,,,,,,,,,,,,,,,,,,,,,,ZC,,,,,,ZL,ZM,,,,,ZS,ZT,,ZW,ZZ
1971-05,,,,,,,,,,,,,,,,,,,,,,,,,,,,,,,,,,,,,,,,,,ZC,,,,,,ZL,ZM,,,,,ZS,ZT,,ZW,ZZ
1971-06,,,,,,,,,,,,,,,,,,,,,,,,,,,,,,,,,,,,,,,,,,ZC,,,,,,ZL,ZM,,,,,ZS,ZT,,ZW,ZZ
1971-07,,,,,,,,,,,,,,,,,,,,,,,,,,,,,,,,,,,,,,,,,,ZC,,,,,,ZL,ZM,,,,,ZS,ZT,,ZW,ZZ
1971-08,,,,,,,,,,,,,,,,,,,,,,,,,,,,,,,,,,,,,,,,,,ZC,,,,,,ZL,ZM,,,,,ZS,ZT,,ZW,ZZ
1971-09,,,,,,,,,,,,,,,,,,,,,,,,,,,,,,,,,,,,,,,,,,ZC,,,,,,ZL,ZM,,,,,ZS,ZT,,ZW,ZZ
1971-10,,,,,,,,,,,,,,,,,,,,,,,,,,,,,,,,,,,,,,,,,,ZC,,,,,,ZL,ZM,,,,,ZS,ZT,,ZW,ZZ
1971-11,,,,,,,,,,,,,,,,,,,,,,,,,,,,,,,,,,,,,,,,,,ZC,,,,,,ZL,ZM,,,,,ZS,ZT,,ZW,ZZ
1971-12,,,,,,,,,,,,,,,,,,,,,,,,,,,,,,,,,,,,,,,,,,ZC,,,,,,ZL,ZM,,,,,ZS,ZT,,ZW,ZZ
1972-01,,,,,,,,,,,,,,,,,,,,,,,,,,,,,,,,,,,,,,,,,,ZC,,,,,,ZL,ZM,,,,,ZS,ZT,,ZW,ZZ
1972-02,,,,,,,,,,,,,,,,,,,,,,,,,,,,,,,,,,,,,,,,,,ZC,,,,,,ZL,ZM,,,,,ZS,ZT,,ZW,ZZ
1972-03,,,,,,,,,,,,,,,,,,,,,,,,,,,,,,,,,,,,,,,,,,ZC,,,,,,ZL,ZM,,,,,ZS,ZT,,ZW,ZZ
1972-04,,,,,,,,,,,,,,,,,,,,,,,,,,,,,,,,,,,,,,,,,,ZC,,,,,,ZL,ZM,,,,,ZS,ZT,,ZW,ZZ
1972-05,,,,,,,,,,,,,,,,,,,,,,,,,,,,,,,,,,,,,,,,,,ZC,,,,,,ZL,ZM,,,,,ZS,ZT,,ZW,ZZ
1972-06,,,,,,,,,,,,,,,,,,,,,,,,,,,,,,,,,,,,,,,,,,ZC,,,,,,ZL,ZM,,,,,ZS,ZT,,ZW,ZZ
1972-07,,,,,,,,,,,,,,,,,,,,,,,,,,,,,,,,,,,,,,,,,,ZC,,,,,,ZL,ZM,,,,,ZS,ZT,,ZW,ZZ
1972-08,,,,,,,,,,,,,,,,,,,,,,,,,,,,,,,,,,,,,,,,,,ZC,,,,,,ZL,ZM,,,,,ZS,ZT,,ZW,ZZ
1972-09,,,,,,,,,,,,,,,,,,,,,,,,,,,,,,,,,,,,,,,,,,ZC,,,,,,ZL,ZM,,,,,ZS,ZT,,ZW,ZZ
1972-10,,,,,,,,,,,,,,,,,,,,,,,,,,,,,,,,,,,,,,,,,,ZC,,,,,,ZL,ZM,,,,,ZS,ZT,,ZW,ZZ
1972-11,,,,,,,,,,,,,,,,,,,,,,,,,,,,,,,,,,,,,,,,,,ZC,,,,,,ZL,ZM,,,,,ZS,ZT,,ZW,ZZ
1972-12,,,,,,,,,,,,,,,,,,,,,,,,,,,,,,,,,,,,,,,,,,ZC,,,,,,ZL,ZM,,,,,ZS,ZT,,ZW,ZZ
1973-01,,,,,,,,,,,,,,,,,,,,,,,,,,,,,,,,,,,,,,,,,,ZC,,,,,,ZL,ZM,,,,,ZS,ZT,,ZW,ZZ
1973-02,,,,,,,,,CT,,,,,,,,,JO,,,,,,,,,,,,,,,,,,,,,,,,ZC,,,,ZI,,ZL,ZM,,,ZP,,ZS,ZT,,ZW,ZZ
1973-03,,,,,,,,,CT,,,,,,,,,JO,,,,,,,,,,,,,,,,,,,,,,,,ZC,,,,ZI,,ZL,ZM,,,ZP,,ZS,ZT,,ZW,ZZ
1973-04,,,,,,,,,CT,,,,,,,,,JO,,,,,,,,,,,,,,,,,,,,,,,,ZC,,,,ZI,,ZL,ZM,,,ZP,,ZS,ZT,,ZW,ZZ
1973-05,,,,,,,,,CT,,,,,,,,,JO,,,,,,,,,,,,,,,,,,,,,,,,ZC,,,,ZI,,ZL,ZM,,,ZP,,ZS,ZT,,ZW,ZZ
1973-06,,,,,,,,,CT,,,,,,,,,JO,,,,,,,,,,,,,,,,,,,,,,,,ZC,,,,ZI,,ZL,ZM,,,ZP,,ZS,ZT,,ZW,ZZ
1973-07,,,,,,,,,CT,,,,,,,,,JO,,,,,,,,,,,,,,,,,,,,,,,,ZC,,,,ZI,,ZL,ZM,,,ZP,,ZS,ZT,,ZW,ZZ
1973-08,,,,,,,,,CT,,,,,,,,,JO,,,,,,,,,,,,,,,,,,,,,,,,ZC,,,,ZI,,ZL,ZM,,,ZP,,ZS,ZT,,ZW,ZZ
1973-09,,,,,,,,,CT,,,,,,,,,JO,,,,,,,,,,,,,,,,,,,,,,,,ZC,,,,ZI,,ZL,ZM,,,ZP,,ZS,ZT,,ZW,ZZ
1973-10,,,,,,,,,CT,,,,,,,,,JO,,,,,,,,,,,,,,,,,,,,,,,,ZC,,,,ZI,,ZL,ZM,,,ZP,,ZS,ZT,,ZW,ZZ
1973-11,,,,,,,,,CT,,,,,,,,,JO,,,,,,,,,,,,,,,,,,,,,,,,ZC,,,,ZI,,ZL,ZM,,,ZP,,ZS,ZT,,ZW,ZZ
1973-12,,,,,,,,,CT,,,,,,,,,JO,,,,,,,,,,,,,,,,,,,,,,,,ZC,,,,ZI,,ZL,ZM,,,ZP,,ZS,ZT,,ZW,ZZ
1974-01,,,,,,,,,CT,,,,,,,,,JO,,,,,,,,,,,,,,,,,,,,,,,,ZC,,,,ZI,,ZL,ZM,,,ZP,,ZS,ZT,,ZW,ZZ
1974-02,,,,,,,,,CT,,,,,,,,,JO,KC,LB,,,,,,,,,,,,,,,,,,,,,,ZC,,,,ZI,,ZL,ZM,,,ZP,,ZS,ZT,,ZW,ZZ
1974-03,,,,,,,,,CT,,,,,,,,,JO,KC,LB,,,,,,,,,,,,,,,,,,,,,,ZC,,,,ZI,,ZL,ZM,,,ZP,,ZS,ZT,,ZW,ZZ
1974-04,,,,,,,,,CT,,,,,,,,,JO,KC,LB,,,,,,,,,,,,,,,,,,,,,,ZC,,,,ZI,,ZL,ZM,,,ZP,,ZS,ZT,,ZW,ZZ
1974-05,,,,,,,,,CT,,,,,,,,,JO,KC,LB,,,,,,,,,,,,,,,,,,,,,,ZC,,,,ZI,,ZL,ZM,,,ZP,,ZS,ZT,,ZW,ZZ
1974-06,,,,,,,,,CT,,,,,,,,,JO,KC,LB,,,,,,,,,,,,,,,,,,,,,,ZC,,,,ZI,,ZL,ZM,,,ZP,,ZS,ZT,,ZW,ZZ
1974-07,,,,,,,,,CT,,,,,,,,,JO,KC,LB,,,,,,,,,,,,,,,,,,,,,,ZC,,,,ZI,,ZL,ZM,,,ZP,,ZS,ZT,,ZW,ZZ
1974-08,,,,,,,,,CT,,,,,,,,,JO,KC,LB,,,,,,,,,,,,,,,,,,,,,,ZC,,,,ZI,,ZL,ZM,,,ZP,,ZS,ZT,,ZW,ZZ
1974-09,,,,,,,,,CT,,,,,,,,,JO,KC,LB,,,,,,,,,,,,,,,,,,,,,,ZC,,,,ZI,,ZL,ZM,,,ZP,,ZS,ZT,,ZW,ZZ
1974-10,,,,,,,,,CT,,,,,,,,,JO,KC,LB,,,,,,,,,,,,,,,,,,,,,,ZC,,,,ZI,,ZL,ZM,,,ZP,,ZS,ZT,,ZW,ZZ
1974-11,,,,,,,,,CT,,,,,,,,,JO,KC,LB,,,,,,,,,,,,,,,,,,,,,,ZC,,,,ZI,,ZL,ZM,,,ZP,,ZS,ZT,,ZW,ZZ
1974-12,,,,,,,,,CT,,,,,,,,,JO,KC,LB,,,,,,,,,,,,,,,,,,,,,,ZC,,,,ZI,,ZL,ZM,,,ZP,,ZS,ZT,,ZW,ZZ
1975-01,,,,,,,,,CT,,,,,,,,,JO,KC,LB,,,,,,,,,,,,,,,,,,,,,,ZC,,,,ZI,,ZL,ZM,,,ZP,,ZS,ZT,,ZW,ZZ
1975-02,,,,,,,,,CT,,,,,,,,,JO,KC,LB,,,,,,,,SB,,,,,,,,,,,,,,ZC,,,ZG,ZI,,ZL,ZM,,ZO,ZP,,ZS,ZT,,ZW,ZZ
1975-03,,,,,,,,,CT,,,,,FN,,,,JO,KC,LB,,,,,,,,SB,,,,,,,,,,,,,,ZC,,,ZG,ZI,,ZL,ZM,,ZO,ZP,,ZS,ZT,,ZW,ZZ
1975-04,,,,,,,,,CT,,,,,FN,,,,JO,KC,LB,,,,,,,,SB,,,,,,,,,,,,,,ZC,,,ZG,ZI,,ZL,ZM,,ZO,ZP,,ZS,ZT,,ZW,ZZ
1975-05,,,,,,,,,CT,,,,,FN,,,,JO,KC,LB,,,,,,,,SB,,,,,,,,,,,,,,ZC,,,ZG,ZI,,ZL,ZM,,ZO,ZP,,ZS,ZT,,ZW,ZZ
1975-06,,,,,,,,,CT,,,,,FN,,,,JO,KC,LB,,,,,,,,SB,,,,,,,,,,,,,,ZC,,,ZG,ZI,,ZL,ZM,,ZO,ZP,,ZS,ZT,,ZW,ZZ
1975-07,,,,,,,,,CT,,,,,FN,,,,JO,KC,LB,,,,,,,,SB,,,,,,,,,,,,,,ZC,,,ZG,ZI,,ZL,ZM,,ZO,ZP,,ZS,ZT,,ZW,ZZ
1975-08,,,,,,,,,CT,,,,,FN,,,,JO,KC,LB,,,,,,,,SB,,,,,,,,,,,,,,ZC,,,ZG,ZI,,ZL,ZM,,ZO,ZP,,ZS,ZT,,ZW,ZZ
1975-09,,,,,,,,,CT,,,,,FN,,,,JO,KC,LB,,,,,,,,SB,,,,,,,,,,,,,,ZC,,,ZG,ZI,,ZL,ZM,,ZO,ZP,,ZS,ZT,,ZW,ZZ
1975-10,,,,,,,,,CT,,,,,FN,,,,JO,KC,LB,,,,,,,,SB,,,,,,,,,,,,,,ZC,,,ZG,ZI,,ZL,ZM,,ZO,ZP,,ZS,ZT,,ZW,ZZ
1975-11,,,,,,,,,CT,,,,,FN,,,,JO,KC,LB,,,,,,,,SB,,,,,,,,,,,,,,ZC,,,ZG,ZI,,ZL,ZM,,ZO,ZP,,ZS,ZT,,ZW,ZZ
1975-12,,,,,,,,,CT,,,,,FN,,,,JO,KC,LB,,,,,,,,SB,,,,,,,,,,,,,,ZC,,,ZG,ZI,,ZL,ZM,,ZO,ZP,,ZS,ZT,,ZW,ZZ
1976-01,,,,,,,,,CT,,,,,FN,,,,JO,KC,LB,,,,,,,,SB,,,,,,,,,,,,,,ZC,,,ZG,ZI,,ZL,ZM,,ZO,ZP,,ZS,ZT,,ZW,ZZ
1976-02,,,,BN,,,,,CT,,,,,FN,,,,JO,KC,LB,,,,,,,,SB,SN,,,,,,,,,,,,,ZC,,,ZG,ZI,,ZL,ZM,,ZO,ZP,,ZS,ZT,,ZW,ZZ
1976-03,,,,BN,,,,,CT,,,,,FN,,,,JO,KC,LB,,,,,,,,SB,SN,,,,,,,,,,,,,ZC,,,ZG,ZI,,ZL,ZM,,ZO,ZP,,ZS,ZT,,ZW,ZZ
1976-04,,,,BN,,,,,CT,,,,,FN,,,,JO,KC,LB,,,,,,,,SB,SN,,,,,,,,,,,,,ZC,,,ZG,ZI,,ZL,ZM,,ZO,ZP,,ZS,ZT,,ZW,ZZ
1976-05,,,,BN,,,,,CT,,,,,FN,,,,JO,KC,LB,,,,,,,,SB,SN,,,,,,,,,,,,,ZC,,,ZG,ZI,,ZL,ZM,,ZO,ZP,,ZS,ZT,,ZW,ZZ
1976-06,,,,BN,,,,,CT,,,,,FN,,,,JO,KC,LB,,,,,,,,SB,SN,,,,,,,,,,,,,ZC,,,ZG,ZI,,ZL,ZM,,ZO,ZP,,ZS,ZT,,ZW,ZZ
1976-07,,,,BN,,,,,CT,,,,,FN,,,,JO,KC,LB,,,,,,,,SB,SN,,,,,,,,,,,,,ZC,,,ZG,ZI,,ZL,ZM,,ZO,ZP,,ZS,ZT,,ZW,ZZ
1976-08,,,,BN,,,,,CT,,,,,FN,,,,JO,KC,LB,,,,,,,,SB,SN,,,,,,,,,,,,,ZC,,,ZG,ZI,,ZL,ZM,,ZO,ZP,,ZS,ZT,,ZW,ZZ
1976-09,,,,BN,,,,,CT,,,,,FN,,,,JO,KC,LB,,,,,,,,SB,SN,,,,,,,,,,,,,ZC,,,ZG,ZI,,ZL,ZM,,ZO,ZP,,ZS,ZT,,ZW,ZZ
1976-10,,,,BN,,,,,CT,,,,,FN,,,,JO,KC,LB,,,,,,,,SB,SN,,,,,,,,,,,,,ZC,,,ZG,ZI,,ZL,ZM,,ZO,ZP,,ZS,ZT,,ZW,ZZ
1976-11,,,,BN,,,,,CT,,,,,FN,,,,JO,KC,LB,,,,,,,,SB,SN,,,,,,,,,,,,,ZC,,,ZG,ZI,,ZL,ZM,,ZO,ZP,,ZS,ZT,,ZW,ZZ
1976-12,,,,BN,,,,,CT,,,,,FN,,,,JO,KC,LB,,,,,,,,SB,SN,,,,,,,,,,,,,ZC,,,ZG,ZI,,ZL,ZM,,ZO,ZP,,ZS,ZT,,ZW,ZZ
1977-01,,,,BN,,,,,CT,,,,,FN,,,,JO,KC,LB,,,,,,,,SB,SN,,,,,,,,,,,,,ZC,,,ZG,ZI,,ZL,ZM,,ZO,ZP,,ZS,ZT,,ZW,ZZ
1977-02,,,,BN,,,,,CT,,,,,FN,,,,JO,KC,LB,,,,,,,,SB,SN,,,,,,,,,,,,,ZC,,,ZG,ZI,,ZL,ZM,,ZO,ZP,,ZS,ZT,,ZW,ZZ
1977-03,,,,BN,,,,,CT,,,,,FN,,,,JO,KC,LB,,,,,,,,SB,SN,,,,,,,,,,,,,ZC,,,ZG,ZI,,ZL,ZM,,ZO,ZP,,ZS,ZT,,ZW,ZZ
1977-04,,,,BN,,,,,CT,,,,,FN,,,,JO,KC,LB,,,,,,,,SB,SN,,,,,,,,,,,,,ZC,,,ZG,ZI,,ZL,ZM,,ZO,ZP,,ZS,ZT,,ZW,ZZ
1977-05,,,,BN,,,,,CT,,,,,FN,,,,JO,KC,LB,,,,,,,,SB,SN,,,,,,,,,,,,,ZC,,,ZG,ZI,,ZL,ZM,,ZO,ZP,,ZS,ZT,,ZW,ZZ
1977-06,,,,BN,,,,,CT,,,,,FN,,,,JO,KC,LB,,,,,,,,SB,SN,,,,,,,,,,,,,ZC,,,ZG,ZI,,ZL,ZM,,ZO,ZP,,ZS,ZT,,ZW,ZZ
1977-07,,,,BN,,,,,CT,,,,,FN,,,,JO,KC,LB,,,,,,,,SB,SN,,,,,,,,,,,,,ZC,,,ZG,ZI,,ZL,ZM,,ZO,ZP,,ZS,ZT,,ZW,ZZ
1977-08,,,,BN,,,,,CT,,,,,FN,,,,JO,KC,LB,,,,,,,,SB,SN,,,,,,,,,,,,,ZC,,,ZG,ZI,,ZL,ZM,,ZO,ZP,,ZS,ZT,,ZW,ZZ
1977-09,,,,BN,,,,,CT,,,,,FN,,,,JO,KC,LB,,,,,,,,SB,SN,,,,,,,,,,,,,ZC,,,ZG,ZI,,ZL,ZM,,ZO,ZP,,ZS,ZT,,ZW,ZZ
1977-10,,,,BN,,,,,CT,,,,,FN,,,,JO,KC,LB,,,,,,,,SB,SN,,,,,,,,,,,,,ZC,,,ZG,ZI,,ZL,ZM,,ZO,ZP,,ZS,ZT,,ZW,ZZ
1977-11,,,,BN,,,,,CT,,,,,FN,,,,JO,KC,LB,,,,,,,,SB,SN,,,,,,,,,,,,,ZC,,,ZG,ZI,,ZL,ZM,,ZO,ZP,,ZS,ZT,,ZW,ZZ
1977-12,,,,BN,,,,,CT,,,,,FN,,,,JO,KC,LB,,,,,,,,SB,SN,,,,,,,,,,,,,ZC,,,ZG,ZI,,ZL,ZM,,ZO,ZP,,ZS,ZT,,ZW,ZZ
1978-01,,,,BN,,,,,CT,,,,,FN,,,,JO,KC,LB,,,,,,,,SB,SN,,,,,,,,,,,,,ZC,,,ZG,ZI,,ZL,ZM,,ZO,ZP,,ZS,ZT,,ZW,ZZ
1978-02,,,,BN,,,,CN,CT,,,,,FN,,,JN,JO,KC,LB,,,,,,,,SB,SN,,,,,,US,,,,,,,ZC,,ZF,ZG,ZI,,ZL,ZM,,ZO,ZP,,ZS,ZT,,ZW,ZZ
1978-03,,,,BN,,,,CN,CT,,,,,FN,,,JN,JO,KC,LB,,,,,,,,SB,SN,,,,,,US,,,,,,,ZC,,ZF,ZG,ZI,,ZL,ZM,,ZO,ZP,,ZS,ZT,,ZW,ZZ
1978-04,,,,BN,,,,CN,CT,,,,,FN,,,JN,JO,KC,LB,,,,,,,,SB,SN,,,,,,US,,,,,,,ZC,,ZF,ZG,ZI,,ZL,ZM,,ZO,ZP,,ZS,ZT,,ZW,ZZ
1978-05,,,,BN,,,,CN,CT,,,,,FN,,,JN,JO,KC,LB,,,,,,,,SB,SN,,,,,,US,,,,,,,ZC,,ZF,ZG,ZI,,ZL,ZM,,ZO,ZP,,ZS,ZT,,ZW,ZZ
1978-06,,,,BN,,,,CN,CT,,,,,FN,,,JN,JO,KC,LB,,,,,,,,SB,SN,,,,,,US,,,,,,,ZC,,ZF,ZG,ZI,,ZL,ZM,,ZO,ZP,,ZS,ZT,,ZW,ZZ
1978-07,,,,BN,,,,CN,CT,,,,,FN,,,JN,JO,KC,LB,,,,,,,,SB,SN,,,,,,US,,,,,,,ZC,,ZF,ZG,ZI,,ZL,ZM,,ZO,ZP,,ZS,ZT,,ZW,ZZ
1978-08,,,,BN,,,,CN,CT,,,,,FN,,,JN,JO,KC,LB,,,,,,,,SB,SN,,,,,,US,,,,,,,ZC,,ZF,ZG,ZI,,ZL,ZM,,ZO,ZP,,ZS,ZT,,ZW,ZZ
1978-09,,,,BN,,,,CN,CT,,,,,FN,,,JN,JO,KC,LB,,,,,,,,SB,SN,,,,,,US,,,,,,,ZC,,ZF,ZG,ZI,,ZL,ZM,,ZO,ZP,,ZS,ZT,,ZW,ZZ
1978-10,,,,BN,,,,CN,CT,,,,,FN,,,JN,JO,KC,LB,,,,,,,,SB,SN,,,,,,US,,,,,,,ZC,,ZF,ZG,ZI,,ZL,ZM,,ZO,ZP,,ZS,ZT,,ZW,ZZ
1978-11,,,,BN,,,,CN,CT,,,,,FN,,,JN,JO,KC,LB,,,,,,,,SB,SN,,,,,,US,,,,,,,ZC,,ZF,ZG,ZI,,ZL,ZM,,ZO,ZP,,ZS,ZT,,ZW,ZZ
1978-12,,,,BN,,,,CN,CT,,,,,FN,,,JN,JO,KC,LB,,,,,,,,SB,SN,,,,,,US,,,,,,,ZC,,ZF,ZG,ZI,,ZL,ZM,,ZO,ZP,,ZS,ZT,,ZW,ZZ
1979-01,,,,BN,,,,CN,CT,,,,,FN,,,JN,JO,KC,LB,,,,,,,,SB,SN,,,,,,US,,,,,,,ZC,,ZF,ZG,ZI,,ZL,ZM,,ZO,ZP,,ZS,ZT,,ZW,ZZ
1979-02,,,,BN,,,,CN,CT,,,,,FN,,,JN,JO,KC,LB,,,,,,,,SB,SN,,,,,,US,,,,,,,ZC,,ZF,ZG,ZI,,ZL,ZM,,ZO,ZP,,ZS,ZT,,ZW,ZZ
1979-03,,,,BN,,,,CN,CT,,,,,FN,,,JN,JO,KC,LB,,,,,,,,SB,SN,,,,,,US,,,,,,,ZC,,ZF,ZG,ZI,,ZL,ZM,,ZO,ZP,,ZS,ZT,,ZW,ZZ
1979-04,,,,BN,,,,CN,CT,,,,,FN,,,JN,JO,KC,LB,,,,,,,,SB,SN,,,,,,US,,,,,,,ZC,,ZF,ZG,ZI,,ZL,ZM,,ZO,ZP,,ZS,ZT,,ZW,ZZ
1979-05,,,,BN,,,,CN,CT,,,,,FN,,,JN,JO,KC,LB,,,,,,,,SB,SN,,,,,,US,,,,,,,ZC,,ZF,ZG,ZI,,ZL,ZM,,ZO,ZP,,ZS,ZT,,ZW,ZZ
1979-06,,,,BN,,,,CN,CT,,,,,FN,,,JN,JO,KC,LB,,,,,,,,SB,SN,,,,,,US,,,,,,,ZC,,ZF,ZG,ZI,,ZL,ZM,,ZO,ZP,,ZS,ZT,,ZW,ZZ
1979-07,,,,BN,,,,CN,CT,,,,,FN,,,JN,JO,KC,LB,,,,,,,,SB,SN,,,,,,US,,,,,,,ZC,,ZF,ZG,ZI,,ZL,ZM,,ZO,ZP,,ZS,ZT,,ZW,ZZ
1979-08,,,,BN,,,,CN,CT,,,,,FN,,,JN,JO,KC,LB,,,,,,,,SB,SN,,,,,,US,,,,,,,ZC,,ZF,ZG,ZI,,ZL,ZM,,ZO,ZP,,ZS,ZT,,ZW,ZZ
1979-09,,,,BN,,,,CN,CT,,,,,FN,,,JN,JO,KC,LB,,,,,,,,SB,SN,,,,,,US,,,,,,,ZC,,ZF,ZG,ZI,,ZL,ZM,,ZO,ZP,,ZS,ZT,,ZW,ZZ
1979-10,,,,BN,,,,CN,CT,,,,,FN,,,JN,JO,KC,LB,,,,,,,,SB,SN,,,,,,US,,,,,,,ZC,,ZF,ZG,ZI,,ZL,ZM,,ZO,ZP,,ZS,ZT,,ZW,ZZ
1979-11,,,,BN,,,,CN,CT,,,,,FN,,,JN,JO,KC,LB,,,,,,,,SB,SN,,,,,,US,,,,,,,ZC,,ZF,ZG,ZI,,ZL,ZM,,ZO,ZP,,ZS,ZT,,ZW,ZZ
1979-12,,,,BN,,,,CN,CT,,,,,FN,,,JN,JO,KC,LB,,,,,,,,SB,SN,,,,,,US,,,,,,,ZC,,ZF,ZG,ZI,,ZL,ZM,,ZO,ZP,,ZS,ZT,,ZW,ZZ
1980-01,,,,BN,,,,CN,CT,,,,,FN,,,JN,JO,KC,LB,,,,,,,,SB,SN,,,,,,US,,,,,,,ZC,,ZF,ZG,ZI,,ZL,ZM,,ZO,ZP,,ZS,ZT,,ZW,ZZ
1980-02,,,,BN,,,,CN,CT,,,,,FN,,,JN,JO,KC,LB,,,,,,,,SB,SN,,,,,,US,,,,,,,ZC,,ZF,ZG,ZI,,ZL,ZM,,ZO,ZP,,ZS,ZT,,ZW,ZZ
1980-03,,,,BN,,,,CN,CT,,,,,FN,,,JN,JO,KC,LB,,,,,,,,SB,SN,,,,,,US,,,,,,,ZC,,ZF,ZG,ZI,,ZL,ZM,,ZO,ZP,,ZS,ZT,,ZW,ZZ
1980-04,,,,BN,,,,CN,CT,,,,,FN,,,JN,JO,KC,LB,,,,,,,,SB,SN,,,,,,US,,,,,,,ZC,,ZF,ZG,ZI,,ZL,ZM,,ZO,ZP,,ZS,ZT,,ZW,ZZ
1980-05,,,,BN,,,,CN,CT,,,,,FN,,,JN,JO,KC,LB,,,,,,,,SB,SN,,,,,,US,,,,,,,ZC,,ZF,ZG,ZI,,ZL,ZM,,ZO,ZP,,ZS,ZT,,ZW,ZZ
1980-06,,,,BN,,,,CN,CT,,,,,FN,,,JN,JO,KC,LB,,,,,,,,SB,SN,,,,,,US,,,,,,,ZC,,ZF,ZG,ZI,,ZL,ZM,,ZO,ZP,,ZS,ZT,,ZW,ZZ
1980-07,,,,BN,,,,CN,CT,,,,,FN,,,JN,JO,KC,LB,,,,,,,,SB,SN,,,,,,US,,,,,,,ZC,,ZF,ZG,ZI,,ZL,ZM,,ZO,ZP,,ZS,ZT,,ZW,ZZ
1980-08,,,,BN,,,,CN,CT,,,,,FN,,,JN,JO,KC,LB,,,,,,,,SB,SN,,,,,,US,,,,,,,ZC,,ZF,ZG,ZI,,ZL,ZM,,ZO,ZP,,ZS,ZT,,ZW,ZZ
1980-09,,,,BN,,,,CN,CT,,,,,FN,,,JN,JO,KC,LB,,,,,,,,SB,SN,,,,,,US,,,,,,,ZC,,ZF,ZG,ZI,,ZL,ZM,,ZO,ZP,,ZS,ZT,,ZW,ZZ
1980-10,,,,BN,,,,CN,CT,,,,,FN,,,JN,JO,KC,LB,,,,,,,,SB,SN,,,,,,US,,,,,,,ZC,,ZF,ZG,ZI,,ZL,ZM,,ZO,ZP,,ZS,ZT,,ZW,ZZ
1980-11,,,,BN,,,,CN,CT,,,,,FN,,,JN,JO,KC,LB,,,,,,,,SB,SN,,,,,,US,,,,,,,ZC,,ZF,ZG,ZI,,ZL,ZM,,ZO,ZP,,ZS,ZT,,ZW,ZZ
1980-12,,,,BN,,,,CN,CT,,,,,FN,,,JN,JO,KC,LB,,,,,,,,SB,SN,,,,,,US,,,,,,,ZC,,ZF,ZG,ZI,,ZL,ZM,,ZO,ZP,,ZS,ZT,,ZW,ZZ
1981-01,,,,BN,,,,CN,CT,,,,,FN,,,JN,JO,KC,LB,,,,,,,,SB,SN,,,,,,US,,,,,,,ZC,,ZF,ZG,ZI,,ZL,ZM,,ZO,ZP,,ZS,ZT,,ZW,ZZ
1981-02,,,,BN,,,CC,CN,CT,,,,,FN,,,JN,JO,KC,LB,,,,MW,,,,SB,SN,,,,,,US,,,,,,,ZC,,ZF,ZG,ZI,,ZL,ZM,,ZO,ZP,,ZS,ZT,,ZW,ZZ
1981-03,,,,BN,,,CC,CN,CT,,,,,FN,,,JN,JO,KC,LB,,,,MW,,,,SB,SN,,,,,,US,,,,,,,ZC,,ZF,ZG,ZI,,ZL,ZM,,ZO,ZP,,ZS,ZT,,ZW,ZZ
1981-04,,,,BN,,,CC,CN,CT,,,,,FN,,,JN,JO,KC,LB,,,,MW,,,,SB,SN,,,,,,US,,,,,,,ZC,,ZF,ZG,ZI,,ZL,ZM,,ZO,ZP,,ZS,ZT,,ZW,ZZ
1981-05,,,,BN,,,CC,CN,CT,,,,,FN,,,JN,JO,KC,LB,,,,MW,,,,SB,SN,,,,,,US,,,,,,,ZC,,ZF,ZG,ZI,,ZL,ZM,,ZO,ZP,,ZS,ZT,,ZW,ZZ
1981-06,,,,BN,,,CC,CN,CT,,,,,FN,,,JN,JO,KC,LB,,,,MW,,,,SB,SN,,,,,,US,,,,,,,ZC,,ZF,ZG,ZI,,ZL,ZM,,ZO,ZP,,ZS,ZT,,ZW,ZZ
1981-07,,,,BN,,,CC,CN,CT,,,,,FN,,,JN,JO,KC,LB,,,,MW,,,,SB,SN,,,,,,US,,,,,,,ZC,,ZF,ZG,ZI,,ZL,ZM,,ZO,ZP,,ZS,ZT,,ZW,ZZ
1981-08,,,,BN,,,CC,CN,CT,,,,,FN,,,JN,JO,KC,LB,,,,MW,,,,SB,SN,,,,,,US,,,,,,,ZC,,ZF,ZG,ZI,,ZL,ZM,,ZO,ZP,,ZS,ZT,,ZW,ZZ
1981-09,,,,BN,,,CC,CN,CT,,,,,FN,,,JN,JO,KC,LB,,,,MW,,,,SB,SN,,,,,,US,,,,,,,ZC,,ZF,ZG,ZI,,ZL,ZM,,ZO,ZP,,ZS,ZT,,ZW,ZZ
1981-10,,,,BN,,,CC,CN,CT,,,,,FN,,,JN,JO,KC,LB,,,,MW,,,,SB,SN,,,,,,US,,,,,,,ZC,,ZF,ZG,ZI,,ZL,ZM,,ZO,ZP,,ZS,ZT,,ZW,ZZ
1981-11,,,,BN,,,CC,CN,CT,,,,,FN,,,JN,JO,KC,LB,,,,MW,,,,SB,SN,,,,,,US,,,,,,,ZC,,ZF,ZG,ZI,,ZL,ZM,,ZO,ZP,,ZS,ZT,,ZW,ZZ
1981-12,,,,BN,,,CC,CN,CT,,,,,FN,,,JN,JO,KC,LB,,,,MW,,,,SB,SN,,,,,,US,,,,,,,ZC,,ZF,ZG,ZI,,ZL,ZM,,ZO,ZP,,ZS,ZT,,ZW,ZZ
1982-01,,,,BN,,,CC,CN,CT,,,,,FN,,,JN,JO,KC,LB,,,,MW,,,,SB,SN,,,,,,US,,,,,,,ZC,,ZF,ZG,ZI,,ZL,ZM,,ZO,ZP,,ZS,ZT,,ZW,ZZ
1982-02,,,,BN,,,CC,CN,CT,,,,,FN,,,JN,JO,KC,LB,,,,MW,,,,SB,SN,,,,,,US,,,,,,,ZC,,ZF,ZG,ZI,,ZL,ZM,,ZO,ZP,,ZS,ZT,,ZW,ZZ
1982-03,,,,BN,,,CC,CN,CT,,,EC,,FN,,,JN,JO,KC,LB,,,,MW,,,,SB,SN,,,,,,US,,,,,,,ZC,,ZF,ZG,ZI,,ZL,ZM,,ZO,ZP,,ZS,ZT,,ZW,ZZ
1982-04,,,,BN,,,CC,CN,CT,,,EC,,FN,,,JN,JO,KC,LB,,,,MW,,,,SB,SN,,,,,,US,,,,,,,ZC,,ZF,ZG,ZI,,ZL,ZM,,ZO,ZP,,ZS,ZT,,ZW,ZZ
1982-05,,,,BN,,,CC,CN,CT,,,EC,,FN,,,JN,JO,KC,LB,,,,MW,,,,SB,SN,SP,,,,,US,,,,,,,ZC,,ZF,ZG,ZI,,ZL,ZM,,ZO,ZP,,ZS,ZT,,ZW,ZZ
1982-06,,,,BN,,,CC,CN,CT,,,EC,,FN,,,JN,JO,KC,LB,,,,MW,,,,SB,SN,SP,,,,,US,,,,,,,ZC,,ZF,ZG,ZI,,ZL,ZM,,ZO,ZP,,ZS,ZT,,ZW,ZZ
1982-07,,,,BN,,,CC,CN,CT,,,EC,,FN,,,JN,JO,KC,LB,,,,MW,,,,SB,SN,SP,,,,,US,,,,,,,ZC,,ZF,ZG,ZI,,ZL,ZM,,ZO,ZP,,ZS,ZT,,ZW,ZZ
1982-08,,,,BN,,,CC,CN,CT,,,EC,,FN,,,JN,JO,KC,LB,,,,MW,,,,SB,SN,SP,,,,,US,,,,,,,ZC,,ZF,ZG,ZI,,ZL,ZM,,ZO,ZP,,ZS,ZT,,ZW,ZZ
1982-09,,,,BN,,,CC,CN,CT,,,EC,,FN,,,JN,JO,KC,LB,,,,MW,,,,SB,SN,SP,,,,,US,,,,,,,ZC,,ZF,ZG,ZI,,ZL,ZM,,ZO,ZP,,ZS,ZT,,ZW,ZZ
1982-10,,,,BN,,,CC,CN,CT,,,EC,,FN,,,JN,JO,KC,LB,,,,MW,,,,SB,SN,SP,,,,,US,,,,,,,ZC,,ZF,ZG,ZI,,ZL,ZM,,ZO,ZP,,ZS,ZT,,ZW,ZZ
1982-11,,,,BN,,,CC,CN,CT,,,EC,,FN,,,JN,JO,KC,LB,,,,MW,,,,SB,SN,SP,,,,,US,,,,,,,ZC,,ZF,ZG,ZI,,ZL,ZM,,ZO,ZP,,ZS,ZT,,ZW,ZZ
1982-12,,,,BN,,,CC,CN,CT,,,EC,,FN,,,JN,JO,KC,LB,,,,MW,,,,SB,SN,SP,,,,,US,,,,,,,ZC,,ZF,ZG,ZI,,ZL,ZM,,ZO,ZP,,ZS,ZT,,ZW,ZZ
1983-01,,,,BN,,,CC,CN,CT,,,EC,,FN,,,JN,JO,KC,LB,,,,MW,,,,SB,SN,SP,,,,,US,,,,,,,ZC,,ZF,ZG,ZI,,ZL,ZM,,ZO,ZP,,ZS,ZT,,ZW,ZZ
1983-02,,,,BN,,,CC,CN,CT,,,EC,,FN,,,JN,JO,KC,LB,,,,MW,,,,SB,SN,SP,,,TY,,US,,,,,ZA,,ZC,,ZF,ZG,ZI,,ZL,ZM,,ZO,ZP,,ZS,ZT,,ZW,ZZ
1983-03,,,,BN,,,CC,CN,CT,,,EC,,FN,,,JN,JO,KC,LB,,,,MW,,,,SB,SN,SP,,,TY,,US,,,,,ZA,,ZC,,ZF,ZG,ZI,,ZL,ZM,,ZO,ZP,,ZS,ZT,,ZW,ZZ
1983-04,,,,BN,,,CC,CN,CT,,,EC,,FN,,,JN,JO,KC,LB,,,,MW,,,,SB,SN,SP,,,TY,,US,,,,,ZA,,ZC,,ZF,ZG,ZI,,ZL,ZM,,ZO,ZP,,ZS,ZT,,ZW,ZZ
1983-05,,,,BN,,,CC,CN,CT,,,EC,,FN,,,JN,JO,KC,LB,,,,MW,,,,SB,SN,SP,,,TY,,US,,,,,ZA,,ZC,,ZF,ZG,ZI,,ZL,ZM,,ZO,ZP,,ZS,ZT,,ZW,ZZ
1983-06,,,,BN,,,CC,CN,CT,,,EC,,FN,,,JN,JO,KC,LB,,,,MW,,,,SB,SN,SP,,,TY,,US,,,,,ZA,,ZC,,ZF,ZG,ZI,,ZL,ZM,,ZO,ZP,,ZS,ZT,,ZW,ZZ
1983-07,,,,BN,,,CC,CN,CT,,,EC,,FN,,,JN,JO,KC,LB,,,,MW,,,,SB,SN,SP,,,TY,,US,,,,,ZA,,ZC,,ZF,ZG,ZI,,ZL,ZM,,ZO,ZP,,ZS,ZT,,ZW,ZZ
1983-08,,,,BN,,,CC,CN,CT,,,EC,,FN,,,JN,JO,KC,LB,,,,MW,,,,SB,SN,SP,,,TY,,US,,,,,ZA,,ZC,,ZF,ZG,ZI,,ZL,ZM,,ZO,ZP,,ZS,ZT,,ZW,ZZ
1983-09,,,,BN,,,CC,CN,CT,,,EC,,FN,,,JN,JO,KC,LB,,,,MW,,,,SB,SN,SP,,,TY,,US,,,,,ZA,,ZC,,ZF,ZG,ZI,,ZL,ZM,,ZO,ZP,,ZS,ZT,,ZW,ZZ
1983-10,,,,BN,,,CC,CN,CT,,,EC,,FN,,,JN,JO,KC,LB,,,,MW,,,,SB,SN,SP,,,TY,,US,,,,,ZA,,ZC,,ZF,ZG,ZI,,ZL,ZM,,ZO,ZP,,ZS,ZT,,ZW,ZZ
1983-11,,,,BN,,,CC,CN,CT,,,EC,,FN,,,JN,JO,KC,LB,,,,MW,,,,SB,SN,SP,,,TY,,US,,,,,ZA,,ZC,,ZF,ZG,ZI,,ZL,ZM,,ZO,ZP,,ZS,ZT,,ZW,ZZ
1983-12,,,,BN,,,CC,CN,CT,,,EC,,FN,,,JN,JO,KC,LB,,,,MW,,,,SB,SN,SP,,,TY,,US,,,,,ZA,,ZC,,ZF,ZG,ZI,,ZL,ZM,,ZO,ZP,,ZS,ZT,,ZW,ZZ
1984-01,,,,BN,,,CC,CN,CT,,,EC,,FN,,,JN,JO,KC,LB,,,,MW,,,,SB,SN,SP,,,TY,,US,,,,,ZA,,ZC,,ZF,ZG,ZI,,ZL,ZM,,ZO,ZP,,ZS,ZT,,ZW,ZZ
1984-02,,,,BN,,,CC,CN,CT,,,EC,,FN,,,JN,JO,KC,LB,,,,MW,,,,SB,SN,SP,,,TY,,US,,,,,ZA,,ZC,,ZF,ZG,ZI,,ZL,ZM,,ZO,ZP,,ZS,ZT,ZU,ZW,ZZ
1984-03,,,,BN,,,CC,CN,CT,,,EC,,FN,,,JN,JO,KC,LB,,,,MW,,,,SB,SN,SP,,,TY,,US,,,,,ZA,,ZC,,ZF,ZG,ZI,,ZL,ZM,,ZO,ZP,,ZS,ZT,ZU,ZW,ZZ
1984-04,,,,BN,,,CC,CN,CT,,,EC,,FN,,,JN,JO,KC,LB,,,,MW,,,,SB,SN,SP,,,TY,,US,,,,,ZA,,ZC,,ZF,ZG,ZI,,ZL,ZM,,ZO,ZP,,ZS,ZT,ZU,ZW,ZZ
1984-05,,,,BN,,,CC,CN,CT,,,EC,,FN,,,JN,JO,KC,LB,,,,MW,,,,SB,SN,SP,,,TY,,US,,,,,ZA,,ZC,,ZF,ZG,ZI,,ZL,ZM,,ZO,ZP,,ZS,ZT,ZU,ZW,ZZ
1984-06,,,,BN,,,CC,CN,CT,,,EC,,FN,,,JN,JO,KC,LB,,,,MW,,,,SB,SN,SP,,,TY,,US,,,,,ZA,,ZC,,ZF,ZG,ZI,,ZL,ZM,,ZO,ZP,,ZS,ZT,ZU,ZW,ZZ
1984-07,,,,BN,,,CC,CN,CT,,,EC,,FN,,,JN,JO,KC,LB,,,,MW,,,,SB,SN,SP,,,TY,,US,,,,,ZA,,ZC,,ZF,ZG,ZI,,ZL,ZM,,ZO,ZP,,ZS,ZT,ZU,ZW,ZZ
1984-08,,,,BN,,,CC,CN,CT,,,EC,,FN,,,JN,JO,KC,LB,,,,MW,,,,SB,SN,SP,,,TY,,US,,,,,ZA,,ZC,,ZF,ZG,ZI,,ZL,ZM,,ZO,ZP,,ZS,ZT,ZU,ZW,ZZ
1984-09,,,,BN,,,CC,CN,CT,,,EC,,FN,,,JN,JO,KC,LB,,,,MW,,,,SB,SN,SP,,,TY,,US,,,,,ZA,,ZC,,ZF,ZG,ZI,,ZL,ZM,,ZO,ZP,,ZS,ZT,ZU,ZW,ZZ
1984-10,,,,BN,,,CC,CN,CT,,,EC,,FN,,,JN,JO,KC,LB,,,,MW,,,,SB,SN,SP,,,TY,,US,,,,,ZA,,ZC,,ZF,ZG,ZI,,ZL,ZM,,ZO,ZP,,ZS,ZT,ZU,ZW,ZZ
1984-11,,,,BN,,,CC,CN,CT,,,EC,,FN,,,JN,JO,KC,LB,,,,MW,,,,SB,SN,SP,,,TY,,US,,,,,ZA,,ZC,,ZF,ZG,ZI,,ZL,ZM,,ZO,ZP,,ZS,ZT,ZU,ZW,ZZ
1984-12,,,,BN,,,CC,CN,CT,,,EC,,FN,,,JN,JO,KC,LB,,,,MW,,,,SB,SN,SP,,,TY,,US,,,,,ZA,,ZC,,ZF,ZG,ZI,,ZL,ZM,,ZO,ZP,,ZS,ZT,ZU,ZW,ZZ
1985-01,,,,BN,,,CC,CN,CT,,,EC,,FN,,,JN,JO,KC,LB,,,,MW,,,,SB,SN,SP,,,TY,,US,,,,,ZA,,ZC,,ZF,ZG,ZI,,ZL,ZM,,ZO,ZP,,ZS,ZT,ZU,ZW,ZZ
1985-02,,,,BN,,,CC,CN,CT,,,EC,,FN,,,JN,JO,KC,LB,,,,MW,,,,SB,SN,SP,,,TY,,US,,,,,ZA,ZB,ZC,,ZF,ZG,ZI,,ZL,ZM,,ZO,ZP,,ZS,ZT,ZU,ZW,ZZ
1985-03,,,,BN,,,CC,CN,CT,,,EC,,FN,,,JN,JO,KC,LB,,,,MW,,,,SB,SN,SP,,,TY,,US,,,,,ZA,ZB,ZC,,ZF,ZG,ZI,,ZL,ZM,,ZO,ZP,,ZS,ZT,ZU,ZW,ZZ
1985-04,,,,BN,,,CC,CN,CT,,,EC,,FN,,,JN,JO,KC,LB,,,,MW,,,,SB,SN,SP,,,TY,,US,,,,,ZA,ZB,ZC,,ZF,ZG,ZI,,ZL,ZM,,ZO,ZP,,ZS,ZT,ZU,ZW,ZZ
1985-05,,,,BN,,,CC,CN,CT,,,EC,,FN,,,JN,JO,KC,LB,,,,MW,,,,SB,SN,SP,,,TY,,US,,,,,ZA,ZB,ZC,,ZF,ZG,ZI,,ZL,ZM,,ZO,ZP,,ZS,ZT,ZU,ZW,ZZ
1985-06,,,,BN,,,CC,CN,CT,,,EC,,FN,,,JN,JO,KC,LB,,,,MW,,,,SB,SN,SP,,,TY,,US,,,,,ZA,ZB,ZC,,ZF,ZG,ZI,,ZL,ZM,,ZO,ZP,,ZS,ZT,ZU,ZW,ZZ
1985-07,,,,BN,,,CC,CN,CT,,,EC,,FN,,,JN,JO,KC,LB,,,,MW,,,,SB,SN,SP,,,TY,,US,,,,,ZA,ZB,ZC,,ZF,ZG,ZI,,ZL,ZM,,ZO,ZP,,ZS,ZT,ZU,ZW,ZZ
1985-08,,,,BN,,,CC,CN,CT,,,EC,,FN,,,JN,JO,KC,LB,,,,MW,,,,SB,SN,SP,,,TY,,US,,,,,ZA,ZB,ZC,,ZF,ZG,ZI,,ZL,ZM,,ZO,ZP,,ZS,ZT,ZU,ZW,ZZ
1985-09,,,,BN,,,CC,CN,CT,,,EC,,FN,,,JN,JO,KC,LB,,,,MW,,,,SB,SN,SP,,,TY,,US,,,,,ZA,ZB,ZC,,ZF,ZG,ZI,,ZL,ZM,,ZO,ZP,,ZS,ZT,ZU,ZW,ZZ
1985-10,,,,BN,,,CC,CN,CT,,,EC,,FN,,,JN,JO,KC,LB,,,,MW,,,,SB,SN,SP,,,TY,,US,,,,,ZA,ZB,ZC,,ZF,ZG,ZI,,ZL,ZM,,ZO,ZP,,ZS,ZT,ZU,ZW,ZZ
1985-11,,,,BN,,,CC,CN,CT,,,EC,,FN,,,JN,JO,KC,LB,,,,MW,,,,SB,SN,SP,,,TY,,US,,,,,ZA,ZB,ZC,,ZF,ZG,ZI,,ZL,ZM,,ZO,ZP,,ZS,ZT,ZU,ZW,ZZ
1985-12,,,,BN,,,CC,CN,CT,,,EC,,FN,,,JN,JO,KC,LB,,,,MW,,,,SB,SN,SP,,,TY,,US,,,,,ZA,ZB,ZC,,ZF,ZG,ZI,,ZL,ZM,,ZO,ZP,,ZS,ZT,ZU,ZW,ZZ
1986-01,,,,BN,,,CC,CN,CT,,,EC,,FN,,,JN,JO,KC,LB,,,,MW,,,,SB,SN,SP,,,TY,,US,,,,,ZA,ZB,ZC,,ZF,ZG,ZI,,ZL,ZM,,ZO,ZP,,ZS,ZT,ZU,ZW,ZZ
1986-02,,,,BN,,,CC,CN,CT,,,EC,,FN,,,JN,JO,KC,LB,,,,MW,,,,SB,SN,SP,,,TY,,US,,,,,ZA,ZB,ZC,,ZF,ZG,ZI,,ZL,ZM,,ZO,ZP,,ZS,ZT,ZU,ZW,ZZ
1986-03,,,,BN,,,CC,CN,CT,,,EC,,FN,,,JN,JO,KC,LB,,,,MW,,,,SB,SN,SP,,,TY,,US,,,,,ZA,ZB,ZC,,ZF,ZG,ZI,,ZL,ZM,,ZO,ZP,,ZS,ZT,ZU,ZW,ZZ
1986-04,,,,BN,,,CC,CN,CT,,,EC,,FN,,,JN,JO,KC,LB,,,,MW,,,,SB,SN,SP,,,TY,,US,,,,,ZA,ZB,ZC,,ZF,ZG,ZI,,ZL,ZM,,ZO,ZP,,ZS,ZT,ZU,ZW,ZZ
1986-05,,,,BN,,,CC,CN,CT,,,EC,,FN,,,JN,JO,KC,LB,,,,MW,,,,SB,SN,SP,,,TY,,US,,,,,ZA,ZB,ZC,,ZF,ZG,ZI,,ZL,ZM,,ZO,ZP,,ZS,ZT,ZU,ZW,ZZ
1986-06,,,,BN,,,CC,CN,CT,,,EC,,FN,,,JN,JO,KC,LB,,,,MW,,,,SB,SN,SP,,,TY,,US,,,,,ZA,ZB,ZC,,ZF,ZG,ZI,,ZL,ZM,,ZO,ZP,,ZS,ZT,ZU,ZW,ZZ
1986-07,,,,BN,,,CC,CN,CT,,,EC,,FN,,,JN,JO,KC,LB,,,,MW,,,,SB,SN,SP,,,TY,,US,,,,,ZA,ZB,ZC,,ZF,ZG,ZI,,ZL,ZM,,ZO,ZP,,ZS,ZT,ZU,ZW,ZZ
1986-08,,,,BN,,,CC,CN,CT,,,EC,,FN,,,JN,JO,KC,LB,,,,MW,,,,SB,SN,SP,,,TY,,US,,,,,ZA,ZB,ZC,,ZF,ZG,ZI,,ZL,ZM,,ZO,ZP,,ZS,ZT,ZU,ZW,ZZ
1986-09,,,,BN,,,CC,CN,CT,,,EC,,FN,,,JN,JO,KC,LB,,,,MW,,,,SB,SN,SP,,,TY,,US,,,,,ZA,ZB,ZC,,ZF,ZG,ZI,,ZL,ZM,,ZO,ZP,,ZS,ZT,ZU,ZW,ZZ
1986-10,,,,BN,,,CC,CN,CT,,,EC,,FN,,,JN,JO,KC,LB,,,,MW,,,,SB,SN,SP,,,TY,,US,,,,,ZA,ZB,ZC,,ZF,ZG,ZI,,ZL,ZM,,ZO,ZP,,ZS,ZT,ZU,ZW,ZZ
1986-11,,,,BN,,,CC,CN,CT,,,EC,,FN,,,JN,JO,KC,LB,,,,MW,,,,SB,SN,SP,,,TY,,US,,,,,ZA,ZB,ZC,,ZF,ZG,ZI,,ZL,ZM,,ZO,ZP,,ZS,ZT,ZU,ZW,ZZ
1986-12,,,,BN,,,CC,CN,CT,,,EC,,FN,,,JN,JO,KC,LB,,,,MW,,,,SB,SN,SP,,,TY,,US,,,,,ZA,ZB,ZC,,ZF,ZG,ZI,,ZL,ZM,,ZO,ZP,,ZS,ZT,ZU,ZW,ZZ
1987-01,,,,BN,,,CC,CN,CT,,,EC,,FN,,,JN,JO,KC,LB,,,,MW,,,,SB,SN,SP,,,TY,,US,,,,,ZA,ZB,ZC,,ZF,ZG,ZI,,ZL,ZM,,ZO,ZP,,ZS,ZT,ZU,ZW,ZZ
1987-02,,,,BN,,,CC,CN,CT,,,EC,,FN,,,JN,JO,KC,LB,,,,MW,,,,SB,SN,SP,,,TY,,US,,,,,ZA,ZB,ZC,,ZF,ZG,ZI,,ZL,ZM,,ZO,ZP,ZR,ZS,ZT,ZU,ZW,ZZ
1987-03,,,,BN,,,CC,CN,CT,,,EC,,FN,,,JN,JO,KC,LB,,,,MW,,,,SB,SN,SP,,,TY,,US,,,,,ZA,ZB,ZC,,ZF,ZG,ZI,,ZL,ZM,,ZO,ZP,ZR,ZS,ZT,ZU,ZW,ZZ
1987-04,,,,BN,,,CC,CN,CT,,,EC,,FN,,,JN,JO,KC,LB,,,,MW,,,,SB,SN,SP,,,TY,,US,,,,,ZA,ZB,ZC,,ZF,ZG,ZI,,ZL,ZM,,ZO,ZP,ZR,ZS,ZT,ZU,ZW,ZZ
1987-05,,,,BN,,,CC,CN,CT,,,EC,,FN,,,JN,JO,KC,LB,,,,MW,,,,SB,SN,SP,,,TY,,US,,,,,ZA,ZB,ZC,,ZF,ZG,ZI,,ZL,ZM,,ZO,ZP,ZR,ZS,ZT,ZU,ZW,ZZ
1987-06,,,,BN,,,CC,CN,CT,,,EC,,FN,,,JN,JO,KC,LB,,,,MW,,,,SB,SN,SP,,,TY,,US,,,,,ZA,ZB,ZC,,ZF,ZG,ZI,,ZL,ZM,,ZO,ZP,ZR,ZS,ZT,ZU,ZW,ZZ
1987-07,,,,BN,,,CC,CN,CT,,,EC,,FN,,,JN,JO,KC,LB,,,,MW,,,,SB,SN,SP,,,TY,,US,,,,,ZA,ZB,ZC,,ZF,ZG,ZI,,ZL,ZM,,ZO,ZP,ZR,ZS,ZT,ZU,ZW,ZZ
1987-08,,,,BN,,,CC,CN,CT,,,EC,,FN,,,JN,JO,KC,LB,,,,MW,,,,SB,SN,SP,,,TY,,US,,,,,ZA,ZB,ZC,,ZF,ZG,ZI,,ZL,ZM,,ZO,ZP,ZR,ZS,ZT,ZU,ZW,ZZ
1987-09,,,,BN,,,CC,CN,CT,,,EC,,FN,,,JN,JO,KC,LB,,,,MW,,,,SB,SN,SP,,,TY,,US,,,,,ZA,ZB,ZC,,ZF,ZG,ZI,,ZL,ZM,,ZO,ZP,ZR,ZS,ZT,ZU,ZW,ZZ
1987-10,,,,BN,,,CC,CN,CT,,,EC,,FN,,,JN,JO,KC,LB,,,,MW,,,,SB,SN,SP,,,TY,,US,,,,,ZA,ZB,ZC,,ZF,ZG,ZI,,ZL,ZM,,ZO,ZP,ZR,ZS,ZT,ZU,ZW,ZZ
1987-11,,,,BN,,,CC,CN,CT,,,EC,,FN,,,JN,JO,KC,LB,,,,MW,,,,SB,SN,SP,,,TY,,US,,,,,ZA,ZB,ZC,,ZF,ZG,ZI,,ZL,ZM,,ZO,ZP,ZR,ZS,ZT,ZU,ZW,ZZ
1987-12,,,,BN,,,CC,CN,CT,,,EC,,FN,,,JN,JO,KC,LB,,,,MW,,,,SB,SN,SP,,,TY,,US,,,,,ZA,ZB,ZC,,ZF,ZG,ZI,,ZL,ZM,,ZO,ZP,ZR,ZS,ZT,ZU,ZW,ZZ
1988-01,,,,BN,,,CC,CN,CT,,,EC,,FN,,,JN,JO,KC,LB,,,,MW,,,,SB,SN,SP,,,TY,,US,,,,,ZA,ZB,ZC,,ZF,ZG,ZI,,ZL,ZM,,ZO,ZP,ZR,ZS,ZT,ZU,ZW,ZZ
1988-02,AN,,,BN,,,CC,CN,CT,,,EC,,FN,,,JN,JO,KC,LB,,,,MW,,,,SB,SN,SP,,,TY,,US,,,,,ZA,ZB,ZC,,ZF,ZG,ZI,,ZL,ZM,,ZO,ZP,ZR,ZS,ZT,ZU,ZW,ZZ
1988-03,AN,,,BN,,,CC,CN,CT,,,EC,,FN,,,JN,JO,KC,LB,,,,MW,,,,SB,SN,SP,,,TY,,US,,,,,ZA,ZB,ZC,,ZF,ZG,ZI,,ZL,ZM,,ZO,ZP,ZR,ZS,ZT,ZU,ZW,ZZ
1988-04,AN,,,BN,,,CC,CN,CT,,,EC,,FN,,,JN,JO,KC,LB,,,,MW,,,,SB,SN,SP,,,TY,,US,,,,,ZA,ZB,ZC,,ZF,ZG,ZI,,ZL,ZM,,ZO,ZP,ZR,ZS,ZT,ZU,ZW,ZZ
1988-05,AN,,,BN,,,CC,CN,CT,,,EC,,FN,,,JN,JO,KC,LB,,,,MW,,,,SB,SN,SP,,,TY,,US,,,,,ZA,ZB,ZC,,ZF,ZG,ZI,,ZL,ZM,,ZO,ZP,ZR,ZS,ZT,ZU,ZW,ZZ
1988-06,AN,,,BN,,,CC,CN,CT,,,EC,,FN,,,JN,JO,KC,LB,,,,MW,,,,SB,SN,SP,,,TY,,US,,,,,ZA,ZB,ZC,,ZF,ZG,ZI,,ZL,ZM,,ZO,ZP,ZR,ZS,ZT,ZU,ZW,ZZ
1988-07,AN,,,BN,,,CC,CN,CT,,,EC,,FN,,,JN,JO,KC,LB,,,,MW,,,,SB,SN,SP,,,TY,,US,,,,,ZA,ZB,ZC,,ZF,ZG,ZI,,ZL,ZM,,ZO,ZP,ZR,ZS,ZT,ZU,ZW,ZZ
1988-08,AN,,,BN,,,CC,CN,CT,,,EC,,FN,,,JN,JO,KC,LB,,,,MW,,,,SB,SN,SP,,,TY,,US,,,,,ZA,ZB,ZC,,ZF,ZG,ZI,,ZL,ZM,,ZO,ZP,ZR,ZS,ZT,ZU,ZW,ZZ
1988-09,AN,,,BN,,,CC,CN,CT,,,EC,,FN,,,JN,JO,KC,LB,,,,MW,,,,SB,SN,SP,,,TY,,US,,,,,ZA,ZB,ZC,,ZF,ZG,ZI,,ZL,ZM,,ZO,ZP,ZR,ZS,ZT,ZU,ZW,ZZ
1988-10,AN,,,BN,,,CC,CN,CT,,,EC,,FN,,,JN,JO,KC,LB,,,,MW,,,,SB,SN,SP,,,TY,,US,,,,,ZA,ZB,ZC,,ZF,ZG,ZI,,ZL,ZM,,ZO,ZP,ZR,ZS,ZT,ZU,ZW,ZZ
1988-11,AN,,,BN,,,CC,CN,CT,,,EC,,FN,,,JN,JO,KC,LB,,,,MW,,,,SB,SN,SP,,,TY,,US,,,,,ZA,ZB,ZC,,ZF,ZG,ZI,,ZL,ZM,,ZO,ZP,ZR,ZS,ZT,ZU,ZW,ZZ
1988-12,AN,,,BN,,,CC,CN,CT,,,EC,,FN,,,JN,JO,KC,LB,,,,MW,,,,SB,SN,SP,,,TY,,US,,,,,ZA,ZB,ZC,,ZF,ZG,ZI,,ZL,ZM,,ZO,ZP,ZR,ZS,ZT,ZU,ZW,ZZ
1989-01,AN,,,BN,,,CC,CN,CT,,,EC,,FN,,,JN,JO,KC,LB,,,,MW,,,,SB,SN,SP,,,TY,,US,,,,,ZA,ZB,ZC,,ZF,ZG,ZI,,ZL,ZM,,ZO,ZP,ZR,ZS,ZT,ZU,ZW,ZZ
1989-02,AN,,,BN,,,CC,CN,CT,,,EC,FB,FN,,,JN,JO,KC,LB,,,,MW,,,,SB,SN,SP,,,TY,,US,,,,,ZA,ZB,ZC,,ZF,ZG,ZI,ZK,ZL,ZM,,ZO,ZP,ZR,ZS,ZT,ZU,ZW,ZZ
1989-03,AN,,,BN,,,CC,CN,CT,,,EC,FB,FN,,,JN,JO,KC,LB,,,,MW,,,,SB,SN,SP,,,TY,,US,,,,,ZA,ZB,ZC,,ZF,ZG,ZI,ZK,ZL,ZM,,ZO,ZP,ZR,ZS,ZT,ZU,ZW,ZZ
1989-04,AN,,,BN,,,CC,CN,CT,,,EC,FB,FN,,,JN,JO,KC,LB,,,,MW,,,,SB,SN,SP,,,TY,,US,,,,,ZA,ZB,ZC,,ZF,ZG,ZI,ZK,ZL,ZM,,ZO,ZP,ZR,ZS,ZT,ZU,ZW,ZZ
1989-05,AN,,,BN,,,CC,CN,CT,,,EC,FB,FN,,,JN,JO,KC,LB,,,,MW,,,,SB,SN,SP,,,TY,,US,,,,,ZA,ZB,ZC,,ZF,ZG,ZI,ZK,ZL,ZM,,ZO,ZP,ZR,ZS,ZT,ZU,ZW,ZZ
1989-06,AN,,,BN,,,CC,CN,CT,,,EC,FB,FN,,,JN,JO,KC,LB,,,,MW,,,,SB,SN,SP,,,TY,,US,,,,,ZA,ZB,ZC,,ZF,ZG,ZI,ZK,ZL,ZM,,ZO,ZP,ZR,ZS,ZT,ZU,ZW,ZZ
1989-07,AN,,,BN,,,CC,CN,CT,,,EC,FB,FN,,,JN,JO,KC,LB,,,,MW,,,,SB,SN,SP,,,TY,,US,,,,,ZA,ZB,ZC,,ZF,ZG,ZI,ZK,ZL,ZM,,ZO,ZP,ZR,ZS,ZT,ZU,ZW,ZZ
1989-08,AN,,,BN,,,CC,CN,CT,,,EC,FB,FN,,,JN,JO,KC,LB,,,,MW,,,,SB,SN,SP,,,TY,,US,,,,,ZA,ZB,ZC,,ZF,ZG,ZI,ZK,ZL,ZM,,ZO,ZP,ZR,ZS,ZT,ZU,ZW,ZZ
1989-09,AN,,,BN,,,CC,CN,CT,,,EC,FB,FN,,,JN,JO,KC,LB,,,,MW,,,,SB,SN,SP,,,TY,,US,,,,,ZA,ZB,ZC,,ZF,ZG,ZI,ZK,ZL,ZM,,ZO,ZP,ZR,ZS,ZT,ZU,ZW,ZZ
1989-10,AN,,,BN,,,CC,CN,CT,,,EC,FB,FN,,,JN,JO,KC,LB,,,,MW,,,,SB,SN,SP,,,TY,,US,,,,,ZA,ZB,ZC,,ZF,ZG,ZI,ZK,ZL,ZM,,ZO,ZP,ZR,ZS,ZT,ZU,ZW,ZZ
1989-11,AN,,,BN,,,CC,CN,CT,,,EC,FB,FN,,,JN,JO,KC,LB,,,,MW,,,,SB,SN,SP,,,TY,,US,,,,,ZA,ZB,ZC,,ZF,ZG,ZI,ZK,ZL,ZM,,ZO,ZP,ZR,ZS,ZT,ZU,ZW,ZZ
1989-12,AN,,,BN,,,CC,CN,CT,,DT,EC,FB,FN,GS,,JN,JO,KC,LB,,,,MW,,,,SB,SN,SP,,,TY,,US,,,,,ZA,ZB,ZC,,ZF,ZG,ZI,ZK,ZL,ZM,,ZO,ZP,ZR,ZS,ZT,ZU,ZW,ZZ
1990-01,AN,,,BN,,,CC,CN,CT,,DT,EC,FB,FN,GS,,JN,JO,KC,LB,,,,MW,,,,SB,SN,SP,,,TY,,US,,,,,ZA,ZB,ZC,,ZF,ZG,ZI,ZK,ZL,ZM,,ZO,ZP,ZR,ZS,ZT,ZU,ZW,ZZ
1990-02,AN,,,BN,,,CC,CN,CT,,DT,EC,FB,FN,GS,,JN,JO,KC,LB,LX,,,MW,,,,SB,SN,SP,,,TY,,US,,,,,ZA,ZB,ZC,,ZF,ZG,ZI,ZK,ZL,ZM,,ZO,ZP,ZR,ZS,ZT,ZU,ZW,ZZ
1990-03,AN,,,BN,,,CC,CN,CT,,DT,EC,FB,FN,GS,,JN,JO,KC,LB,LX,,,MW,,,,SB,SN,SP,,,TY,,US,,,,,ZA,ZB,ZC,,ZF,ZG,ZI,ZK,ZL,ZM,,ZO,ZP,ZR,ZS,ZT,ZU,ZW,ZZ
1990-04,AN,,,BN,,,CC,CN,CT,,DT,EC,FB,FN,GS,,JN,JO,KC,LB,LX,,,MW,,,,SB,SN,SP,,,TY,,US,,,,,ZA,ZB,ZC,,ZF,ZG,ZI,ZK,ZL,ZM,,ZO,ZP,ZR,ZS,ZT,ZU,ZW,ZZ
1990-05,AN,,,BN,,,CC,CN,CT,,DT,EC,FB,FN,GS,,JN,JO,KC,LB,LX,,,MW,,,,SB,SN,SP,,,TY,,US,,,,,ZA,ZB,ZC,,ZF,ZG,ZI,ZK,ZL,ZM,,ZO,ZP,ZR,ZS,ZT,ZU,ZW,ZZ
1990-06,AN,,,BN,,,CC,CN,CT,,DT,EC,FB,FN,GS,,JN,JO,KC,LB,LX,,,MW,,,,SB,SN,SP,,,TY,,US,,,,,ZA,ZB,ZC,,ZF,ZG,ZI,ZK,ZL,ZM,,ZO,ZP,ZR,ZS,ZT,ZU,ZW,ZZ
1990-07,AN,,,BN,,,CC,CN,CT,,DT,EC,FB,FN,GS,,JN,JO,KC,LB,LX,,,MW,,,,SB,SN,SP,,,TY,,US,,,,,ZA,ZB,ZC,,ZF,ZG,ZI,ZK,ZL,ZM,,ZO,ZP,ZR,ZS,ZT,ZU,ZW,ZZ
1990-08,AN,,,BN,,,CC,CN,CT,,DT,EC,FB,FN,GS,,JN,JO,KC,LB,LX,,,MW,,,,SB,SN,SP,,,TY,,US,,,,,ZA,ZB,ZC,,ZF,ZG,ZI,ZK,ZL,ZM,,ZO,ZP,ZR,ZS,ZT,ZU,ZW,ZZ
1990-09,AN,,,BN,,,CC,CN,CT,,DT,EC,FB,FN,GS,,JN,JO,KC,LB,LX,,,MW,,,,SB,SN,SP,,,TY,,US,,,,,ZA,ZB,ZC,,ZF,ZG,ZI,ZK,ZL,ZM,,ZO,ZP,ZR,ZS,ZT,ZU,ZW,ZZ
1990-10,AN,,,BN,,,CC,CN,CT,,DT,EC,FB,FN,GS,,JN,JO,KC,LB,LX,,,MW,,,,SB,SN,SP,,TU,TY,,US,,,,,ZA,ZB,ZC,,ZF,ZG,ZI,ZK,ZL,ZM,,ZO,ZP,ZR,ZS,ZT,ZU,ZW,ZZ
1990-11,AN,,,BN,,,CC,CN,CT,,DT,EC,FB,FN,GS,,JN,JO,KC,LB,LX,,,MW,,,,SB,SN,SP,,TU,TY,,US,,,,,ZA,ZB,ZC,,ZF,ZG,ZI,ZK,ZL,ZM,,ZO,ZP,ZR,ZS,ZT,ZU,ZW,ZZ
1990-12,AN,,,BN,,,CC,CN,CT,,DT,EC,FB,FN,GS,,JN,JO,KC,LB,LX,,,MW,,,,SB,SN,SP,,TU,TY,,US,,,,,ZA,ZB,ZC,,ZF,ZG,ZI,ZK,ZL,ZM,,ZO,ZP,ZR,ZS,ZT,ZU,ZW,ZZ
1991-01,AN,,,BN,,,CC,CN,CT,,DT,EC,FB,FN,GS,,JN,JO,KC,LB,LX,,,MW,,,,SB,SN,SP,,TU,TY,,US,,,,,ZA,ZB,ZC,,ZF,ZG,ZI,ZK,ZL,ZM,,ZO,ZP,ZR,ZS,ZT,ZU,ZW,ZZ
1991-02,AN,,,BN,,,CC,CN,CT,,DT,EC,FB,FN,GS,,JN,JO,KC,LB,LX,,,MW,,NK,,SB,SN,SP,,TU,TY,,US,,,,,ZA,ZB,ZC,,ZF,ZG,ZI,ZK,ZL,ZM,ZN,ZO,ZP,ZR,ZS,ZT,ZU,ZW,ZZ
1991-03,AN,,,BN,,,CC,CN,CT,,DT,EC,FB,FN,GS,,JN,JO,KC,LB,LX,,,MW,,NK,,SB,SN,SP,,TU,TY,,US,,,,,ZA,ZB,ZC,,ZF,ZG,ZI,ZK,ZL,ZM,ZN,ZO,ZP,ZR,ZS,ZT,ZU,ZW,ZZ
1991-04,AN,,,BN,,,CC,CN,CT,,DT,EC,FB,FN,GS,,JN,JO,KC,LB,LX,,,MW,,NK,,SB,SN,SP,,TU,TY,,US,,,,,ZA,ZB,ZC,,ZF,ZG,ZI,ZK,ZL,ZM,ZN,ZO,ZP,ZR,ZS,ZT,ZU,ZW,ZZ
1991-05,AN,,,BN,,,CC,CN,CT,,DT,EC,FB,FN,GS,,JN,JO,KC,LB,LX,,,MW,,NK,,SB,SN,SP,,TU,TY,,US,,,,,ZA,ZB,ZC,,ZF,ZG,ZI,ZK,ZL,ZM,ZN,ZO,ZP,ZR,ZS,ZT,ZU,ZW,ZZ
1991-06,AN,,,BN,,,CC,CN,CT,,DT,EC,FB,FN,GS,,JN,JO,KC,LB,LX,,,MW,,NK,,SB,SN,SP,,TU,TY,,US,,,,,ZA,ZB,ZC,,ZF,ZG,ZI,ZK,ZL,ZM,ZN,ZO,ZP,ZR,ZS,ZT,ZU,ZW,ZZ
1991-07,AN,,,BN,,,CC,CN,CT,,DT,EC,FB,FN,GS,,JN,JO,KC,LB,LX,,,MW,,NK,,SB,SN,SP,,TU,TY,,US,,,,,ZA,ZB,ZC,,ZF,ZG,ZI,ZK,ZL,ZM,ZN,ZO,ZP,ZR,ZS,ZT,ZU,ZW,ZZ
1991-08,AN,,,BN,,,CC,CN,CT,,DT,EC,FB,FN,GS,,JN,JO,KC,LB,LX,,,MW,,NK,,SB,SN,SP,,TU,TY,,US,,,,,ZA,ZB,ZC,,ZF,ZG,ZI,ZK,ZL,ZM,ZN,ZO,ZP,ZR,ZS,ZT,ZU,ZW,ZZ
1991-09,AN,,,BN,,,CC,CN,CT,,DT,EC,FB,FN,GS,,JN,JO,KC,LB,LX,,,MW,,NK,,SB,SN,SP,,TU,TY,,US,,,,,ZA,ZB,ZC,,ZF,ZG,ZI,ZK,ZL,ZM,ZN,ZO,ZP,ZR,ZS,ZT,ZU,ZW,ZZ
1991-10,AN,,,BN,,,CC,CN,CT,,DT,EC,FB,FN,GS,,JN,JO,KC,LB,LX,,,MW,,NK,,SB,SN,SP,SS,TU,TY,,US,,,,,ZA,ZB,ZC,,ZF,ZG,ZI,ZK,ZL,ZM,ZN,ZO,ZP,ZR,ZS,ZT,ZU,ZW,ZZ
1991-11,AN,,,BN,,,CC,CN,CT,,DT,EC,FB,FN,GS,,JN,JO,KC,LB,LX,,,MW,,NK,,SB,SN,SP,SS,TU,TY,,US,,,,,ZA,ZB,ZC,,ZF,ZG,ZI,ZK,ZL,ZM,ZN,ZO,ZP,ZR,ZS,ZT,ZU,ZW,ZZ
1991-12,AN,,,BN,,,CC,CN,CT,,DT,EC,FB,FN,GS,,JN,JO,KC,LB,LX,,,MW,,NK,,SB,SN,SP,,TU,TY,,US,,,,,ZA,ZB,ZC,,ZF,ZG,ZI,ZK,ZL,ZM,ZN,ZO,ZP,ZR,ZS,ZT,ZU,ZW,ZZ
1992-01,AN,,,BN,,,CC,CN,CT,,DT,EC,FB,FN,GS,,JN,JO,KC,LB,LX,,,MW,,NK,,SB,SN,SP,,TU,TY,,US,,,,,ZA,ZB,ZC,,ZF,ZG,ZI,ZK,ZL,ZM,ZN,ZO,ZP,ZR,ZS,ZT,ZU,ZW,ZZ
1992-02,AN,,,BN,,,CC,CN,CT,,DT,EC,FB,FN,GS,,JN,JO,KC,LB,LX,,,MW,,NK,,SB,SN,SP,SS,TU,TY,,US,,,,,ZA,ZB,ZC,,ZF,ZG,ZI,ZK,ZL,ZM,ZN,ZO,ZP,ZR,ZS,ZT,ZU,ZW,ZZ
1992-03,AN,,,BN,,,CC,CN,CT,,DT,EC,FB,FN,GS,,JN,JO,KC,LB,LX,MD,,MW,,NK,,SB,SN,SP,SS,TU,TY,,US,,,,,ZA,ZB,ZC,,ZF,ZG,ZI,ZK,ZL,ZM,ZN,ZO,ZP,ZR,ZS,ZT,ZU,ZW,ZZ
1992-04,AN,,,BN,,,CC,CN,CT,,DT,EC,FB,FN,GS,,JN,JO,KC,LB,LX,MD,,MW,,NK,,SB,SN,SP,SS,TU,TY,,US,,,,,ZA,ZB,ZC,,ZF,ZG,ZI,ZK,ZL,ZM,ZN,ZO,ZP,ZR,ZS,ZT,ZU,ZW,ZZ
1992-05,AN,,,BN,,,CC,CN,CT,,DT,EC,FB,FN,GS,,JN,JO,KC,LB,LX,MD,,MW,,NK,,SB,SN,SP,SS,TU,TY,,US,,,,,ZA,ZB,ZC,,ZF,ZG,ZI,ZK,ZL,ZM,ZN,ZO,ZP,ZR,ZS,ZT,ZU,ZW,ZZ
1992-06,AN,,,BN,,,CC,CN,CT,,DT,EC,FB,FN,GS,,JN,JO,KC,LB,LX,MD,,MW,,NK,,SB,SN,SP,SS,TU,TY,,US,,,,,ZA,ZB,ZC,,ZF,ZG,ZI,ZK,ZL,ZM,ZN,ZO,ZP,ZR,ZS,ZT,ZU,ZW,ZZ
1992-07,AN,,,BN,,,CC,CN,CT,,DT,EC,FB,FN,GS,,JN,JO,KC,LB,LX,MD,,MW,,NK,,SB,SN,SP,SS,TU,TY,,US,,,,,ZA,ZB,ZC,,ZF,ZG,ZI,ZK,ZL,ZM,ZN,ZO,ZP,ZR,ZS,ZT,ZU,ZW,ZZ
1992-08,AN,,,BN,,,CC,CN,CT,,DT,EC,FB,FN,GS,,JN,JO,KC,LB,LX,MD,,MW,,NK,,SB,SN,SP,SS,TU,TY,,US,,,,,ZA,ZB,ZC,,ZF,ZG,ZI,ZK,ZL,ZM,ZN,ZO,ZP,ZR,ZS,ZT,ZU,ZW,ZZ
1992-09,AN,,,BN,,,CC,CN,CT,,DT,EC,FB,FN,GS,,JN,JO,KC,LB,LX,MD,,MW,,NK,,SB,SN,SP,SS,TU,TY,,US,,,,,ZA,ZB,ZC,,ZF,ZG,ZI,ZK,ZL,ZM,ZN,ZO,ZP,ZR,ZS,ZT,ZU,ZW,ZZ
1992-10,AN,,,BN,,,CC,CN,CT,,DT,EC,FB,FN,GS,,JN,JO,KC,LB,LX,MD,,MW,,NK,,SB,SN,SP,SS,TU,TY,,US,,,,,ZA,ZB,ZC,,ZF,ZG,ZI,ZK,ZL,ZM,ZN,ZO,ZP,ZR,ZS,ZT,ZU,ZW,ZZ
1992-11,AN,,,BN,,,CC,CN,CT,,DT,EC,FB,FN,GS,,JN,JO,KC,LB,LX,MD,,MW,,NK,,SB,SN,SP,SS,TU,TY,,US,,,,,ZA,ZB,ZC,,ZF,ZG,ZI,ZK,ZL,ZM,ZN,ZO,ZP,ZR,ZS,ZT,ZU,ZW,ZZ
1992-12,AN,,,BN,,,CC,CN,CT,,DT,EC,FB,FN,GS,,JN,JO,KC,LB,LX,MD,,MW,,NK,,SB,SN,SP,,TU,TY,,US,,,,,ZA,ZB,ZC,,ZF,ZG,ZI,ZK,ZL,ZM,ZN,ZO,ZP,ZR,ZS,ZT,ZU,ZW,ZZ
1993-01,AN,,,BN,,,CC,CN,CT,,DT,EC,FB,FN,GS,,JN,JO,KC,LB,LX,MD,,MW,,NK,,SB,SN,SP,,TU,TY,,US,,,,,ZA,ZB,ZC,,ZF,ZG,ZI,ZK,ZL,ZM,ZN,ZO,ZP,ZR,ZS,ZT,ZU,ZW,ZZ
1993-02,AN,,,BN,,,CC,CN,CT,,DT,EC,FB,FN,GS,,JN,JO,KC,LB,LX,MD,,MW,,NK,,SB,SN,SP,SS,TU,TY,,US,,,,,ZA,ZB,ZC,,ZF,ZG,ZI,ZK,ZL,ZM,ZN,ZO,ZP,ZR,ZS,ZT,ZU,ZW,ZZ
1993-03,AN,,,BN,,,CC,CN,CT,,DT,EC,FB,FN,GS,,JN,JO,KC,LB,LX,MD,,MW,,NK,RL,SB,SN,SP,SS,TU,TY,,US,,,,,ZA,ZB,ZC,,ZF,ZG,ZI,ZK,ZL,ZM,ZN,ZO,ZP,ZR,ZS,ZT,ZU,ZW,ZZ
1993-04,AN,,,BN,,,CC,CN,CT,,DT,EC,FB,FN,GS,,JN,JO,KC,LB,LX,MD,,MW,,NK,RL,SB,SN,SP,SS,TU,TY,,US,,,,,ZA,ZB,ZC,,ZF,ZG,ZI,ZK,ZL,ZM,ZN,ZO,ZP,ZR,ZS,ZT,ZU,ZW,ZZ
1993-05,AN,,,BN,,,CC,CN,CT,,DT,EC,FB,FN,GS,,JN,JO,KC,LB,LX,MD,,MW,,NK,RL,SB,SN,SP,SS,TU,TY,,US,,,,,ZA,ZB,ZC,,ZF,ZG,ZI,ZK,ZL,ZM,ZN,ZO,ZP,ZR,ZS,ZT,ZU,ZW,ZZ
1993-06,AN,,,BN,,,CC,CN,CT,,DT,EC,FB,FN,GS,,JN,JO,KC,LB,LX,MD,,MW,,NK,RL,SB,SN,SP,SS,TU,TY,,US,,,,,ZA,ZB,ZC,,ZF,ZG,ZI,ZK,ZL,ZM,ZN,ZO,ZP,ZR,ZS,ZT,ZU,ZW,ZZ
1993-07,AN,,,BN,,,CC,CN,CT,,DT,EC,FB,FN,GS,,JN,JO,KC,LB,LX,MD,,MW,,NK,RL,SB,SN,SP,SS,TU,TY,,US,,,,,ZA,ZB,ZC,,ZF,ZG,ZI,ZK,ZL,ZM,ZN,ZO,ZP,ZR,ZS,ZT,ZU,ZW,ZZ
1993-08,AN,,,BN,,,CC,CN,CT,,DT,EC,FB,FN,GS,,JN,JO,KC,LB,LX,MD,,MW,,NK,RL,SB,SN,SP,SS,TU,TY,,US,,,,,ZA,ZB,ZC,,ZF,ZG,ZI,ZK,ZL,ZM,ZN,ZO,ZP,ZR,ZS,ZT,ZU,ZW,ZZ
1993-09,AN,,,BN,,,CC,CN,CT,,DT,EC,FB,FN,GS,,JN,JO,KC,LB,LX,MD,,MW,,NK,RL,SB,SN,SP,SS,TU,TY,,US,,,,,ZA,ZB,ZC,,ZF,ZG,ZI,ZK,ZL,ZM,ZN,ZO,ZP,ZR,ZS,ZT,ZU,ZW,ZZ
1993-10,AN,,,BN,,,CC,CN,CT,,DT,EC,FB,FN,GS,,JN,JO,KC,LB,LX,MD,,MW,,NK,RL,SB,SN,SP,SS,TU,TY,,US,,,,,ZA,ZB,ZC,,ZF,ZG,ZI,ZK,ZL,ZM,ZN,ZO,ZP,ZR,ZS,ZT,ZU,ZW,ZZ
1993-11,AN,,,BN,,,CC,CN,CT,,DT,EC,FB,FN,GS,,JN,JO,KC,LB,LX,MD,,MW,,NK,RL,SB,SN,SP,SS,TU,TY,,US,,,,,ZA,ZB,ZC,,ZF,ZG,ZI,ZK,ZL,ZM,ZN,ZO,ZP,ZR,ZS,ZT,ZU,ZW,ZZ
1993-12,AN,,,BN,,,CC,CN,CT,,DT,EC,FB,FN,GS,,JN,JO,KC,LB,LX,MD,,MW,,NK,RL,SB,SN,SP,,TU,TY,,US,,,,,ZA,ZB,ZC,,ZF,ZG,ZI,ZK,ZL,ZM,ZN,ZO,ZP,ZR,ZS,ZT,ZU,ZW,ZZ
1994-01,AN,,,BN,,,CC,CN,CT,,DT,EC,FB,FN,GS,,JN,JO,KC,LB,LX,MD,,MW,,NK,RL,SB,SN,SP,,TU,TY,,US,,,,,ZA,ZB,ZC,,ZF,ZG,ZI,ZK,ZL,ZM,ZN,ZO,ZP,ZR,ZS,ZT,ZU,ZW,ZZ
1994-02,AN,,,BN,,,CC,CN,CT,,DT,EC,FB,FN,GS,,JN,JO,KC,LB,LX,MD,,MW,,NK,RL,SB,SN,SP,SS,TU,TY,,US,,,,,ZA,ZB,ZC,,ZF,ZG,ZI,ZK,ZL,ZM,ZN,ZO,ZP,ZR,ZS,ZT,ZU,ZW,ZZ
1994-03,AN,,,BN,,,CC,CN,CT,,DT,EC,FB,FN,GS,,JN,JO,KC,LB,LX,MD,,MW,,NK,RL,SB,SN,SP,SS,TU,TY,,US,,,,,ZA,ZB,ZC,,ZF,ZG,ZI,ZK,ZL,ZM,ZN,ZO,ZP,ZR,ZS,ZT,ZU,ZW,ZZ
1994-04,AN,,,BN,,,CC,CN,CT,,DT,EC,FB,FN,GS,,JN,JO,KC,LB,LX,MD,,MW,,NK,RL,SB,SN,SP,SS,TU,TY,,US,,,,,ZA,ZB,ZC,,ZF,ZG,ZI,ZK,ZL,ZM,ZN,ZO,ZP,ZR,ZS,ZT,ZU,ZW,ZZ
1994-05,AN,,,BN,,,CC,CN,CT,,DT,EC,FB,FN,GS,,JN,JO,KC,LB,LX,MD,,MW,,NK,RL,SB,SN,SP,SS,TU,TY,,US,,,,,ZA,ZB,ZC,,ZF,ZG,ZI,ZK,ZL,ZM,ZN,ZO,ZP,ZR,ZS,ZT,ZU,ZW,ZZ
1994-06,AN,,,BN,,,CC,CN,CT,,DT,EC,FB,FN,GS,,JN,JO,KC,LB,LX,MD,,MW,,NK,RL,SB,SN,SP,SS,TU,TY,,US,,,,,ZA,ZB,ZC,,ZF,ZG,ZI,ZK,ZL,ZM,ZN,ZO,ZP,ZR,ZS,ZT,ZU,ZW,ZZ
1994-07,AN,,,BN,,CB,CC,CN,CT,,DT,EC,FB,FN,GS,,JN,JO,KC,LB,LX,MD,,MW,,NK,RL,SB,SN,SP,SS,TU,TY,,US,,,,,ZA,ZB,ZC,,ZF,ZG,ZI,ZK,ZL,ZM,ZN,ZO,ZP,ZR,ZS,ZT,ZU,ZW,ZZ
1994-08,AN,,,BN,,CB,CC,CN,CT,,DT,EC,FB,FN,GS,,JN,JO,KC,LB,LX,MD,,MW,,NK,RL,SB,SN,SP,SS,TU,TY,,US,,,,,ZA,ZB,ZC,,ZF,ZG,ZI,ZK,ZL,ZM,ZN,ZO,ZP,ZR,ZS,ZT,ZU,ZW,ZZ
1994-09,AN,,,BN,,CB,CC,CN,CT,,DT,EC,FB,FN,GS,,JN,JO,KC,LB,LX,MD,,MW,,NK,RL,SB,SN,SP,SS,TU,TY,,US,,,,,ZA,ZB,ZC,,ZF,ZG,ZI,ZK,ZL,ZM,ZN,ZO,ZP,ZR,ZS,ZT,ZU,ZW,ZZ
1994-10,AN,,,BN,,CB,CC,CN,CT,,DT,EC,FB,FN,GS,,JN,JO,KC,LB,LX,MD,,MW,,NK,RL,SB,SN,SP,SS,TU,TY,,US,,,,,ZA,ZB,ZC,,ZF,ZG,ZI,ZK,ZL,ZM,ZN,ZO,ZP,ZR,ZS,ZT,ZU,ZW,ZZ
1994-11,AN,,,BN,,CB,CC,CN,CT,,DT,EC,FB,FN,GS,,JN,JO,KC,LB,LX,MD,,MW,,NK,RL,SB,SN,SP,SS,TU,TY,,US,,,,,ZA,ZB,ZC,,ZF,ZG,ZI,ZK,ZL,ZM,ZN,ZO,ZP,ZR,ZS,ZT,ZU,ZW,ZZ
1994-12,AN,,,BN,,CB,CC,CN,CT,,DT,EC,FB,FN,GS,,JN,JO,KC,LB,LX,MD,,MW,,NK,RL,SB,SN,SP,,TU,TY,,US,,,,,ZA,ZB,ZC,,ZF,ZG,ZI,ZK,ZL,ZM,ZN,ZO,ZP,ZR,ZS,ZT,ZU,ZW,ZZ
1995-01,AN,,,BN,,CB,CC,CN,CT,,DT,EC,FB,FN,GS,,JN,JO,KC,LB,LX,MD,,MW,,NK,RL,SB,SN,SP,,TU,TY,,US,,,,,ZA,ZB,ZC,,ZF,ZG,ZI,ZK,ZL,ZM,ZN,ZO,ZP,ZR,ZS,ZT,ZU,ZW,ZZ
1995-02,AN,,,BN,,CB,CC,CN,CT,,DT,EC,FB,FN,GS,,JN,JO,KC,LB,LX,MD,,MW,,NK,RL,SB,SN,SP,SS,TU,TY,,US,,,,,ZA,ZB,ZC,,ZF,ZG,ZI,ZK,ZL,ZM,ZN,ZO,ZP,ZR,ZS,ZT,ZU,ZW,ZZ
1995-03,AN,,,BN,,CB,CC,CN,CT,,DT,EC,FB,FN,GS,,JN,JO,KC,LB,LX,MD,,MW,,NK,RL,SB,SN,SP,SS,TU,TY,,US,,,,,ZA,ZB,ZC,,ZF,ZG,ZI,ZK,ZL,ZM,ZN,ZO,ZP,ZR,ZS,ZT,ZU,ZW,ZZ
1995-04,AN,,,BN,,CB,CC,CN,CT,,DT,EC,FB,FN,GS,,JN,JO,KC,LB,LX,MD,,MW,,NK,RL,SB,SN,SP,SS,TU,TY,,US,,,,,ZA,ZB,ZC,,ZF,ZG,ZI,ZK,ZL,ZM,ZN,ZO,ZP,ZR,ZS,ZT,ZU,ZW,ZZ
1995-05,AN,,,BN,,CB,CC,CN,CT,,DT,EC,FB,FN,GS,,JN,JO,KC,LB,LX,MD,,MW,,NK,RL,SB,SN,SP,SS,TU,TY,,US,,,,,ZA,ZB,ZC,,ZF,ZG,ZI,ZK,ZL,ZM,ZN,ZO,ZP,ZR,ZS,ZT,ZU,ZW,ZZ
1995-06,AN,,,BN,,CB,CC,CN,CT,,DT,EC,FB,FN,GS,,JN,JO,KC,LB,LX,MD,MP,MW,,NK,RL,SB,SN,SP,SS,TU,TY,,US,,,,,ZA,ZB,ZC,,ZF,ZG,ZI,ZK,ZL,ZM,ZN,ZO,ZP,ZR,ZS,ZT,ZU,ZW,ZZ
1995-07,AN,,,BN,,CB,CC,CN,CT,,DT,EC,FB,FN,GS,,JN,JO,KC,LB,LX,MD,MP,MW,,NK,RL,SB,SN,SP,SS,TU,TY,,US,,,,,ZA,ZB,ZC,,ZF,ZG,ZI,ZK,ZL,ZM,ZN,ZO,ZP,ZR,ZS,ZT,ZU,ZW,ZZ
1995-08,AN,,,BN,,CB,CC,CN,CT,,DT,EC,FB,FN,GS,,JN,JO,KC,LB,LX,MD,MP,MW,,NK,RL,SB,SN,SP,SS,TU,TY,,US,,,,,ZA,ZB,ZC,,ZF,ZG,ZI,ZK,ZL,ZM,ZN,ZO,ZP,ZR,ZS,ZT,ZU,ZW,ZZ
1995-09,AN,,,BN,,CB,CC,CN,CT,,DT,EC,FB,FN,GS,,JN,JO,KC,LB,LX,MD,MP,MW,,NK,RL,SB,SN,SP,SS,TU,TY,,US,,,,,ZA,ZB,ZC,,ZF,ZG,ZI,ZK,ZL,ZM,ZN,ZO,ZP,ZR,ZS,ZT,ZU,ZW,ZZ
1995-10,AN,,,BN,,CB,CC,CN,CT,,DT,EC,FB,FN,GS,,JN,JO,KC,LB,LX,MD,MP,MW,,NK,RL,SB,SN,SP,SS,TU,TY,,US,,,,,ZA,ZB,ZC,,ZF,ZG,ZI,ZK,ZL,ZM,ZN,ZO,ZP,ZR,ZS,ZT,ZU,ZW,ZZ
1995-11,AN,,,BN,,CB,CC,CN,CT,,DT,EC,FB,FN,GS,,JN,JO,KC,LB,LX,MD,MP,MW,,NK,RL,SB,SN,SP,SS,TU,TY,,US,,,,,ZA,ZB,ZC,,ZF,ZG,ZI,ZK,ZL,ZM,ZN,ZO,ZP,ZR,ZS,ZT,ZU,ZW,ZZ
1995-12,AN,,,BN,,CB,CC,CN,CT,,DT,EC,FB,FN,GS,,JN,JO,KC,LB,LX,MD,MP,MW,,NK,RL,SB,SN,SP,,TU,TY,,US,,,,,ZA,ZB,ZC,,ZF,ZG,ZI,ZK,ZL,ZM,ZN,ZO,ZP,ZR,ZS,ZT,ZU,ZW,ZZ
1996-01,AN,,,BN,,CB,CC,CN,CT,,DT,EC,FB,FN,GS,,JN,JO,KC,LB,LX,MD,MP,MW,,NK,RL,SB,SN,SP,,TU,TY,,US,,,,,ZA,ZB,ZC,,ZF,ZG,ZI,ZK,ZL,ZM,ZN,ZO,ZP,ZR,ZS,ZT,ZU,ZW,ZZ
1996-02,AN,,,BN,,CB,CC,CN,CT,,DT,EC,FB,FN,GS,,JN,JO,KC,LB,LX,MD,MP,MW,,NK,RL,SB,SN,SP,SS,TU,TY,,US,,,,,ZA,ZB,ZC,,ZF,ZG,ZI,ZK,ZL,ZM,ZN,ZO,ZP,ZR,ZS,ZT,ZU,ZW,ZZ
1996-03,AN,,,BN,,CB,CC,CN,CT,,DT,EC,FB,FN,GS,,JN,JO,KC,LB,LX,MD,MP,MW,,NK,RL,SB,SN,SP,SS,TU,TY,,US,,,,,ZA,ZB,ZC,,ZF,ZG,ZI,ZK,ZL,ZM,ZN,ZO,ZP,ZR,ZS,ZT,ZU,ZW,ZZ
1996-04,AN,,,BN,,CB,CC,CN,CT,,DT,EC,FB,FN,GS,,JN,JO,KC,LB,LX,MD,MP,MW,,NK,RL,SB,SN,SP,SS,TU,TY,,US,,,,,ZA,ZB,ZC,,ZF,ZG,ZI,ZK,ZL,ZM,ZN,ZO,ZP,ZR,ZS,ZT,ZU,ZW,ZZ
1996-05,AN,,,BN,,CB,CC,CN,CT,,DT,EC,FB,FN,GS,,JN,JO,KC,LB,LX,MD,MP,MW,ND,NK,RL,SB,SN,SP,SS,TU,TY,,US,,,,,ZA,ZB,ZC,,ZF,ZG,ZI,ZK,ZL,ZM,ZN,ZO,ZP,ZR,ZS,ZT,ZU,ZW,ZZ
1996-06,AN,,,BN,,CB,CC,CN,CT,,DT,EC,FB,FN,GS,,JN,JO,KC,LB,LX,MD,MP,MW,ND,NK,RL,SB,SN,SP,SS,TU,TY,,US,,,,,ZA,ZB,ZC,,ZF,ZG,ZI,ZK,ZL,ZM,ZN,ZO,ZP,ZR,ZS,ZT,ZU,ZW,ZZ
1996-07,AN,,,BN,,CB,CC,CN,CT,,DT,EC,FB,FN,GS,,JN,JO,KC,LB,LX,MD,MP,MW,ND,NK,RL,SB,SN,SP,SS,TU,TY,,US,,,,,ZA,ZB,ZC,,ZF,ZG,ZI,ZK,ZL,ZM,ZN,ZO,ZP,ZR,ZS,ZT,ZU,ZW,ZZ
1996-08,AN,,,BN,,CB,CC,CN,CT,,DT,EC,FB,FN,GS,,JN,JO,KC,LB,LX,MD,MP,MW,ND,NK,RL,SB,SN,SP,SS,TU,TY,,US,,,,,ZA,ZB,ZC,,ZF,ZG,ZI,ZK,ZL,ZM,ZN,ZO,ZP,ZR,ZS,ZT,ZU,ZW,ZZ
1996-09,AN,,,BN,,CB,CC,CN,CT,,DT,EC,FB,FN,GS,,JN,JO,KC,LB,LX,MD,MP,MW,ND,NK,RL,SB,SN,SP,SS,TU,TY,,US,,,,,ZA,ZB,ZC,,ZF,ZG,ZI,ZK,ZL,ZM,ZN,ZO,ZP,ZR,ZS,ZT,ZU,ZW,ZZ
1996-10,AN,,,BN,,CB,CC,CN,CT,,DT,EC,FB,FN,GS,,JN,JO,KC,LB,LX,MD,MP,MW,ND,NK,RL,SB,SN,SP,SS,TU,TY,,US,,,,,ZA,ZB,ZC,,ZF,ZG,ZI,ZK,ZL,ZM,ZN,ZO,ZP,ZR,ZS,ZT,ZU,ZW,ZZ
1996-11,AN,,,BN,,CB,CC,CN,CT,,DT,EC,FB,FN,GS,,JN,JO,KC,LB,LX,MD,MP,MW,ND,NK,RL,SB,SN,SP,SS,TU,TY,,US,,,,,ZA,ZB,ZC,,ZF,ZG,ZI,ZK,ZL,ZM,ZN,ZO,ZP,ZR,ZS,ZT,ZU,ZW,ZZ
1996-12,AN,,,BN,,CB,CC,CN,CT,,DT,EC,FB,FN,GS,,JN,JO,KC,LB,LX,MD,MP,MW,ND,NK,RL,SB,SN,SP,,TU,TY,,US,,,,,ZA,ZB,ZC,,ZF,ZG,ZI,ZK,ZL,ZM,ZN,ZO,ZP,ZR,ZS,ZT,ZU,ZW,ZZ
1997-01,AN,,,BN,,CB,CC,CN,CT,,DT,EC,FB,FN,GS,,JN,JO,KC,LB,LX,MD,MP,MW,ND,NK,RL,SB,SN,SP,,TU,TY,,US,,,,,ZA,ZB,ZC,,ZF,ZG,ZI,ZK,ZL,ZM,ZN,ZO,ZP,ZR,ZS,ZT,ZU,ZW,ZZ
1997-02,AN,,,BN,,CB,CC,CN,CT,,DT,EC,FB,FN,GS,,JN,JO,KC,LB,LX,MD,MP,MW,ND,NK,RL,SB,SN,SP,SS,TU,TY,,US,,,,,ZA,ZB,ZC,,ZF,ZG,ZI,ZK,ZL,ZM,ZN,ZO,ZP,ZR,ZS,ZT,ZU,ZW,ZZ
1997-03,AN,,,BN,,CB,CC,CN,CT,,,EC,FB,FN,,,JN,JO,KC,LB,,MD,MP,MW,ND,NK,RL,SB,SN,SP,,TU,TY,,US,,,,,ZA,ZB,ZC,,ZF,ZG,ZI,ZK,ZL,ZM,ZN,ZO,ZP,ZR,ZS,ZT,ZU,ZW,ZZ
1997-04,AN,,,BN,,CB,CC,CN,CT,,,EC,FB,FN,,,JN,JO,KC,LB,,MD,MP,MW,ND,NK,RL,SB,SN,SP,,TU,TY,,US,,,,,ZA,ZB,ZC,,ZF,ZG,ZI,ZK,ZL,ZM,ZN,ZO,ZP,ZR,ZS,ZT,ZU,ZW,ZZ
1997-05,AN,,,BN,,CB,CC,CN,CT,,DT,EC,FB,FN,GS,,JN,JO,KC,LB,LX,MD,MP,MW,ND,NK,RL,SB,SN,SP,SS,TU,TY,,US,,,,,ZA,ZB,ZC,,ZF,ZG,ZI,ZK,ZL,ZM,ZN,ZO,ZP,ZR,ZS,ZT,ZU,ZW,ZZ
1997-06,AN,,,BN,,CB,CC,CN,CT,,DT,EC,FB,FN,GS,,JN,JO,KC,LB,LX,MD,MP,MW,ND,NK,RL,SB,SN,SP,SS,TU,TY,,US,,,,,ZA,ZB,ZC,,ZF,ZG,ZI,ZK,ZL,ZM,ZN,ZO,ZP,ZR,ZS,ZT,ZU,ZW,ZZ
1997-07,AN,,,BN,,CB,CC,CN,CT,,DT,EC,FB,FN,GS,,JN,JO,KC,LB,LX,MD,MP,MW,ND,NK,RL,SB,SN,SP,SS,TU,TY,,US,,,,,ZA,ZB,ZC,,ZF,ZG,ZI,ZK,ZL,ZM,ZN,ZO,ZP,ZR,ZS,ZT,ZU,ZW,ZZ
1997-08,AN,,,BN,,CB,CC,CN,CT,,DT,EC,FB,FN,GS,,JN,JO,KC,LB,LX,MD,MP,MW,ND,NK,RL,SB,SN,SP,SS,TU,TY,,US,,,,,ZA,ZB,ZC,,ZF,ZG,ZI,ZK,ZL,ZM,ZN,ZO,ZP,ZR,ZS,ZT,ZU,ZW,ZZ
1997-09,AN,,,BN,,CB,CC,CN,CT,,DT,EC,FB,FN,GS,,JN,JO,KC,LB,LX,MD,MP,MW,ND,NK,RL,SB,SN,SP,SS,TU,TY,,US,,,,,ZA,ZB,ZC,,ZF,ZG,ZI,ZK,ZL,ZM,ZN,ZO,ZP,ZR,ZS,ZT,ZU,ZW,ZZ
1997-10,AN,,,BN,,CB,CC,CN,CT,DA,DT,EC,FB,FN,GS,,JN,JO,KC,LB,LX,MD,MP,MW,ND,NK,RL,SB,SN,SP,SS,TU,TY,,US,,,,,ZA,ZB,ZC,,ZF,ZG,ZI,ZK,ZL,ZM,ZN,ZO,ZP,ZR,ZS,ZT,ZU,ZW,ZZ
1997-11,AN,,,BN,,CB,CC,CN,CT,DA,DT,EC,FB,FN,GS,HS,JN,JO,KC,LB,LX,MD,MP,MW,ND,NK,RL,SB,SN,SP,SS,TU,TY,,US,,,,,ZA,ZB,ZC,,ZF,ZG,ZI,ZK,ZL,ZM,ZN,ZO,ZP,ZR,ZS,ZT,ZU,ZW,ZZ
1997-12,AN,,AX,BN,,CB,CC,CN,CT,DA,DT,EC,FB,FN,GS,HS,JN,JO,KC,LB,LX,MD,MP,MW,ND,NK,RL,SB,SN,SP,,TU,TY,,US,,,,,ZA,ZB,ZC,,ZF,ZG,ZI,ZK,ZL,ZM,ZN,ZO,ZP,ZR,ZS,ZT,ZU,ZW,ZZ
1998-01,AN,,AX,BN,,CB,CC,CN,CT,DA,DT,EC,FB,FN,GS,HS,JN,JO,KC,LB,LX,MD,MP,MW,ND,NK,RL,SB,SN,SP,,TU,TY,,US,,,,,ZA,ZB,ZC,,ZF,ZG,ZI,ZK,ZL,ZM,ZN,ZO,ZP,ZR,ZS,ZT,ZU,ZW,ZZ
1998-02,AN,,AX,BN,,CB,CC,CN,CT,DA,DT,EC,FB,FN,GS,HS,JN,JO,KC,LB,LX,MD,MP,MW,ND,NK,RL,SB,SN,SP,SS,TU,TY,,US,,,,,ZA,ZB,ZC,,ZF,ZG,ZI,ZK,ZL,ZM,ZN,ZO,ZP,ZR,ZS,ZT,ZU,ZW,ZZ
1998-03,AN,,AX,BN,,CB,CC,CN,CT,DA,DT,EC,FB,FN,GS,HS,JN,JO,KC,LB,LX,MD,MP,MW,ND,NK,RL,SB,SN,SP,SS,TU,TY,,US,,,,,ZA,ZB,ZC,,ZF,ZG,ZI,ZK,ZL,ZM,ZN,ZO,ZP,ZR,ZS,ZT,ZU,ZW,ZZ
1998-04,AN,,AX,BN,,CB,CC,CN,CT,DA,DT,EC,FB,FN,GS,HS,JN,JO,KC,LB,LX,MD,MP,MW,ND,NK,RL,SB,SN,SP,SS,TU,TY,,US,,,,,ZA,ZB,ZC,,ZF,ZG,ZI,ZK,ZL,ZM,ZN,ZO,ZP,ZR,ZS,ZT,ZU,ZW,ZZ
1998-05,AN,,AX,BN,,CB,CC,CN,CT,DA,DT,EC,FB,FN,GS,HS,JN,JO,KC,LB,LX,MD,MP,MW,ND,NK,RL,SB,SN,SP,SS,TU,TY,,US,,,,,ZA,ZB,ZC,ZD,ZF,ZG,ZI,ZK,ZL,ZM,ZN,ZO,ZP,ZR,ZS,ZT,ZU,ZW,ZZ
1998-06,AN,,AX,BN,,CB,CC,CN,CT,DA,DT,EC,FB,FN,GS,HS,JN,JO,KC,LB,LX,MD,MP,MW,ND,NK,RL,SB,SN,SP,SS,TU,TY,,US,,,,,ZA,ZB,ZC,ZD,ZF,ZG,ZI,ZK,ZL,ZM,ZN,ZO,ZP,ZR,ZS,ZT,ZU,ZW,ZZ
1998-07,AN,,AX,BN,,CB,CC,CN,CT,DA,DT,EC,FB,FN,GS,HS,JN,JO,KC,LB,LX,MD,MP,MW,ND,NK,RL,SB,SN,SP,SS,TU,TY,,US,,,,,ZA,ZB,ZC,ZD,ZF,ZG,ZI,ZK,ZL,ZM,ZN,ZO,ZP,ZR,ZS,ZT,ZU,ZW,ZZ
1998-08,AN,,AX,BN,,CB,CC,CN,CT,DA,DT,EC,FB,FN,GS,HS,JN,JO,KC,LB,LX,MD,MP,MW,ND,NK,RL,SB,SN,SP,SS,TU,TY,,US,,,,,ZA,ZB,ZC,ZD,ZF,ZG,ZI,ZK,ZL,ZM,ZN,ZO,ZP,ZR,ZS,ZT,ZU,ZW,ZZ
1998-09,AN,,AX,BN,,CB,CC,CN,CT,DA,DT,EC,FB,FN,GS,HS,JN,JO,KC,LB,LX,MD,MP,MW,ND,NK,RL,SB,SN,SP,SS,TU,TY,,US,,,,,ZA,ZB,ZC,ZD,ZF,ZG,ZI,ZK,ZL,ZM,ZN,ZO,ZP,ZR,ZS,ZT,ZU,ZW,ZZ
1998-10,AN,,AX,BN,,CB,CC,CN,CT,DA,DT,EC,FB,FN,GS,HS,JN,JO,KC,LB,LX,MD,MP,MW,ND,NK,RL,SB,SN,SP,SS,TU,TY,,US,,,,,ZA,ZB,ZC,ZD,ZF,ZG,ZI,ZK,ZL,ZM,ZN,ZO,ZP,ZR,ZS,ZT,ZU,ZW,ZZ
1998-11,AN,,AX,BN,,CB,CC,CN,CT,DA,DT,EC,FB,FN,GS,HS,JN,JO,KC,LB,LX,MD,MP,MW,ND,NK,RL,SB,SN,SP,SS,TU,TY,,US,,,,,ZA,ZB,ZC,ZD,ZF,ZG,ZI,ZK,ZL,ZM,ZN,ZO,ZP,ZR,ZS,ZT,ZU,ZW,ZZ
1998-12,AN,,AX,BN,,CB,CC,CN,CT,DA,DT,EC,FB,FN,GS,HS,JN,JO,KC,LB,LX,MD,MP,MW,ND,NK,RL,SB,SN,SP,,TU,TY,,US,,,,,ZA,ZB,ZC,ZD,ZF,ZG,ZI,ZK,ZL,ZM,ZN,ZO,ZP,ZR,ZS,ZT,ZU,ZW,ZZ
1999-01,AN,,AX,BN,,CB,CC,CN,CT,DA,DT,EC,FB,FN,GS,HS,JN,JO,KC,LB,LX,MD,MP,MW,ND,NK,RL,SB,SN,SP,,TU,TY,,US,,,,,ZA,ZB,ZC,ZD,ZF,ZG,ZI,ZK,ZL,ZM,ZN,ZO,ZP,ZR,ZS,ZT,ZU,ZW,ZZ
1999-02,AN,,AX,BN,CA,CB,CC,CN,CT,DA,DT,EC,FB,FN,GS,HS,JN,JO,KC,LB,LX,MD,MP,MW,ND,NK,RL,SB,SN,SP,SS,TU,TY,UB,US,UZ,,,,ZA,ZB,ZC,ZD,ZF,ZG,ZI,ZK,ZL,ZM,ZN,ZO,ZP,ZR,ZS,ZT,ZU,ZW,ZZ
1999-03,AN,,AX,BN,CA,CB,CC,CN,CT,DA,DT,EC,FB,FN,GS,HS,JN,JO,KC,LB,LX,MD,MP,MW,ND,NK,RL,SB,SN,SP,SS,TU,TY,UB,US,UZ,,,,ZA,ZB,ZC,ZD,ZF,ZG,ZI,ZK,ZL,ZM,ZN,ZO,ZP,ZR,ZS,ZT,ZU,ZW,ZZ
1999-04,AN,,AX,BN,CA,CB,CC,CN,CT,DA,DT,EC,FB,FN,GS,HS,JN,JO,KC,LB,LX,MD,MP,MW,ND,NK,RL,SB,SN,SP,SS,TU,TY,UB,US,UZ,,,,ZA,ZB,ZC,ZD,ZF,ZG,ZI,ZK,ZL,ZM,ZN,ZO,ZP,ZR,ZS,ZT,ZU,ZW,ZZ
1999-05,AN,,AX,BN,CA,CB,CC,CN,CT,DA,DT,EC,FB,FN,GS,HS,JN,JO,KC,LB,LX,MD,MP,MW,ND,NK,RL,SB,SN,SP,SS,TU,TY,UB,US,UZ,,,,ZA,ZB,ZC,ZD,ZF,ZG,ZI,ZK,ZL,ZM,ZN,ZO,ZP,ZR,ZS,ZT,ZU,ZW,ZZ
1999-06,AN,,AX,BN,CA,CB,CC,CN,CT,DA,DT,EC,FB,FN,GS,HS,JN,JO,KC,LB,LX,MD,MP,MW,ND,NK,RL,SB,SN,SP,SS,TU,TY,UB,US,UZ,,,,ZA,ZB,ZC,ZD,ZF,ZG,ZI,ZK,ZL,ZM,ZN,ZO,ZP,ZR,ZS,ZT,ZU,ZW,ZZ
1999-07,AN,,AX,BN,CA,CB,CC,CN,CT,DA,DT,EC,FB,FN,GS,HS,JN,JO,KC,LB,LX,MD,MP,MW,ND,NK,RL,SB,SN,SP,SS,TU,TY,UB,US,UZ,,,,ZA,ZB,ZC,ZD,ZF,ZG,ZI,ZK,ZL,ZM,ZN,ZO,ZP,ZR,ZS,ZT,ZU,ZW,ZZ
1999-08,AN,,AX,BN,CA,CB,CC,CN,CT,DA,DT,EC,FB,FN,GS,HS,JN,JO,KC,LB,LX,MD,MP,MW,ND,NK,RL,SB,SN,SP,SS,TU,TY,UB,US,UZ,,,,ZA,ZB,ZC,ZD,ZF,ZG,ZI,ZK,ZL,ZM,ZN,ZO,ZP,ZR,ZS,ZT,ZU,ZW,ZZ
1999-09,AN,,AX,BN,CA,CB,CC,CN,CT,DA,DT,EC,FB,FN,GS,HS,JN,JO,KC,LB,LX,MD,MP,MW,ND,NK,RL,SB,SN,SP,SS,TU,TY,UB,US,UZ,,,,ZA,ZB,ZC,ZD,ZF,ZG,ZI,ZK,ZL,ZM,ZN,ZO,ZP,ZR,ZS,ZT,ZU,ZW,ZZ
1999-10,AN,,AX,BN,CA,CB,CC,CN,CT,DA,DT,EC,FB,FN,GS,HS,JN,JO,KC,LB,LX,MD,MP,MW,ND,NK,RL,SB,SN,SP,SS,TU,TY,UB,US,UZ,,,,ZA,ZB,ZC,ZD,ZF,ZG,ZI,ZK,ZL,ZM,ZN,ZO,ZP,ZR,ZS,ZT,ZU,ZW,ZZ
1999-11,AN,,AX,BN,CA,CB,CC,CN,CT,DA,DT,EC,FB,FN,GS,HS,JN,JO,KC,LB,LX,MD,MP,MW,ND,NK,RL,SB,SN,SP,SS,TU,TY,UB,US,UZ,,,,ZA,ZB,ZC,ZD,ZF,ZG,ZI,ZK,ZL,ZM,ZN,ZO,ZP,ZR,ZS,ZT,ZU,ZW,ZZ
1999-12,AN,,AX,BN,CA,CB,CC,CN,CT,DA,DT,EC,FB,FN,GS,HS,JN,JO,KC,LB,LX,MD,MP,MW,ND,NK,RL,SB,SN,SP,SS,TU,TY,UB,US,UZ,,,,ZA,ZB,ZC,ZD,ZF,ZG,ZI,ZK,ZL,ZM,ZN,ZO,ZP,ZR,ZS,ZT,ZU,ZW,ZZ
2000-01,AN,,AX,BN,CA,CB,CC,CN,CT,DA,DT,EC,FB,FN,GS,HS,JN,JO,KC,LB,LX,MD,MP,MW,ND,NK,RL,SB,SN,SP,SS,TU,TY,UB,US,UZ,,,,ZA,ZB,ZC,ZD,ZF,ZG,ZI,ZK,ZL,ZM,ZN,ZO,ZP,ZR,ZS,ZT,ZU,ZW,ZZ
2000-02,AN,,AX,BN,CA,CB,CC,CN,CT,DA,DT,EC,FB,FN,GS,HS,JN,JO,KC,LB,LX,MD,MP,MW,ND,NK,RL,SB,SN,SP,SS,TU,TY,UB,US,UZ,,,,ZA,ZB,ZC,ZD,ZF,ZG,ZI,ZK,ZL,ZM,ZN,ZO,ZP,ZR,ZS,ZT,ZU,ZW,ZZ
2000-03,AN,,AX,BN,CA,CB,CC,CN,CT,DA,DT,EC,FB,FN,GS,HS,JN,JO,KC,LB,LX,MD,MP,MW,ND,NK,RL,SB,SN,SP,SS,TU,TY,UB,US,UZ,,,,ZA,ZB,ZC,ZD,ZF,ZG,ZI,ZK,ZL,ZM,ZN,ZO,ZP,ZR,ZS,ZT,ZU,ZW,ZZ
2000-04,AN,,AX,BN,CA,CB,CC,CN,CT,DA,DT,EC,FB,FN,GS,HS,JN,JO,KC,LB,LX,MD,MP,MW,ND,NK,RL,SB,SN,SP,SS,TU,TY,UB,US,UZ,,,,ZA,ZB,ZC,ZD,ZF,ZG,ZI,ZK,ZL,ZM,ZN,ZO,ZP,ZR,ZS,ZT,ZU,ZW,ZZ
2000-05,AN,,AX,BN,CA,CB,CC,CN,CT,DA,DT,EC,FB,FN,GS,HS,JN,JO,KC,LB,LX,MD,MP,MW,ND,NK,RL,SB,SN,SP,SS,TU,TY,UB,US,UZ,,,,ZA,ZB,ZC,ZD,ZF,ZG,ZI,ZK,ZL,ZM,ZN,ZO,ZP,ZR,ZS,ZT,ZU,ZW,ZZ
2000-06,AN,,AX,BN,CA,CB,CC,CN,CT,DA,DT,EC,FB,FN,GS,HS,JN,JO,KC,LB,LX,MD,MP,MW,ND,NK,RL,SB,SN,SP,SS,TU,TY,UB,US,UZ,,,,ZA,ZB,ZC,ZD,ZF,ZG,ZI,ZK,ZL,ZM,ZN,ZO,ZP,ZR,ZS,ZT,ZU,ZW,ZZ
2000-07,AN,,AX,BN,CA,CB,CC,CN,CT,DA,DT,EC,FB,FN,GS,HS,JN,JO,KC,LB,LX,MD,MP,MW,ND,NK,RL,SB,SN,SP,SS,TU,TY,UB,US,UZ,,,,ZA,ZB,ZC,ZD,ZF,ZG,ZI,ZK,ZL,ZM,ZN,ZO,ZP,ZR,ZS,ZT,ZU,ZW,ZZ
2000-08,AN,,AX,BN,CA,CB,CC,CN,CT,DA,DT,EC,FB,FN,GS,HS,JN,JO,KC,LB,LX,MD,MP,MW,ND,NK,RL,SB,SN,SP,SS,TU,TY,UB,US,UZ,,,,ZA,ZB,ZC,ZD,ZF,ZG,ZI,ZK,ZL,ZM,ZN,ZO,ZP,ZR,ZS,ZT,ZU,ZW,ZZ
2000-09,AN,,AX,BN,CA,CB,CC,CN,CT,DA,DT,EC,FB,FN,GS,HS,JN,JO,KC,LB,LX,MD,MP,MW,ND,NK,RL,SB,SN,SP,SS,TU,TY,UB,US,UZ,,,,ZA,ZB,ZC,ZD,ZF,ZG,ZI,ZK,ZL,ZM,ZN,ZO,ZP,ZR,ZS,ZT,ZU,ZW,ZZ
2000-10,AN,,AX,BN,CA,CB,CC,CN,CT,DA,DT,EC,FB,FN,GS,HS,JN,JO,KC,LB,LX,MD,MP,MW,ND,NK,RL,SB,SN,SP,SS,TU,TY,UB,US,UZ,,,,ZA,ZB,ZC,ZD,ZF,ZG,ZI,ZK,ZL,ZM,ZN,ZO,ZP,ZR,ZS,ZT,ZU,ZW,ZZ
2000-11,AN,,AX,BN,CA,CB,CC,CN,CT,DA,DT,EC,FB,FN,GS,HS,JN,JO,KC,LB,LX,MD,MP,MW,ND,NK,RL,SB,SN,SP,SS,TU,TY,UB,US,UZ,,,,ZA,ZB,ZC,ZD,ZF,ZG,ZI,ZK,ZL,ZM,ZN,ZO,ZP,ZR,ZS,ZT,ZU,ZW,ZZ
2000-12,AN,,AX,BN,CA,CB,CC,CN,CT,DA,DT,EC,FB,FN,GS,HS,JN,JO,KC,LB,LX,MD,MP,MW,ND,NK,RL,SB,SN,SP,SS,TU,TY,UB,US,UZ,,,,ZA,ZB,ZC,ZD,ZF,ZG,ZI,ZK,ZL,ZM,ZN,ZO,ZP,ZR,ZS,ZT,ZU,ZW,ZZ
2001-01,AN,,AX,BN,CA,CB,CC,CN,CT,DA,DT,EC,FB,FN,GS,HS,JN,JO,KC,LB,LX,MD,MP,MW,ND,NK,RL,SB,SN,SP,SS,TU,TY,UB,US,UZ,,,,ZA,ZB,ZC,ZD,ZF,ZG,ZI,ZK,ZL,ZM,ZN,ZO,ZP,ZR,ZS,ZT,ZU,ZW,ZZ
2001-02,AN,,AX,BN,CA,CB,CC,CN,CT,DA,DT,EC,FB,FN,GS,HS,JN,JO,KC,LB,LX,MD,MP,MW,ND,NK,RL,SB,SN,SP,SS,TU,TY,UB,US,UZ,,,,ZA,ZB,ZC,ZD,ZF,ZG,ZI,ZK,ZL,ZM,ZN,ZO,ZP,ZR,ZS,ZT,ZU,ZW,ZZ
2001-03,AN,,AX,BN,CA,CB,CC,CN,CT,DA,DT,EC,FB,FN,GS,HS,JN,JO,KC,LB,LX,MD,MP,MW,ND,NK,RL,SB,SN,SP,SS,TU,TY,UB,US,UZ,,,,ZA,ZB,ZC,ZD,ZF,ZG,ZI,ZK,ZL,ZM,ZN,ZO,ZP,ZR,ZS,ZT,ZU,ZW,ZZ
2001-04,AN,,AX,BN,CA,CB,CC,CN,CT,DA,DT,EC,FB,FN,GS,HS,JN,JO,KC,LB,LX,MD,MP,MW,ND,NK,RL,SB,SN,SP,SS,TU,TY,UB,US,UZ,XU,,,ZA,ZB,ZC,ZD,ZF,ZG,ZI,ZK,ZL,ZM,ZN,ZO,ZP,ZR,ZS,ZT,ZU,ZW,ZZ
2001-05,AN,,AX,BN,CA,CB,CC,CN,CT,DA,DT,EC,FB,FN,GS,HS,JN,JO,KC,LB,LX,MD,MP,MW,ND,NK,RL,SB,SN,SP,SS,TU,TY,UB,US,UZ,XU,,,ZA,ZB,ZC,ZD,ZF,ZG,ZI,ZK,ZL,ZM,ZN,ZO,ZP,ZR,ZS,ZT,ZU,ZW,ZZ
2001-06,AN,,AX,BN,CA,CB,CC,CN,CT,DA,DT,EC,FB,FN,GS,HS,JN,JO,KC,LB,LX,MD,MP,MW,ND,NK,RL,SB,SN,SP,SS,TU,TY,UB,US,UZ,XU,,,ZA,ZB,ZC,ZD,ZF,ZG,ZI,ZK,ZL,ZM,ZN,ZO,ZP,ZR,ZS,ZT,ZU,ZW,ZZ
2001-07,AN,,AX,BN,CA,CB,CC,CN,CT,DA,DT,EC,FB,FN,GS,HS,JN,JO,KC,LB,LX,MD,MP,MW,ND,NK,RL,SB,SN,SP,SS,TU,TY,UB,US,UZ,XU,,,ZA,ZB,ZC,ZD,ZF,ZG,ZI,ZK,ZL,ZM,ZN,ZO,ZP,ZR,ZS,ZT,ZU,ZW,ZZ
2001-08,AN,,AX,BN,CA,CB,CC,CN,CT,DA,DT,EC,FB,FN,GS,HS,JN,JO,KC,LB,LX,MD,MP,MW,ND,NK,RL,SB,SN,SP,SS,TU,TY,UB,US,UZ,XU,,,ZA,ZB,ZC,ZD,ZF,ZG,ZI,ZK,ZL,ZM,ZN,ZO,ZP,ZR,ZS,ZT,ZU,ZW,ZZ
2001-09,AN,,AX,BN,CA,CB,CC,CN,CT,DA,DT,EC,FB,FN,GS,HS,JN,JO,KC,LB,LX,MD,MP,MW,ND,NK,RL,SB,SN,SP,SS,TU,TY,UB,US,UZ,XU,,,ZA,ZB,ZC,ZD,ZF,ZG,ZI,ZK,ZL,ZM,ZN,ZO,ZP,ZR,ZS,ZT,ZU,ZW,ZZ
2001-10,AN,,AX,BN,CA,CB,CC,CN,CT,DA,DT,EC,FB,FN,GS,HS,JN,JO,KC,LB,LX,MD,MP,MW,ND,NK,RL,SB,SN,SP,SS,TU,TY,UB,US,UZ,XU,,,ZA,ZB,ZC,ZD,ZF,ZG,ZI,ZK,ZL,ZM,ZN,ZO,ZP,ZR,ZS,ZT,ZU,ZW,ZZ
2001-11,AN,,AX,BN,CA,CB,CC,CN,CT,DA,DT,EC,FB,FN,GS,HS,JN,JO,KC,LB,LX,MD,MP,MW,ND,NK,RL,SB,SN,SP,SS,TU,TY,UB,US,UZ,XU,,,ZA,ZB,ZC,ZD,ZF,ZG,ZI,ZK,ZL,ZM,ZN,ZO,ZP,ZR,ZS,ZT,ZU,ZW,ZZ
2001-12,AN,,AX,BN,CA,CB,CC,CN,CT,DA,DT,EC,FB,FN,GS,HS,JN,JO,KC,LB,LX,MD,MP,MW,ND,NK,RL,SB,SN,SP,SS,TU,TY,UB,US,UZ,XU,,,ZA,ZB,ZC,ZD,ZF,ZG,ZI,ZK,ZL,ZM,ZN,ZO,ZP,ZR,ZS,ZT,ZU,ZW,ZZ
2002-01,AN,,AX,BN,CA,CB,CC,CN,CT,DA,DT,EC,FB,FN,GS,HS,JN,JO,KC,LB,LX,MD,MP,MW,ND,NK,RL,SB,SN,SP,SS,TU,TY,UB,US,UZ,XU,,,ZA,ZB,ZC,ZD,ZF,ZG,ZI,ZK,ZL,ZM,ZN,ZO,ZP,ZR,ZS,ZT,ZU,ZW,ZZ
2002-02,AN,,AX,BN,CA,CB,CC,CN,CT,DA,DT,EC,FB,FN,GS,HS,JN,JO,KC,LB,LX,MD,MP,MW,ND,NK,RL,SB,SN,SP,SS,TU,TY,UB,US,UZ,XU,,,ZA,ZB,ZC,ZD,ZF,ZG,ZI,ZK,ZL,ZM,ZN,ZO,ZP,ZR,ZS,ZT,ZU,ZW,ZZ
2002-03,AN,,AX,BN,CA,CB,CC,CN,CT,DA,DT,EC,FB,FN,GS,HS,JN,JO,KC,LB,LX,MD,MP,MW,ND,NK,RL,SB,SN,SP,SS,TU,TY,UB,US,UZ,XU,,,ZA,ZB,ZC,ZD,ZF,ZG,ZI,ZK,ZL,ZM,ZN,ZO,ZP,ZR,ZS,ZT,ZU,ZW,ZZ
2002-04,AN,,AX,BN,CA,CB,CC,CN,CT,DA,DT,EC,FB,FN,GS,HS,JN,JO,KC,LB,LX,MD,MP,MW,ND,NK,RL,SB,SN,SP,SS,TU,TY,UB,US,UZ,XU,,,ZA,ZB,ZC,ZD,ZF,ZG,ZI,ZK,ZL,ZM,ZN,ZO,ZP,ZR,ZS,ZT,ZU,ZW,ZZ
2002-05,AN,,AX,BN,CA,CB,CC,CN,CT,DA,DT,EC,FB,FN,GS,HS,JN,JO,KC,LB,LX,MD,MP,MW,ND,NK,RL,SB,SN,SP,SS,TU,TY,UB,US,UZ,XU,,YM,ZA,ZB,ZC,ZD,ZF,ZG,ZI,ZK,ZL,ZM,ZN,ZO,ZP,ZR,ZS,ZT,ZU,ZW,ZZ
2002-06,AN,,AX,BN,CA,CB,CC,CN,CT,DA,DT,EC,FB,FN,GS,HS,JN,JO,KC,LB,LX,MD,MP,MW,ND,NK,RL,SB,SN,SP,SS,TU,TY,UB,US,UZ,XU,,YM,ZA,ZB,ZC,ZD,ZF,ZG,ZI,ZK,ZL,ZM,ZN,ZO,ZP,ZR,ZS,ZT,ZU,ZW,ZZ
2002-07,AN,,AX,BN,CA,CB,CC,CN,CT,DA,DT,EC,FB,FN,GS,HS,JN,JO,KC,LB,LX,MD,MP,MW,ND,NK,RL,SB,SN,SP,SS,TU,TY,UB,US,UZ,XU,XX,YM,ZA,ZB,ZC,ZD,ZF,ZG,ZI,ZK,ZL,ZM,ZN,ZO,ZP,ZR,ZS,ZT,ZU,ZW,ZZ
2002-08,AN,,AX,BN,CA,CB,CC,CN,CT,DA,DT,EC,FB,FN,GS,HS,JN,JO,KC,LB,LX,MD,MP,MW,ND,NK,RL,SB,SN,SP,SS,TU,TY,UB,US,UZ,XU,XX,YM,ZA,ZB,ZC,ZD,ZF,ZG,ZI,ZK,ZL,ZM,ZN,ZO,ZP,ZR,ZS,ZT,ZU,ZW,ZZ
2002-09,AN,,AX,BN,CA,CB,CC,CN,CT,DA,DT,EC,FB,FN,GS,HS,JN,JO,KC,LB,LX,MD,MP,MW,ND,NK,RL,SB,SN,SP,SS,TU,TY,UB,US,UZ,XU,XX,YM,ZA,ZB,ZC,ZD,ZF,ZG,ZI,ZK,ZL,ZM,ZN,ZO,ZP,ZR,ZS,ZT,ZU,ZW,ZZ
2002-10,AN,,AX,BN,CA,CB,CC,CN,CT,DA,DT,EC,FB,FN,GS,HS,JN,JO,KC,LB,LX,MD,MP,MW,ND,NK,RL,SB,SN,SP,SS,TU,TY,UB,US,UZ,XU,XX,YM,ZA,ZB,ZC,ZD,ZF,ZG,ZI,ZK,ZL,ZM,ZN,ZO,ZP,ZR,ZS,ZT,ZU,ZW,ZZ
2002-11,AN,,AX,BN,CA,CB,CC,CN,CT,DA,DT,EC,FB,FN,GS,HS,JN,JO,KC,LB,LX,MD,MP,MW,ND,NK,RL,SB,SN,SP,SS,TU,TY,UB,US,UZ,XU,XX,YM,ZA,ZB,ZC,ZD,ZF,ZG,ZI,ZK,ZL,ZM,ZN,ZO,ZP,ZR,ZS,ZT,ZU,ZW,ZZ
2002-12,AN,,AX,BN,CA,CB,CC,CN,CT,DA,DT,EC,FB,FN,GS,HS,JN,JO,KC,LB,LX,MD,MP,MW,ND,NK,RL,SB,SN,SP,SS,TU,TY,UB,US,UZ,XU,XX,YM,ZA,ZB,ZC,ZD,ZF,ZG,ZI,ZK,ZL,ZM,ZN,ZO,ZP,ZR,ZS,ZT,ZU,ZW,ZZ
2003-01,AN,,AX,BN,CA,CB,CC,CN,CT,DA,DT,EC,FB,FN,GS,HS,JN,JO,KC,LB,LX,MD,MP,MW,ND,NK,RL,SB,SN,SP,SS,TU,TY,UB,US,UZ,XU,XX,YM,ZA,ZB,ZC,ZD,ZF,ZG,ZI,ZK,ZL,ZM,ZN,ZO,ZP,ZR,ZS,ZT,ZU,ZW,ZZ
2003-02,AN,,AX,BN,CA,CB,CC,CN,CT,DA,DT,EC,FB,FN,GS,HS,JN,JO,KC,LB,LX,MD,MP,MW,ND,NK,RL,SB,SN,SP,SS,TU,TY,UB,US,UZ,XU,XX,YM,ZA,ZB,ZC,ZD,ZF,ZG,ZI,ZK,ZL,ZM,ZN,ZO,ZP,ZR,ZS,ZT,ZU,ZW,ZZ
2003-03,AN,,AX,BN,CA,CB,CC,CN,CT,DA,DT,EC,FB,FN,GS,HS,JN,JO,KC,LB,LX,MD,MP,MW,ND,NK,RL,SB,SN,SP,SS,TU,TY,UB,US,UZ,XU,XX,YM,ZA,ZB,ZC,ZD,ZF,ZG,ZI,ZK,ZL,ZM,ZN,ZO,ZP,ZR,ZS,ZT,ZU,ZW,ZZ
2003-04,AN,,AX,BN,CA,CB,CC,CN,CT,DA,DT,EC,FB,FN,GS,HS,JN,JO,KC,LB,LX,MD,MP,MW,ND,NK,RL,SB,SN,SP,SS,TU,TY,UB,US,UZ,XU,XX,YM,ZA,ZB,ZC,ZD,ZF,ZG,ZI,ZK,ZL,ZM,ZN,ZO,ZP,ZR,ZS,ZT,ZU,ZW,ZZ
2003-05,AN,,AX,BN,CA,CB,CC,CN,CT,DA,DT,EC,FB,FN,GS,HS,JN,JO,KC,LB,LX,MD,MP,MW,ND,NK,RL,SB,SN,SP,SS,TU,TY,UB,US,UZ,XU,XX,YM,ZA,ZB,ZC,ZD,ZF,ZG,ZI,ZK,ZL,ZM,ZN,ZO,ZP,ZR,ZS,ZT,ZU,ZW,ZZ
2003-06,AN,,AX,BN,CA,CB,CC,CN,CT,DA,DT,EC,FB,FN,GS,HS,JN,JO,KC,LB,LX,MD,MP,MW,ND,NK,RL,SB,SN,SP,SS,TU,TY,UB,US,UZ,XU,XX,YM,ZA,ZB,ZC,ZD,ZF,ZG,ZI,ZK,ZL,ZM,ZN,ZO,ZP,ZR,ZS,ZT,ZU,ZW,ZZ
2003-07,AN,,AX,BN,CA,CB,CC,CN,CT,DA,DT,EC,FB,FN,GS,HS,JN,JO,KC,LB,LX,MD,MP,MW,ND,NK,RL,SB,SN,SP,SS,TU,TY,UB,US,UZ,XU,XX,YM,ZA,ZB,ZC,ZD,ZF,ZG,ZI,ZK,ZL,ZM,ZN,ZO,ZP,ZR,ZS,ZT,ZU,ZW,ZZ
2003-08,AN,,AX,BN,CA,CB,CC,CN,CT,DA,DT,EC,FB,FN,GS,HS,JN,JO,KC,LB,LX,MD,MP,MW,ND,NK,RL,SB,SN,SP,SS,TU,TY,UB,US,UZ,XU,XX,YM,ZA,ZB,ZC,ZD,ZF,ZG,ZI,ZK,ZL,ZM,ZN,ZO,ZP,ZR,ZS,ZT,ZU,ZW,ZZ
2003-09,AN,,AX,BN,CA,CB,CC,CN,CT,DA,DT,EC,FB,FN,GS,HS,JN,JO,KC,LB,LX,MD,MP,MW,ND,NK,RL,SB,SN,SP,SS,TU,TY,UB,US,UZ,XU,XX,YM,ZA,ZB,ZC,ZD,ZF,ZG,ZI,ZK,ZL,ZM,ZN,ZO,ZP,ZR,ZS,ZT,ZU,ZW,ZZ
2003-10,AN,,AX,BN,CA,CB,CC,CN,CT,DA,DT,EC,FB,FN,GS,HS,JN,JO,KC,LB,LX,MD,MP,MW,ND,NK,RL,SB,SN,SP,SS,TU,TY,UB,US,UZ,XU,XX,YM,ZA,ZB,ZC,ZD,ZF,ZG,ZI,ZK,ZL,ZM,ZN,ZO,ZP,ZR,ZS,ZT,ZU,ZW,ZZ
2003-11,AN,,AX,BN,CA,CB,CC,CN,CT,DA,DT,EC,FB,FN,GS,HS,JN,JO,KC,LB,LX,MD,MP,MW,ND,NK,RL,SB,SN,SP,SS,TU,TY,UB,US,UZ,XU,XX,YM,ZA,ZB,ZC,ZD,ZF,ZG,ZI,ZK,ZL,ZM,ZN,ZO,ZP,ZR,ZS,ZT,ZU,ZW,ZZ
2003-12,AN,,AX,BN,CA,CB,CC,CN,CT,DA,DT,EC,FB,FN,GS,HS,JN,JO,KC,LB,LX,MD,MP,MW,ND,NK,RL,SB,SN,SP,SS,TU,TY,UB,US,UZ,XU,XX,YM,ZA,ZB,ZC,ZD,ZF,ZG,ZI,ZK,ZL,ZM,ZN,ZO,ZP,ZR,ZS,ZT,ZU,ZW,ZZ
2004-01,AN,,AX,BN,CA,CB,CC,CN,CT,DA,DT,EC,FB,FN,GS,HS,JN,JO,KC,LB,LX,MD,MP,MW,ND,NK,RL,SB,SN,SP,SS,TU,TY,UB,US,UZ,XU,XX,YM,ZA,ZB,ZC,ZD,ZF,ZG,ZI,ZK,ZL,ZM,ZN,ZO,ZP,ZR,ZS,ZT,ZU,ZW,ZZ
2004-02,AN,,AX,BN,CA,CB,CC,CN,CT,DA,DT,EC,FB,FN,GS,HS,JN,JO,KC,LB,LX,MD,MP,MW,ND,NK,RL,SB,SN,SP,SS,TU,TY,UB,US,UZ,XU,XX,YM,ZA,ZB,ZC,ZD,ZF,ZG,ZI,ZK,ZL,ZM,ZN,ZO,ZP,ZR,ZS,ZT,ZU,ZW,ZZ
2004-03,AN,,AX,BN,CA,CB,CC,CN,CT,DA,DT,EC,FB,FN,GS,HS,JN,JO,KC,LB,LX,MD,MP,MW,ND,NK,RL,SB,SN,SP,SS,TU,TY,UB,US,UZ,XU,XX,YM,ZA,ZB,ZC,ZD,ZF,ZG,ZI,ZK,ZL,ZM,ZN,ZO,ZP,ZR,ZS,ZT,ZU,ZW,ZZ
2004-04,AN,,AX,BN,CA,CB,CC,CN,CT,DA,DT,EC,FB,FN,GS,HS,JN,JO,KC,LB,LX,MD,MP,MW,ND,NK,RL,SB,SN,SP,SS,TU,TY,UB,US,UZ,XU,XX,YM,ZA,ZB,ZC,ZD,ZF,ZG,ZI,ZK,ZL,ZM,ZN,ZO,ZP,ZR,ZS,ZT,ZU,ZW,ZZ
2004-05,AN,,AX,BN,CA,CB,CC,CN,CT,DA,DT,EC,FB,FN,GS,HS,JN,JO,KC,LB,LX,MD,MP,MW,ND,NK,RL,SB,SN,SP,SS,TU,TY,UB,US,UZ,XU,XX,YM,ZA,ZB,ZC,ZD,ZF,ZG,ZI,ZK,ZL,ZM,ZN,ZO,ZP,ZR,ZS,ZT,ZU,ZW,ZZ
2004-06,AN,,AX,BN,CA,CB,CC,CN,CT,DA,DT,EC,FB,FN,GS,HS,JN,JO,KC,LB,LX,MD,MP,MW,ND,NK,RL,SB,SN,SP,SS,TU,TY,UB,US,UZ,XU,XX,YM,ZA,ZB,ZC,ZD,ZF,ZG,ZI,ZK,ZL,ZM,ZN,ZO,ZP,ZR,ZS,ZT,ZU,ZW,ZZ
2004-07,AN,,AX,BN,CA,CB,CC,CN,CT,DA,DT,EC,FB,FN,GS,HS,JN,JO,KC,LB,LX,MD,MP,MW,ND,NK,RL,SB,SN,SP,SS,TU,TY,UB,US,UZ,XU,XX,YM,ZA,ZB,ZC,ZD,ZF,ZG,ZI,ZK,ZL,ZM,ZN,ZO,ZP,ZR,ZS,ZT,ZU,ZW,ZZ
2004-08,AN,,AX,BN,CA,CB,CC,CN,CT,DA,DT,EC,FB,FN,GS,HS,JN,JO,KC,LB,LX,MD,MP,MW,ND,NK,RL,SB,SN,SP,SS,TU,TY,UB,US,UZ,XU,XX,YM,ZA,ZB,ZC,ZD,ZF,ZG,ZI,ZK,ZL,ZM,ZN,ZO,ZP,ZR,ZS,ZT,ZU,ZW,ZZ
2004-09,AN,,AX,BN,CA,CB,CC,CN,CT,DA,DT,EC,FB,FN,GS,HS,JN,JO,KC,LB,LX,MD,MP,MW,ND,NK,RL,SB,SN,SP,SS,TU,TY,UB,US,UZ,XU,XX,YM,ZA,ZB,ZC,ZD,ZF,ZG,ZI,ZK,ZL,ZM,ZN,ZO,ZP,ZR,ZS,ZT,ZU,ZW,ZZ
2004-10,AN,,AX,BN,CA,CB,CC,CN,CT,DA,DT,EC,FB,FN,GS,HS,JN,JO,KC,LB,LX,MD,MP,MW,ND,NK,RL,SB,SN,SP,SS,TU,TY,UB,US,UZ,XU,XX,YM,ZA,ZB,ZC,ZD,ZF,ZG,ZI,ZK,ZL,ZM,ZN,ZO,ZP,ZR,ZS,ZT,ZU,ZW,ZZ
2004-11,AN,,AX,BN,CA,CB,CC,CN,CT,DA,DT,EC,FB,FN,GS,HS,JN,JO,KC,LB,LX,MD,MP,MW,ND,NK,RL,SB,SN,SP,SS,TU,TY,UB,US,UZ,XU,XX,YM,ZA,ZB,ZC,ZD,ZF,ZG,ZI,ZK,ZL,ZM,ZN,ZO,ZP,ZR,ZS,ZT,ZU,ZW,ZZ
2004-12,AN,,AX,BN,CA,CB,CC,CN,CT,DA,DT,EC,FB,FN,GS,HS,JN,JO,KC,LB,LX,MD,MP,MW,ND,NK,RL,SB,SN,SP,SS,TU,TY,UB,US,UZ,XU,XX,YM,ZA,ZB,ZC,ZD,ZF,ZG,ZI,ZK,ZL,ZM,ZN,ZO,ZP,ZR,ZS,ZT,ZU,ZW,ZZ
2005-01,AN,,AX,BN,CA,CB,CC,CN,CT,DA,DT,EC,FB,FN,GS,HS,JN,JO,KC,LB,LX,MD,MP,MW,ND,NK,RL,SB,SN,SP,SS,TU,TY,UB,US,UZ,XU,XX,YM,ZA,ZB,ZC,ZD,ZF,ZG,ZI,ZK,ZL,ZM,ZN,ZO,ZP,ZR,ZS,ZT,ZU,ZW,ZZ
2005-02,AN,,AX,BN,CA,CB,CC,CN,CT,DA,DT,EC,FB,FN,GS,HS,JN,JO,KC,LB,LX,MD,MP,MW,ND,NK,RL,SB,SN,SP,SS,TU,TY,UB,US,UZ,XU,XX,YM,ZA,ZB,ZC,ZD,ZF,ZG,ZI,ZK,ZL,ZM,ZN,ZO,ZP,ZR,ZS,ZT,ZU,ZW,ZZ
2005-03,AN,,AX,BN,CA,CB,CC,CN,CT,DA,DT,EC,FB,FN,GS,HS,JN,JO,KC,LB,LX,MD,MP,MW,ND,NK,RL,SB,SN,SP,SS,TU,TY,UB,US,UZ,XU,XX,YM,ZA,ZB,ZC,ZD,ZF,ZG,ZI,ZK,ZL,ZM,ZN,ZO,ZP,ZR,ZS,ZT,ZU,ZW,ZZ
2005-04,AN,,AX,BN,CA,CB,CC,CN,CT,DA,DT,EC,FB,FN,GS,HS,JN,JO,KC,LB,LX,MD,MP,MW,ND,NK,RL,SB,SN,SP,SS,TU,TY,UB,US,UZ,XU,XX,YM,ZA,ZB,ZC,ZD,ZF,ZG,ZI,ZK,ZL,ZM,ZN,ZO,ZP,ZR,ZS,ZT,ZU,ZW,ZZ
2005-05,AN,,AX,BN,CA,CB,CC,CN,CT,DA,DT,EC,FB,FN,GS,HS,JN,JO,KC,LB,LX,MD,MP,MW,ND,NK,RL,SB,SN,SP,SS,TU,TY,UB,US,UZ,XU,XX,YM,ZA,ZB,ZC,ZD,ZF,ZG,ZI,ZK,ZL,ZM,ZN,ZO,ZP,ZR,ZS,ZT,ZU,ZW,ZZ
2005-06,AN,,AX,BN,CA,CB,CC,CN,CT,DA,DT,EC,FB,FN,GS,HS,JN,JO,KC,LB,LX,MD,MP,MW,ND,NK,RL,SB,SN,SP,SS,TU,TY,UB,US,UZ,XU,XX,YM,ZA,ZB,ZC,ZD,ZF,ZG,ZI,ZK,ZL,ZM,ZN,ZO,ZP,ZR,ZS,ZT,ZU,ZW,ZZ
2005-07,AN,,AX,BN,CA,CB,CC,CN,CT,DA,DT,EC,FB,FN,GS,HS,JN,JO,KC,LB,LX,MD,MP,MW,ND,NK,RL,SB,SN,SP,SS,TU,TY,UB,US,UZ,XU,XX,YM,ZA,ZB,ZC,ZD,ZF,ZG,ZI,ZK,ZL,ZM,ZN,ZO,ZP,ZR,ZS,ZT,ZU,ZW,ZZ
2005-08,AN,,AX,BN,CA,CB,CC,CN,CT,DA,DT,EC,FB,FN,GS,HS,JN,JO,KC,LB,LX,MD,MP,MW,ND,NK,RL,SB,SN,SP,SS,TU,TY,UB,US,UZ,XU,XX,YM,ZA,ZB,ZC,ZD,ZF,ZG,ZI,ZK,ZL,ZM,ZN,ZO,ZP,ZR,ZS,ZT,ZU,ZW,ZZ
2005-09,AN,,AX,BN,CA,CB,CC,CN,CT,DA,DT,EC,FB,FN,GS,HS,JN,JO,KC,LB,LX,MD,MP,MW,ND,NK,RL,SB,SN,SP,SS,TU,TY,UB,US,UZ,XU,XX,YM,ZA,ZB,ZC,ZD,ZF,ZG,ZI,ZK,ZL,ZM,ZN,ZO,ZP,ZR,ZS,ZT,ZU,ZW,ZZ
2005-10,AN,,AX,BN,CA,CB,CC,CN,CT,DA,DT,EC,FB,FN,GS,HS,JN,JO,KC,LB,LX,MD,MP,MW,ND,NK,RL,SB,SN,SP,SS,TU,TY,UB,US,UZ,XU,XX,YM,ZA,ZB,ZC,ZD,ZF,ZG,ZI,ZK,ZL,ZM,ZN,ZO,ZP,ZR,ZS,ZT,ZU,ZW,ZZ
2005-11,AN,,AX,BN,CA,CB,CC,CN,CT,DA,DT,EC,FB,FN,GS,HS,JN,JO,KC,LB,LX,MD,MP,MW,ND,NK,RL,SB,SN,SP,SS,TU,TY,UB,US,UZ,XU,XX,YM,ZA,ZB,ZC,ZD,ZF,ZG,ZI,ZK,ZL,ZM,ZN,ZO,ZP,ZR,ZS,ZT,ZU,ZW,ZZ
2005-12,AN,,AX,BN,CA,CB,CC,CN,CT,DA,DT,EC,FB,FN,GS,HS,JN,JO,KC,LB,LX,MD,MP,MW,ND,NK,RL,SB,SN,SP,SS,TU,TY,UB,US,UZ,XU,XX,YM,ZA,ZB,ZC,ZD,ZF,ZG,ZI,ZK,ZL,ZM,ZN,ZO,ZP,ZR,ZS,ZT,ZU,ZW,ZZ
2006-01,AN,,AX,BN,CA,CB,CC,CN,CT,DA,DT,EC,FB,FN,GS,HS,JN,JO,KC,LB,LX,MD,MP,MW,ND,NK,RL,SB,SN,SP,SS,TU,TY,UB,US,UZ,XU,XX,YM,ZA,ZB,ZC,ZD,ZF,ZG,ZI,ZK,ZL,ZM,ZN,ZO,ZP,ZR,ZS,ZT,ZU,ZW,ZZ
2006-02,AN,,AX,BN,CA,CB,CC,CN,CT,DA,DT,EC,FB,FN,GS,HS,JN,JO,KC,LB,LX,MD,MP,MW,ND,NK,RL,SB,SN,SP,SS,TU,TY,UB,US,UZ,XU,XX,YM,ZA,ZB,ZC,ZD,ZF,ZG,ZI,ZK,ZL,ZM,ZN,ZO,ZP,ZR,ZS,ZT,ZU,ZW,ZZ
2006-03,AN,,AX,BN,CA,CB,CC,CN,CT,DA,DT,EC,FB,FN,GS,HS,JN,JO,KC,LB,LX,MD,MP,MW,ND,NK,RL,SB,SN,SP,SS,TU,TY,UB,US,UZ,XU,XX,YM,ZA,ZB,ZC,ZD,ZF,ZG,ZI,ZK,ZL,ZM,ZN,ZO,ZP,ZR,ZS,ZT,ZU,ZW,ZZ
2006-04,AN,,AX,BN,CA,CB,CC,CN,CT,DA,DT,EC,FB,FN,GS,HS,JN,JO,KC,LB,LX,MD,MP,MW,ND,NK,RL,SB,SN,SP,SS,TU,TY,UB,US,UZ,XU,XX,YM,ZA,ZB,ZC,ZD,ZF,ZG,ZI,ZK,ZL,ZM,ZN,ZO,ZP,ZR,ZS,ZT,ZU,ZW,ZZ
2006-05,AN,,AX,BN,CA,CB,CC,CN,CT,DA,DT,EC,FB,FN,GS,HS,JN,JO,KC,LB,LX,MD,MP,MW,ND,NK,RL,SB,SN,SP,SS,TU,TY,UB,US,UZ,XU,XX,YM,ZA,ZB,ZC,ZD,ZF,ZG,ZI,ZK,ZL,ZM,ZN,ZO,ZP,ZR,ZS,ZT,ZU,ZW,ZZ
2006-06,AN,,AX,BN,CA,CB,CC,CN,CT,DA,DT,EC,FB,FN,GS,HS,JN,JO,KC,LB,LX,MD,MP,MW,ND,NK,RL,SB,SN,SP,SS,TU,TY,UB,US,UZ,XU,XX,YM,ZA,ZB,ZC,ZD,ZF,ZG,ZI,ZK,ZL,ZM,ZN,ZO,ZP,ZR,ZS,ZT,ZU,ZW,ZZ
2006-07,AN,,AX,BN,CA,CB,CC,CN,CT,DA,DT,EC,FB,FN,GS,HS,JN,JO,KC,LB,LX,MD,MP,MW,ND,NK,RL,SB,SN,SP,SS,TU,TY,UB,US,UZ,XU,XX,YM,ZA,ZB,ZC,ZD,ZF,ZG,ZI,ZK,ZL,ZM,ZN,ZO,ZP,ZR,ZS,ZT,ZU,ZW,ZZ
2006-08,AN,,AX,BN,CA,CB,CC,CN,CT,DA,DT,EC,FB,FN,GS,HS,JN,JO,KC,LB,LX,MD,MP,MW,ND,NK,RL,SB,SN,SP,SS,TU,TY,UB,US,UZ,XU,XX,YM,ZA,ZB,ZC,ZD,ZF,ZG,ZI,ZK,ZL,ZM,ZN,ZO,ZP,ZR,ZS,ZT,ZU,ZW,ZZ
2006-09,AN,,AX,BN,CA,CB,CC,CN,CT,DA,DT,EC,FB,FN,GS,HS,JN,JO,KC,LB,LX,MD,MP,MW,ND,NK,RL,SB,SN,SP,SS,TU,TY,UB,US,UZ,XU,XX,YM,ZA,ZB,ZC,ZD,ZF,ZG,ZI,ZK,ZL,ZM,ZN,ZO,ZP,ZR,ZS,ZT,ZU,ZW,ZZ
2006-10,AN,,AX,BN,CA,CB,CC,CN,CT,DA,DT,EC,FB,FN,GS,HS,JN,JO,KC,LB,LX,MD,MP,MW,ND,NK,RL,SB,SN,SP,SS,TU,TY,UB,US,UZ,XU,XX,YM,ZA,ZB,ZC,ZD,ZF,ZG,ZI,ZK,ZL,ZM,ZN,ZO,ZP,ZR,ZS,ZT,ZU,ZW,ZZ
2006-11,AN,,AX,BN,CA,CB,CC,CN,CT,DA,DT,EC,FB,FN,GS,HS,JN,JO,KC,LB,LX,MD,MP,MW,ND,NK,RL,SB,SN,SP,SS,TU,TY,UB,US,UZ,XU,XX,YM,ZA,ZB,ZC,ZD,ZF,ZG,ZI,ZK,ZL,ZM,ZN,ZO,ZP,ZR,ZS,ZT,ZU,ZW,ZZ
2006-12,AN,,AX,BN,CA,CB,CC,CN,CT,DA,DT,EC,FB,FN,GS,HS,JN,JO,KC,LB,LX,MD,MP,MW,ND,NK,RL,SB,SN,SP,SS,TU,TY,UB,US,UZ,XU,XX,YM,ZA,ZB,ZC,ZD,ZF,ZG,ZI,ZK,ZL,ZM,ZN,ZO,ZP,ZR,ZS,ZT,ZU,ZW,ZZ
2007-01,AN,,AX,BN,CA,CB,CC,CN,CT,DA,DT,EC,FB,FN,GS,HS,JN,JO,KC,LB,LX,MD,MP,MW,ND,NK,RL,SB,SN,SP,SS,TU,TY,UB,US,UZ,XU,XX,YM,ZA,ZB,ZC,ZD,ZF,ZG,ZI,ZK,ZL,ZM,ZN,ZO,ZP,ZR,ZS,ZT,ZU,ZW,ZZ
2007-02,AN,,AX,BN,CA,CB,CC,CN,CT,DA,DT,EC,FB,FN,GS,HS,JN,JO,KC,LB,LX,MD,MP,MW,ND,NK,RL,SB,SN,SP,SS,TU,TY,UB,US,UZ,XU,XX,YM,ZA,ZB,ZC,ZD,ZF,ZG,ZI,ZK,ZL,ZM,ZN,ZO,ZP,ZR,ZS,ZT,ZU,ZW,ZZ
2007-03,AN,,AX,BN,CA,CB,CC,CN,CT,DA,DT,EC,FB,FN,GS,HS,JN,JO,KC,LB,LX,MD,MP,MW,ND,NK,RL,SB,SN,SP,SS,TU,TY,UB,US,UZ,XU,XX,YM,ZA,ZB,ZC,ZD,ZF,ZG,ZI,ZK,ZL,ZM,ZN,ZO,ZP,ZR,ZS,ZT,ZU,ZW,ZZ
2007-04,AN,,AX,BN,CA,CB,CC,CN,CT,DA,DT,EC,FB,FN,GS,HS,JN,JO,KC,LB,LX,MD,MP,MW,ND,NK,RL,SB,SN,SP,SS,TU,TY,UB,US,UZ,XU,XX,YM,ZA,ZB,ZC,ZD,ZF,ZG,ZI,ZK,ZL,ZM,ZN,ZO,ZP,ZR,ZS,ZT,ZU,ZW,ZZ
2007-05,AN,,AX,BN,CA,CB,CC,CN,CT,DA,DT,EC,FB,FN,GS,HS,JN,JO,KC,LB,LX,MD,MP,MW,ND,NK,RL,SB,SN,SP,SS,TU,TY,UB,US,UZ,XU,XX,YM,ZA,ZB,ZC,ZD,ZF,ZG,ZI,ZK,ZL,ZM,ZN,ZO,ZP,ZR,ZS,ZT,ZU,ZW,ZZ
2007-06,AN,,AX,BN,CA,CB,CC,CN,CT,DA,DT,EC,FB,FN,GS,HS,JN,JO,KC,LB,LX,MD,MP,MW,ND,NK,RL,SB,SN,SP,SS,TU,TY,UB,US,UZ,XU,XX,YM,ZA,ZB,ZC,ZD,ZF,ZG,ZI,ZK,ZL,ZM,ZN,ZO,ZP,ZR,ZS,ZT,ZU,ZW,ZZ
2007-07,AN,,AX,BN,CA,CB,CC,CN,CT,DA,DT,EC,FB,FN,GS,HS,JN,JO,KC,LB,LX,MD,MP,MW,ND,NK,RL,SB,SN,SP,SS,TU,TY,UB,US,UZ,XU,XX,YM,ZA,ZB,ZC,ZD,ZF,ZG,ZI,ZK,ZL,ZM,ZN,ZO,ZP,ZR,ZS,ZT,ZU,ZW,ZZ
2007-08,AN,,AX,BN,CA,CB,CC,CN,CT,DA,DT,EC,FB,FN,GS,HS,JN,JO,KC,LB,LX,MD,MP,MW,ND,NK,RL,SB,SN,SP,SS,TU,TY,UB,US,UZ,XU,XX,YM,ZA,ZB,ZC,ZD,ZF,ZG,ZI,ZK,ZL,ZM,ZN,ZO,ZP,ZR,ZS,ZT,ZU,ZW,ZZ
2007-09,AN,,AX,BN,CA,CB,CC,CN,CT,DA,DT,EC,FB,FN,GS,HS,JN,JO,KC,LB,LX,MD,MP,MW,ND,NK,RL,SB,SN,SP,SS,TU,TY,UB,US,UZ,XU,XX,YM,ZA,ZB,ZC,ZD,ZF,ZG,ZI,ZK,ZL,ZM,ZN,ZO,ZP,ZR,ZS,ZT,ZU,ZW,ZZ
2007-10,AN,,AX,BN,CA,CB,CC,CN,CT,DA,DT,EC,FB,FN,GS,HS,JN,JO,KC,LB,LX,MD,MP,MW,ND,NK,RL,SB,SN,SP,SS,TU,TY,UB,US,UZ,XU,XX,YM,ZA,ZB,ZC,ZD,ZF,ZG,ZI,ZK,ZL,ZM,ZN,ZO,ZP,ZR,ZS,ZT,ZU,ZW,ZZ
2007-11,AN,,AX,BN,CA,CB,CC,CN,CT,DA,DT,EC,FB,FN,GS,HS,JN,JO,KC,LB,LX,MD,MP,MW,ND,NK,RL,SB,SN,SP,SS,TU,TY,UB,US,UZ,XU,XX,YM,ZA,ZB,ZC,ZD,ZF,ZG,ZI,ZK,ZL,ZM,ZN,ZO,ZP,ZR,ZS,ZT,ZU,ZW,ZZ
2007-12,AN,,AX,BN,CA,CB,CC,CN,CT,DA,DT,EC,FB,FN,GS,HS,JN,JO,KC,LB,LX,MD,MP,MW,ND,NK,RL,SB,SN,SP,SS,TU,TY,UB,US,UZ,XU,XX,YM,ZA,ZB,ZC,ZD,ZF,ZG,ZI,ZK,ZL,ZM,ZN,ZO,ZP,ZR,ZS,ZT,ZU,ZW,ZZ
2008-01,AN,,AX,BN,CA,CB,CC,CN,CT,DA,DT,EC,FB,FN,GS,HS,JN,JO,KC,LB,LX,MD,MP,MW,ND,NK,RL,SB,SN,SP,SS,TU,TY,UB,US,UZ,XU,XX,YM,ZA,ZB,ZC,ZD,ZF,ZG,ZI,ZK,ZL,ZM,ZN,ZO,ZP,ZR,ZS,ZT,ZU,ZW,ZZ
2008-02,AN,,AX,BN,CA,CB,CC,CN,CT,DA,DT,EC,FB,FN,GS,HS,JN,JO,KC,LB,LX,MD,MP,MW,ND,NK,RL,SB,SN,SP,SS,TU,TY,UB,US,UZ,XU,XX,YM,ZA,ZB,ZC,ZD,ZF,ZG,ZI,ZK,ZL,ZM,ZN,ZO,ZP,ZR,ZS,ZT,ZU,ZW,ZZ
2008-03,AN,,AX,BN,CA,CB,CC,CN,CT,DA,DT,EC,FB,FN,GS,HS,JN,JO,KC,LB,LX,MD,MP,MW,ND,NK,RL,SB,SN,SP,SS,TU,TY,UB,US,UZ,XU,XX,YM,ZA,ZB,ZC,ZD,ZF,ZG,ZI,ZK,ZL,ZM,ZN,ZO,ZP,ZR,ZS,ZT,ZU,ZW,ZZ
2008-04,AN,,AX,BN,CA,CB,CC,CN,CT,DA,DT,EC,FB,FN,GS,HS,JN,JO,KC,LB,LX,MD,MP,MW,ND,NK,RL,SB,SN,SP,SS,TU,TY,UB,US,UZ,XU,XX,YM,ZA,ZB,ZC,ZD,ZF,ZG,ZI,ZK,ZL,ZM,ZN,ZO,ZP,ZR,ZS,ZT,ZU,ZW,ZZ
2008-05,AN,,AX,BN,CA,CB,CC,CN,CT,DA,DT,EC,FB,FN,GS,HS,JN,JO,KC,LB,LX,MD,MP,MW,ND,NK,RL,SB,SN,SP,SS,TU,TY,UB,US,UZ,XU,XX,YM,ZA,ZB,ZC,ZD,ZF,ZG,ZI,ZK,ZL,ZM,ZN,ZO,ZP,ZR,ZS,ZT,ZU,ZW,ZZ
2008-06,AN,,AX,BN,CA,CB,CC,CN,CT,DA,DT,EC,FB,FN,GS,HS,JN,JO,KC,LB,LX,MD,MP,MW,ND,NK,RL,SB,SN,SP,SS,TU,TY,UB,US,UZ,XU,XX,YM,ZA,ZB,ZC,ZD,ZF,ZG,ZI,ZK,ZL,ZM,ZN,ZO,ZP,ZR,ZS,ZT,ZU,ZW,ZZ
2008-07,AN,,AX,BN,CA,CB,CC,CN,CT,DA,DT,EC,FB,FN,GS,HS,JN,JO,KC,LB,LX,MD,MP,MW,ND,NK,RL,SB,SN,SP,SS,TU,TY,UB,US,UZ,XU,XX,YM,ZA,ZB,ZC,ZD,ZF,ZG,ZI,ZK,ZL,ZM,ZN,ZO,ZP,ZR,ZS,ZT,ZU,ZW,ZZ
2008-08,AN,,AX,BN,CA,CB,CC,CN,CT,DA,DT,EC,FB,FN,GS,HS,JN,JO,KC,LB,LX,MD,MP,MW,ND,NK,RL,SB,SN,SP,SS,TU,TY,UB,US,UZ,XU,XX,YM,ZA,ZB,ZC,ZD,ZF,ZG,ZI,ZK,ZL,ZM,ZN,ZO,ZP,ZR,ZS,ZT,ZU,ZW,ZZ
2008-09,AN,,AX,BN,CA,CB,CC,CN,CT,DA,DT,EC,FB,FN,GS,HS,JN,JO,KC,LB,LX,MD,MP,MW,ND,NK,RL,SB,SN,SP,SS,TU,TY,UB,US,UZ,XU,XX,YM,ZA,ZB,ZC,ZD,ZF,ZG,ZI,ZK,ZL,ZM,ZN,ZO,ZP,ZR,ZS,ZT,ZU,ZW,ZZ
2008-10,AN,AP,AX,BN,CA,CB,CC,CN,CT,DA,DT,EC,FB,FN,GS,HS,JN,JO,KC,LB,LX,MD,MP,MW,ND,NK,RL,SB,SN,SP,SS,TU,TY,UB,US,UZ,XU,XX,YM,ZA,ZB,ZC,ZD,ZF,ZG,ZI,ZK,ZL,ZM,ZN,ZO,ZP,ZR,ZS,ZT,ZU,ZW,ZZ
2008-11,AN,AP,AX,BN,CA,CB,CC,CN,CT,DA,DT,EC,FB,FN,GS,HS,JN,JO,KC,LB,LX,MD,MP,MW,ND,NK,RL,SB,SN,SP,SS,TU,TY,UB,US,UZ,XU,XX,YM,ZA,ZB,ZC,ZD,ZF,ZG,ZI,ZK,ZL,ZM,ZN,ZO,ZP,ZR,ZS,ZT,ZU,ZW,ZZ
2008-12,AN,AP,AX,BN,CA,CB,CC,CN,CT,DA,DT,EC,FB,FN,GS,HS,JN,JO,KC,LB,LX,MD,MP,MW,ND,NK,ER,SB,SN,SP,SS,TU,TY,UB,US,UZ,XU,XX,YM,ZA,ZB,ZC,ZD,ZF,ZG,ZI,ZK,ZL,ZM,ZN,ZO,ZP,ZR,ZS,ZT,ZU,ZW,ZZ
2009-01,AN,AP,AX,BN,CA,CB,CC,CN,CT,DA,DT,EC,FB,FN,GS,HS,JN,JO,KC,LB,LX,MD,MP,MW,ND,NK,ER,SB,SN,SP,SS,TU,TY,UB,US,UZ,XU,XX,YM,ZA,ZB,ZC,ZD,ZF,ZG,ZI,ZK,ZL,ZM,ZN,ZO,ZP,ZR,ZS,ZT,ZU,ZW,ZZ
2009-02,AN,AP,AX,BN,CA,CB,CC,CN,CT,DA,DT,EC,FB,FN,GS,HS,JN,JO,KC,LB,LX,MD,MP,MW,ND,NK,ER,SB,SN,SP,SS,TU,TY,UB,US,UZ,XU,XX,YM,ZA,ZB,ZC,ZD,ZF,ZG,ZI,ZK,ZL,ZM,ZN,ZO,ZP,ZR,ZS,ZT,ZU,ZW,ZZ
2009-03,AN,AP,AX,BN,CA,CB,CC,CN,CT,DA,DT,EC,FB,FN,GS,HS,JN,JO,KC,LB,LX,MD,MP,MW,ND,NK,ER,SB,SN,SP,SS,TU,TY,UB,US,UZ,XU,XX,YM,ZA,ZB,ZC,ZD,ZF,ZG,ZI,ZK,ZL,ZM,ZN,ZO,ZP,ZR,ZS,ZT,ZU,ZW,ZZ
2009-04,AN,AP,AX,BN,CA,CB,CC,CN,CT,DA,DT,EC,FB,FN,GS,HS,JN,JO,KC,LB,LX,MD,MP,MW,ND,NK,ER,SB,SN,SP,SS,TU,TY,UB,US,UZ,XU,XX,YM,ZA,ZB,ZC,ZD,ZF,ZG,ZI,ZK,ZL,ZM,ZN,ZO,ZP,ZR,ZS,ZT,ZU,ZW,ZZ
2009-05,AN,AP,AX,BN,CA,CB,CC,CN,CT,DA,DT,EC,FB,FN,GS,HS,JN,JO,KC,LB,LX,MD,MP,MW,ND,NK,ER,SB,SN,SP,SS,TU,TY,UB,US,UZ,XU,XX,YM,ZA,ZB,ZC,ZD,ZF,ZG,ZI,ZK,ZL,ZM,ZN,ZO,ZP,ZR,ZS,ZT,ZU,ZW,ZZ
2009-06,AN,AP,AX,BN,CA,CB,CC,CN,CT,DA,DT,EC,FB,FN,GS,HS,JN,JO,KC,LB,LX,MD,MP,MW,ND,NK,ER,SB,SN,SP,SS,TU,TY,UB,US,UZ,XU,XX,YM,ZA,ZB,ZC,ZD,ZF,ZG,ZI,ZK,ZL,ZM,ZN,ZO,ZP,ZR,ZS,ZT,ZU,ZW,ZZ
2009-07,AN,AP,AX,BN,CA,CB,CC,CN,CT,DA,DT,EC,FB,FN,GS,HS,JN,JO,KC,LB,LX,MD,MP,MW,ND,NK,ER,SB,SN,SP,SS,TU,TY,UB,US,UZ,XU,XX,YM,ZA,ZB,ZC,ZD,ZF,ZG,ZI,ZK,ZL,ZM,ZN,ZO,ZP,ZR,ZS,ZT,ZU,ZW,ZZ
2009-08,AN,AP,AX,BN,CA,CB,CC,CN,CT,DA,DT,EC,FB,FN,GS,HS,JN,JO,KC,LB,LX,MD,MP,MW,ND,NK,ER,SB,SN,SP,SS,TU,TY,UB,US,UZ,XU,XX,YM,ZA,ZB,ZC,ZD,ZF,ZG,ZI,ZK,ZL,ZM,ZN,ZO,ZP,ZR,ZS,ZT,ZU,ZW,ZZ
2009-09,AN,AP,AX,BN,CA,CB,CC,CN,CT,DA,DT,EC,FB,FN,GS,HS,JN,JO,KC,LB,LX,MD,MP,MW,ND,NK,ER,SB,SN,SP,SS,TU,TY,UB,US,UZ,XU,XX,YM,ZA,ZB,ZC,ZD,ZF,ZG,ZI,ZK,ZL,ZM,ZN,ZO,ZP,ZR,ZS,ZT,ZU,ZW,ZZ
2009-10,AN,AP,AX,BN,CA,CB,CC,CN,CT,DA,DT,EC,FB,FN,GS,HS,JN,JO,KC,LB,LX,MD,MP,MW,ND,NK,ER,SB,SN,SP,SS,TU,TY,UB,US,UZ,XU,XX,YM,ZA,ZB,ZC,ZD,ZF,ZG,ZI,ZK,ZL,ZM,ZN,ZO,ZP,ZR,ZS,ZT,ZU,ZW,ZZ
2009-11,AN,AP,AX,BN,CA,CB,CC,CN,CT,DA,DT,EC,FB,FN,GS,HS,JN,JO,KC,LB,LX,MD,MP,MW,ND,NK,ER,SB,SN,SP,SS,TU,TY,UB,US,UZ,XU,XX,YM,ZA,ZB,ZC,ZD,ZF,ZG,ZI,ZK,ZL,ZM,ZN,ZO,ZP,ZR,ZS,ZT,ZU,ZW,ZZ
2009-12,AN,AP,AX,BN,CA,CB,CC,CN,CT,DA,DT,EC,FB,FN,GS,HS,JN,JO,KC,LB,LX,MD,MP,MW,ND,NK,ER,SB,SN,SP,SS,TU,TY,UB,US,UZ,XU,XX,YM,ZA,ZB,ZC,ZD,ZF,ZG,ZI,ZK,ZL,ZM,ZN,ZO,ZP,ZR,ZS,ZT,ZU,ZW,ZZ
2010-01,AN,AP,AX,BN,CA,CB,CC,CN,CT,DA,DT,EC,FB,FN,GS,HS,JN,JO,KC,LB,LX,MD,MP,MW,ND,NK,ER,SB,SN,SP,SS,TU,TY,UB,US,UZ,XU,XX,YM,ZA,ZB,ZC,ZD,ZF,ZG,ZI,ZK,ZL,ZM,ZN,ZO,ZP,ZR,ZS,ZT,ZU,ZW,ZZ
2010-02,AN,AP,AX,BN,CA,CB,CC,CN,CT,DA,DT,EC,FB,FN,GS,HS,JN,JO,KC,LB,LX,MD,MP,MW,ND,NK,ER,SB,SN,SP,SS,TU,TY,UB,US,UZ,XU,XX,YM,ZA,ZB,ZC,ZD,ZF,ZG,ZI,ZK,ZL,ZM,ZN,ZO,ZP,ZR,ZS,ZT,ZU,ZW,ZZ
2010-03,AN,AP,AX,BN,CA,CB,CC,CN,CT,DA,DT,EC,FB,FN,GS,HS,JN,JO,KC,LB,LX,MD,MP,MW,ND,NK,ER,SB,SN,SP,SS,TU,TY,UB,US,UZ,XU,XX,YM,ZA,ZB,ZC,ZD,ZF,ZG,ZI,ZK,ZL,ZM,ZN,ZO,ZP,ZR,ZS,ZT,ZU,ZW,ZZ
2010-04,AN,AP,AX,BN,CA,CB,CC,CN,CT,DA,DT,EC,FB,FN,GS,HS,JN,JO,KC,LB,LX,MD,MP,MW,ND,NK,ER,SB,SN,SP,SS,TU,TY,UB,US,UZ,XU,XX,YM,ZA,ZB,ZC,ZD,ZF,ZG,ZI,ZK,ZL,ZM,ZN,ZO,ZP,ZR,ZS,ZT,ZU,ZW,ZZ
2010-05,AN,AP,AX,BN,CA,CB,CC,CN,CT,DA,DT,EC,FB,FN,GS,HS,JN,JO,KC,LB,LX,MD,MP,MW,ND,NK,ER,SB,SN,SP,SS,TU,TY,UB,US,UZ,XU,XX,YM,ZA,ZB,ZC,ZD,ZF,ZG,ZI,ZK,ZL,ZM,ZN,ZO,ZP,ZR,ZS,ZT,ZU,ZW,ZZ
2010-06,AN,AP,AX,BN,CA,CB,CC,CN,CT,DA,DT,EC,FB,FN,GS,HS,JN,JO,KC,LB,LX,MD,MP,MW,ND,NK,ER,SB,SN,SP,SS,TU,TY,UB,US,UZ,XU,XX,YM,ZA,ZB,ZC,ZD,ZF,ZG,ZI,ZK,ZL,ZM,ZN,ZO,ZP,ZR,ZS,ZT,ZU,ZW,ZZ
2010-07,AN,AP,AX,BN,CA,CB,CC,CN,CT,DA,DT,EC,FB,FN,GS,HS,JN,JO,KC,LB,LX,MD,MP,MW,ND,NK,ER,SB,SN,SP,SS,TU,TY,UB,US,UZ,XU,XX,YM,ZA,ZB,ZC,ZD,ZF,ZG,ZI,ZK,ZL,ZM,ZN,ZO,ZP,ZR,ZS,ZT,ZU,ZW,ZZ
2010-08,AN,AP,AX,BN,CA,CB,CC,CN,CT,DA,DT,EC,FB,FN,GS,HS,JN,JO,KC,LB,LX,MD,MP,MW,ND,NK,ER,SB,SN,SP,SS,TU,TY,UB,US,UZ,XU,XX,YM,ZA,ZB,ZC,ZD,ZF,ZG,ZI,ZK,ZL,ZM,ZN,ZO,ZP,ZR,ZS,ZT,ZU,ZW,ZZ
2010-09,AN,AP,AX,BN,CA,CB,CC,CN,CT,DA,DT,EC,FB,FN,GS,HS,JN,JO,KC,LB,LX,MD,MP,MW,ND,NK,ER,SB,SN,SP,SS,TU,TY,UB,US,UZ,XU,XX,YM,ZA,ZB,ZC,ZD,ZF,ZG,ZI,ZK,ZL,ZM,ZN,ZO,ZP,ZR,ZS,ZT,ZU,ZW,ZZ
2010-10,AN,AP,AX,BN,CA,CB,CC,CN,CT,DA,DT,EC,FB,FN,GS,HS,JN,JO,KC,LB,LX,MD,MP,MW,ND,NK,ER,SB,SN,SP,SS,TU,TY,UB,US,UZ,XU,XX,YM,ZA,ZB,ZC,ZD,ZF,ZG,ZI,ZK,ZL,ZM,ZN,ZO,ZP,ZR,ZS,ZT,ZU,ZW,ZZ
2010-11,AN,AP,AX,BN,CA,CB,CC,CN,CT,DA,DT,EC,FB,FN,GS,HS,JN,JO,KC,LB,LX,MD,MP,MW,ND,NK,ER,SB,SN,SP,SS,TU,TY,UB,US,UZ,XU,XX,YM,ZA,ZB,ZC,ZD,ZF,ZG,ZI,ZK,ZL,ZM,ZN,ZO,ZP,ZR,ZS,ZT,ZU,ZW,ZZ
2010-12,AN,AP,AX,BN,CA,CB,CC,CN,CT,DA,DT,EC,FB,FN,GS,HS,JN,JO,KC,LB,LX,MD,MP,MW,ND,NK,ER,SB,SN,SP,SS,TU,TY,UB,US,UZ,XU,XX,YM,ZA,ZB,ZC,ZD,ZF,ZG,ZI,ZK,ZL,ZM,ZN,ZO,ZP,ZR,ZS,ZT,ZU,ZW,ZZ
2011-01,AN,AP,AX,BN,CA,CB,CC,CN,CT,DA,DT,EC,FB,FN,GS,HS,JN,JO,KC,LB,LX,MD,MP,MW,ND,NK,ER,SB,SN,SP,SS,TU,TY,UB,US,UZ,XU,XX,YM,ZA,ZB,ZC,ZD,ZF,ZG,ZI,ZK,ZL,ZM,ZN,ZO,ZP,ZR,ZS,ZT,ZU,ZW,ZZ
2011-02,AN,AP,AX,BN,CA,CB,CC,CN,CT,DA,DT,EC,FB,FN,GS,HS,JN,JO,KC,LB,LX,MD,MP,MW,ND,NK,ER,SB,SN,SP,SS,TU,TY,UB,US,UZ,XU,XX,YM,ZA,ZB,ZC,ZD,ZF,ZG,ZI,ZK,ZL,ZM,ZN,ZO,ZP,ZR,ZS,ZT,ZU,ZW,ZZ
2011-03,AN,AP,AX,BN,CA,CB,CC,CN,CT,DA,DT,EC,FB,FN,GS,HS,JN,JO,KC,LB,LX,MD,MP,MW,ND,NK,ER,SB,SN,SP,SS,TU,TY,UB,US,UZ,XU,XX,YM,ZA,ZB,ZC,ZD,ZF,ZG,ZI,ZK,ZL,ZM,ZN,ZO,ZP,ZR,ZS,ZT,ZU,ZW,ZZ
2011-04,AN,AP,AX,BN,CA,CB,CC,CN,CT,DA,DT,EC,FB,FN,GS,HS,JN,JO,KC,LB,LX,MD,MP,MW,ND,NK,ER,SB,SN,SP,SS,TU,TY,UB,US,UZ,XU,XX,YM,ZA,ZB,ZC,ZD,ZF,ZG,ZI,ZK,ZL,ZM,ZN,ZO,ZP,ZR,ZS,ZT,ZU,ZW,ZZ
2011-05,AN,AP,AX,BN,CA,CB,CC,CN,CT,DA,DT,EC,FB,FN,GS,HS,JN,JO,KC,LB,LX,MD,MP,MW,ND,NK,ER,SB,SN,SP,SS,TU,TY,UB,US,UZ,XU,XX,YM,ZA,ZB,ZC,ZD,ZF,ZG,ZI,ZK,ZL,ZM,ZN,ZO,ZP,ZR,ZS,ZT,ZU,ZW,ZZ
2011-06,AN,AP,AX,BN,CA,CB,CC,CN,CT,DA,DT,EC,FB,FN,GS,HS,JN,JO,KC,LB,LX,MD,MP,MW,ND,NK,ER,SB,SN,SP,SS,TU,TY,UB,US,UZ,XU,XX,YM,ZA,ZB,ZC,ZD,ZF,ZG,ZI,ZK,ZL,ZM,ZN,ZO,ZP,ZR,ZS,ZT,ZU,ZW,ZZ
2011-07,AN,AP,AX,BN,CA,CB,CC,CN,CT,DA,DT,EC,FB,FN,GS,HS,JN,JO,KC,LB,LX,MD,MP,MW,ND,NK,ER,SB,SN,SP,SS,TU,TY,UB,US,UZ,XU,XX,YM,ZA,ZB,ZC,ZD,ZF,ZG,ZI,ZK,ZL,ZM,ZN,ZO,ZP,ZR,ZS,ZT,ZU,ZW,ZZ
2011-08,AN,AP,AX,BN,CA,CB,CC,CN,CT,DA,DT,EC,FB,FN,GS,HS,JN,JO,KC,LB,LX,MD,MP,MW,ND,NK,ER,SB,SN,SP,SS,TU,TY,UB,US,UZ,XU,XX,YM,ZA,ZB,ZC,ZD,ZF,ZG,ZI,ZK,ZL,ZM,ZN,ZO,ZP,ZR,ZS,ZT,ZU,ZW,ZZ
2011-09,AN,AP,AX,BN,CA,CB,CC,CN,CT,DA,DT,EC,FB,FN,GS,HS,JN,JO,KC,LB,LX,MD,MP,MW,ND,NK,ER,SB,SN,SP,SS,TU,TY,UB,US,UZ,XU,XX,YM,ZA,ZB,ZC,ZD,ZF,ZG,ZI,ZK,ZL,ZM,ZN,ZO,ZP,ZR,ZS,ZT,ZU,ZW,ZZ
2011-10,AN,AP,AX,BN,CA,CB,CC,CN,CT,DA,DT,EC,FB,FN,GS,HS,JN,JO,KC,LB,LX,MD,MP,MW,ND,NK,ER,SB,SN,SP,SS,TU,TY,UB,US,UZ,XU,XX,YM,ZA,ZB,ZC,ZD,ZF,ZG,ZI,ZK,ZL,ZM,ZN,ZO,ZP,ZR,ZS,ZT,ZU,ZW,ZZ
2011-11,AN,AP,AX,BN,CA,CB,CC,CN,CT,DA,DT,EC,FB,FN,GS,HS,JN,JO,KC,LB,LX,MD,MP,MW,ND,NK,ER,SB,SN,SP,SS,TU,TY,UB,US,UZ,XU,XX,YM,ZA,ZB,ZC,ZD,ZF,ZG,ZI,ZK,ZL,ZM,ZN,ZO,ZP,ZR,ZS,ZT,ZU,ZW,ZZ
2011-12,AN,AP,AX,BN,CA,CB,CC,CN,CT,DA,DT,EC,FB,FN,GS,HS,JN,JO,KC,LB,LX,MD,MP,MW,ND,NK,ER,SB,SN,SP,SS,TU,TY,UB,US,UZ,XU,XX,YM,ZA,ZB,ZC,ZD,ZF,ZG,ZI,ZK,ZL,ZM,ZN,ZO,ZP,ZR,ZS,ZT,ZU,ZW,ZZ
2012-01,AN,AP,AX,BN,CA,CB,CC,CN,CT,DA,DT,EC,FB,FN,GS,HS,JN,JO,KC,LB,LX,MD,MP,MW,ND,NK,ER,SB,SN,SP,SS,TU,TY,UB,US,UZ,XU,XX,YM,ZA,ZB,ZC,ZD,ZF,ZG,ZI,ZK,ZL,ZM,ZN,ZO,ZP,ZR,ZS,ZT,ZU,ZW,ZZ
2012-02,AN,AP,AX,BN,CA,CB,CC,CN,CT,DA,DT,EC,FB,FN,GS,HS,JN,JO,KC,LB,LX,MD,MP,MW,ND,NK,ER,SB,SN,SP,SS,TU,TY,UB,US,UZ,XU,XX,YM,ZA,ZB,ZC,ZD,ZF,ZG,ZI,ZK,ZL,ZM,ZN,ZO,ZP,ZR,ZS,ZT,ZU,ZW,ZZ
2012-03,AN,AP,AX,BN,CA,CB,CC,CN,CT,DA,DT,EC,FB,FN,GS,HS,JN,JO,KC,LB,LX,MD,MP,MW,ND,NK,ER,SB,SN,SP,SS,TU,TY,UB,US,UZ,XU,XX,YM,ZA,ZB,ZC,ZD,ZF,ZG,ZI,ZK,ZL,ZM,ZN,ZO,ZP,ZR,ZS,ZT,ZU,ZW,ZZ
2012-04,AN,AP,AX,BN,CA,CB,CC,CN,CT,DA,DT,EC,FB,FN,GS,HS,JN,JO,KC,LB,LX,MD,MP,MW,ND,NK,ER,SB,SN,SP,SS,TU,TY,UB,US,UZ,XU,XX,YM,ZA,ZB,ZC,ZD,ZF,ZG,ZI,ZK,ZL,ZM,ZN,ZO,ZP,ZR,ZS,ZT,ZU,ZW,ZZ
2012-05,AN,AP,AX,BN,CA,CB,CC,CN,CT,DA,DT,EC,FB,FN,GS,HS,JN,JO,KC,LB,LX,MD,MP,MW,ND,NK,ER,SB,SN,SP,SS,TU,TY,UB,US,UZ,XU,XX,YM,ZA,ZB,ZC,ZD,ZF,ZG,ZI,ZK,ZL,ZM,ZN,ZO,ZP,ZR,ZS,ZT,ZU,ZW,ZZ
2012-06,AN,AP,AX,BN,CA,CB,CC,CN,CT,DA,DT,EC,FB,FN,GS,HS,JN,JO,KC,LB,LX,MD,MP,MW,ND,NK,ER,SB,SN,SP,SS,TU,TY,UB,US,UZ,XU,XX,YM,ZA,ZB,ZC,ZD,ZF,ZG,ZI,ZK,ZL,ZM,ZN,ZO,ZP,ZR,ZS,ZT,ZU,ZW,ZZ
2012-07,AN,AP,AX,BN,CA,CB,CC,CN,CT,DA,DT,EC,FB,FN,GS,HS,JN,JO,KC,LB,LX,MD,MP,MW,ND,NK,ER,SB,SN,SP,SS,TU,TY,UB,US,UZ,XU,XX,YM,ZA,ZB,ZC,ZD,ZF,ZG,ZI,ZK,ZL,ZM,ZN,ZO,ZP,ZR,ZS,ZT,ZU,ZW,ZZ
2012-08,AN,AP,AX,BN,CA,CB,CC,CN,CT,DA,DT,EC,FB,FN,GS,HS,JN,JO,KC,LB,LX,MD,MP,MW,ND,NK,ER,SB,SN,SP,SS,TU,TY,UB,US,UZ,XU,XX,YM,ZA,ZB,ZC,ZD,ZF,ZG,ZI,ZK,ZL,ZM,ZN,ZO,ZP,ZR,ZS,ZT,ZU,ZW,ZZ
2012-09,AN,AP,AX,BN,CA,CB,CC,CN,CT,DA,DT,EC,FB,FN,GS,HS,JN,JO,KC,LB,LX,MD,MP,MW,ND,NK,ER,SB,SN,SP,SS,TU,TY,UB,US,UZ,XU,XX,YM,ZA,ZB,ZC,ZD,ZF,ZG,ZI,ZK,ZL,ZM,ZN,ZO,ZP,ZR,ZS,ZT,ZU,ZW,ZZ
2012-10,AN,AP,AX,BN,CA,CB,CC,CN,CT,DA,DT,EC,FB,FN,GS,HS,JN,JO,KC,LB,LX,MD,MP,MW,ND,NK,ER,SB,SN,SP,SS,TU,TY,UB,US,UZ,XU,XX,YM,ZA,ZB,ZC,ZD,ZF,ZG,ZI,ZK,ZL,ZM,ZN,ZO,ZP,ZR,ZS,ZT,ZU,ZW,ZZ
2012-11,AN,AP,AX,BN,CA,CB,CC,CN,CT,DA,DT,EC,FB,FN,GS,HS,JN,JO,KC,LB,LX,MD,MP,MW,ND,NK,ER,SB,SN,SP,SS,TU,TY,UB,US,UZ,XU,XX,YM,ZA,ZB,ZC,ZD,ZF,ZG,ZI,ZK,ZL,ZM,ZN,ZO,ZP,ZR,ZS,ZT,ZU,ZW,ZZ
2012-12,AN,AP,AX,BN,CA,CB,CC,CN,CT,DA,DT,EC,FB,FN,GS,HS,JN,JO,KC,LB,LX,MD,MP,MW,ND,NK,ER,SB,SN,SP,SS,TU,TY,UB,US,UZ,XU,XX,YM,ZA,ZB,ZC,ZD,ZF,ZG,ZI,ZK,ZL,ZM,ZN,ZO,ZP,ZR,ZS,ZT,ZU,ZW,ZZ
2013-01,AN,AP,AX,BN,CA,CB,CC,CN,CT,DA,DT,EC,FB,FN,GS,HS,JN,JO,KC,LB,LX,MD,MP,MW,ND,NK,ER,SB,SN,SP,SS,TU,TY,UB,US,UZ,XU,XX,YM,ZA,ZB,ZC,ZD,ZF,ZG,ZI,ZK,ZL,ZM,ZN,ZO,ZP,ZR,ZS,ZT,ZU,ZW,ZZ
2013-02,AN,AP,AX,BN,CA,CB,CC,CN,CT,DA,DT,EC,FB,FN,GS,HS,JN,JO,KC,LB,LX,MD,MP,MW,ND,NK,ER,SB,SN,SP,SS,TU,TY,UB,US,UZ,XU,XX,YM,ZA,ZB,ZC,ZD,ZF,ZG,ZI,ZK,ZL,ZM,ZN,ZO,ZP,ZR,ZS,ZT,ZU,ZW,ZZ
2013-03,AN,AP,AX,BN,CA,CB,CC,CN,CT,DA,DT,EC,FB,FN,GS,HS,JN,JO,KC,LB,LX,MD,MP,MW,ND,NK,ER,SB,SN,SP,SS,TU,TY,UB,US,UZ,XU,XX,YM,ZA,ZB,ZC,ZD,ZF,ZG,ZI,ZK,ZL,ZM,ZN,ZO,ZP,ZR,ZS,ZT,ZU,ZW,ZZ
2013-04,AN,AP,AX,BN,CA,CB,CC,CN,CT,DA,DT,EC,FB,FN,GS,HS,JN,JO,KC,LB,LX,MD,MP,MW,ND,NK,ER,SB,SN,SP,SS,TU,TY,UB,US,UZ,XU,XX,YM,ZA,ZB,ZC,ZD,ZF,ZG,ZI,ZK,ZL,ZM,ZN,ZO,ZP,ZR,ZS,ZT,ZU,ZW,ZZ
2013-05,AN,AP,AX,BN,CA,CB,CC,CN,CT,DA,DT,EC,FB,FN,GS,HS,JN,JO,KC,LB,LX,MD,MP,MW,ND,NK,ER,SB,SN,SP,SS,TU,TY,UB,US,UZ,XU,XX,YM,ZA,ZB,ZC,ZD,ZF,ZG,ZI,ZK,ZL,ZM,ZN,ZO,ZP,ZR,ZS,ZT,ZU,ZW,ZZ
2013-06,AN,AP,AX,BN,CA,CB,CC,CN,CT,DA,DT,EC,FB,FN,GS,HS,JN,JO,KC,LB,LX,MD,MP,MW,ND,NK,ER,SB,SN,SP,SS,TU,TY,UB,US,UZ,XU,XX,YM,ZA,ZB,ZC,ZD,ZF,ZG,ZI,ZK,ZL,ZM,ZN,ZO,ZP,ZR,ZS,ZT,ZU,ZW,ZZ
2013-07,AN,AP,AX,BN,CA,CB,CC,CN,CT,DA,DT,EC,FB,FN,GS,HS,JN,JO,KC,LB,LX,MD,MP,MW,ND,NK,ER,SB,SN,SP,SS,TU,TY,UB,US,UZ,XU,XX,YM,ZA,ZB,ZC,ZD,ZF,ZG,ZI,ZK,ZL,ZM,ZN,ZO,ZP,ZR,ZS,ZT,ZU,ZW,ZZ
2013-08,AN,AP,AX,BN,CA,CB,CC,CN,CT,DA,DT,EC,FB,FN,GS,HS,JN,JO,KC,LB,LX,MD,MP,MW,ND,NK,ER,SB,SN,SP,SS,TU,TY,UB,US,UZ,XU,XX,YM,ZA,ZB,ZC,ZD,ZF,ZG,ZI,ZK,ZL,ZM,ZN,ZO,ZP,ZR,ZS,ZT,ZU,ZW,ZZ
2013-09,AN,AP,AX,BN,CA,CB,CC,CN,CT,DA,DT,EC,FB,FN,GS,HS,JN,JO,KC,LB,LX,MD,MP,MW,ND,NK,ER,SB,SN,SP,SS,TU,TY,UB,US,UZ,XU,XX,YM,ZA,ZB,ZC,ZD,ZF,ZG,ZI,ZK,ZL,ZM,ZN,ZO,ZP,ZR,ZS,ZT,ZU,ZW,ZZ
2013-10,AN,AP,AX,BN,CA,CB,CC,CN,CT,DA,DT,EC,FB,FN,GS,HS,JN,JO,KC,LB,LX,MD,MP,MW,ND,NK,ER,SB,SN,SP,SS,TU,TY,UB,US,UZ,XU,XX,YM,ZA,ZB,ZC,ZD,ZF,ZG,ZI,ZK,ZL,ZM,ZN,ZO,ZP,ZR,ZS,ZT,ZU,ZW,ZZ
2013-11,AN,AP,AX,BN,CA,CB,CC,CN,CT,DA,DT,EC,FB,FN,GS,HS,JN,JO,KC,LB,LX,MD,MP,MW,ND,NK,ER,SB,SN,SP,SS,TU,TY,UB,US,UZ,XU,XX,YM,ZA,ZB,ZC,ZD,ZF,ZG,ZI,ZK,ZL,ZM,ZN,ZO,ZP,ZR,ZS,ZT,ZU,ZW,ZZ
2013-12,AN,AP,AX,BN,CA,CB,CC,CN,CT,DA,DT,EC,FB,FN,GS,HS,JN,JO,KC,LB,LX,MD,MP,MW,ND,NK,ER,SB,SN,SP,SS,TU,TY,UB,US,UZ,XU,XX,YM,ZA,ZB,ZC,ZD,ZF,ZG,ZI,ZK,ZL,ZM,ZN,ZO,ZP,ZR,ZS,ZT,ZU,ZW,ZZ
2014-01,AN,AP,AX,BN,CA,CB,CC,CN,CT,DA,DT,EC,FB,FN,GS,HS,JN,JO,KC,LB,LX,MD,MP,MW,ND,NK,ER,SB,SN,SP,SS,TU,TY,UB,US,UZ,XU,XX,YM,ZA,ZB,ZC,ZD,ZF,ZG,ZI,ZK,ZL,ZM,ZN,ZO,ZP,ZR,ZS,ZT,ZU,ZW,ZZ
2014-02,AN,AP,AX,BN,CA,CB,CC,CN,CT,DA,DT,EC,FB,FN,GS,HS,JN,JO,KC,LB,LX,MD,MP,MW,ND,NK,ER,SB,SN,SP,SS,TU,TY,UB,US,UZ,XU,XX,YM,ZA,ZB,ZC,ZD,ZF,ZG,ZI,ZK,ZL,ZM,ZN,ZO,ZP,ZR,ZS,ZT,ZU,ZW,ZZ
2014-03,AN,AP,AX,BN,CA,CB,CC,CN,CT,DA,DT,EC,FB,FN,GS,HS,JN,JO,KC,LB,LX,MD,MP,MW,ND,NK,ER,SB,SN,SP,SS,TU,TY,UB,US,UZ,XU,XX,YM,ZA,ZB,ZC,ZD,ZF,ZG,ZI,ZK,ZL,ZM,ZN,ZO,ZP,ZR,ZS,ZT,ZU,ZW,ZZ
2014-04,AN,AP,AX,BN,CA,CB,CC,CN,CT,DA,DT,EC,FB,FN,GS,HS,JN,JO,KC,LB,LX,MD,MP,MW,ND,NK,ER,SB,SN,SP,SS,TU,TY,UB,US,UZ,XU,XX,YM,ZA,ZB,ZC,ZD,ZF,ZG,ZI,ZK,ZL,ZM,ZN,ZO,ZP,ZR,ZS,ZT,ZU,ZW,ZZ
2014-05,AN,AP,AX,BN,CA,CB,CC,CN,CT,DA,DT,EC,FB,FN,GS,HS,JN,JO,KC,LB,LX,MD,MP,MW,ND,NK,ER,SB,SN,SP,SS,TU,TY,UB,US,UZ,XU,XX,YM,ZA,ZB,ZC,ZD,ZF,ZG,ZI,ZK,ZL,ZM,ZN,ZO,ZP,ZR,ZS,ZT,ZU,ZW,ZZ
2014-06,AN,AP,AX,BN,CA,CB,CC,CN,CT,DA,DT,EC,FB,FN,GS,HS,JN,JO,KC,LB,LX,MD,MP,MW,ND,NK,ER,SB,SN,SP,SS,TU,TY,UB,US,UZ,XU,XX,YM,ZA,ZB,ZC,ZD,ZF,ZG,ZI,ZK,ZL,ZM,ZN,ZO,ZP,ZR,ZS,ZT,ZU,ZW,ZZ
2014-07,AN,AP,AX,BN,CA,CB,CC,CN,CT,DA,DT,EC,FB,FN,GS,HS,JN,JO,KC,LB,LX,MD,MP,MW,ND,NK,ER,SB,SN,SP,SS,TU,TY,UB,US,UZ,XU,XX,YM,ZA,ZB,ZC,ZD,ZF,ZG,ZI,ZK,ZL,ZM,ZN,ZO,ZP,ZR,ZS,ZT,ZU,ZW,ZZ
2014-08,AN,AP,AX,BN,CA,CB,CC,CN,CT,DA,DT,EC,FB,FN,GS,HS,JN,JO,KC,LB,LX,MD,MP,MW,ND,NK,ER,SB,SN,SP,SS,TU,TY,UB,US,UZ,XU,XX,YM,ZA,ZB,ZC,ZD,ZF,ZG,ZI,ZK,ZL,ZM,ZN,ZO,ZP,ZR,ZS,ZT,ZU,ZW,ZZ
2014-09,AN,AP,AX,BN,CA,CB,CC,CN,CT,DA,DT,EC,FB,FN,GS,HS,JN,JO,KC,LB,LX,MD,MP,MW,ND,NK,ER,SB,SN,SP,SS,TU,TY,UB,US,UZ,XU,XX,YM,ZA,ZB,ZC,ZD,ZF,ZG,ZI,ZK,ZL,ZM,ZN,ZO,ZP,ZR,ZS,ZT,ZU,ZW,ZZ
2014-10,AN,AP,AX,BN,CA,CB,CC,CN,CT,DA,DT,EC,FB,FN,GS,HS,JN,JO,KC,LB,LX,MD,MP,MW,ND,NK,ER,SB,SN,SP,SS,TU,TY,UB,US,UZ,XU,XX,YM,ZA,ZB,ZC,ZD,ZF,ZG,ZI,ZK,ZL,ZM,ZN,ZO,ZP,ZR,ZS,ZT,ZU,ZW,ZZ
2014-11,AN,AP,AX,BN,CA,CB,CC,CN,CT,DA,DT,EC,FB,FN,GS,HS,JN,JO,KC,LB,LX,MD,MP,MW,ND,NK,ER,SB,SN,SP,SS,TU,TY,UB,US,UZ,XU,XX,YM,ZA,ZB,ZC,ZD,ZF,ZG,ZI,ZK,ZL,ZM,ZN,ZO,ZP,ZR,ZS,ZT,ZU,ZW,ZZ
2014-12,AN,AP,AX,BN,CA,CB,CC,CN,CT,DA,DT,EC,FB,FN,GS,HS,JN,JO,KC,LB,LX,MD,MP,MW,ND,NK,ER,SB,SN,SP,SS,TU,TY,UB,US,UZ,XU,XX,YM,ZA,ZB,ZC,ZD,ZF,ZG,ZI,ZK,ZL,ZM,ZN,ZO,ZP,ZR,ZS,ZT,ZU,ZW,ZZ
