band,cost_bps,correlation,months,hac_lags,alpha_monthly,alpha_ann,alpha_se_ann,alpha_ci_low_ann,alpha_ci_high_ann,alpha_t,alpha_p,r_squared,beta_STATIC
0.0,0,0.0899896268886888,468,3,0.009019252079457684,0.10823102495349221,0.015480839677230953,0.07781012665333138,0.138651923253653,6.991289052148585,9.487574966988526e-12,0.00809813294756534,0.0780161579651472
0.0,0,0.0899896268886888,468,6,0.009019252079457684,0.10823102495349221,0.0150422499322935,0.07867198520263602,0.1377900647043484,7.195135398005593,2.5094978978875012e-12,0.00809813294756534,0.0780161579651472
0.0,0,0.0899896268886888,468,12,0.009019252079457684,0.10823102495349221,0.013974424999523598,0.08077033350669774,0.13569171640028665,7.744935835083154,6.016745218849606e-14,0.00809813294756534,0.0780161579651472
0.0,5,0.09023444717823538,468,3,0.008713944926474138,0.10456733911768966,0.015479446224989724,0.07414917904554491,0.1349854991898344,6.755237726067883,4.264547812161048e-11,0.008142255457561864,0.07815654724514712
0.0,5,0.09023444717823538,468,6,0.008713944926474138,0.10456733911768966,0.015038155926443558,0.07501634436556726,0.13411833386981206,6.953468206418529,1.2103354148679996e-11,0.008142255457561864,0.07815654724514712
0.0,5,0.09023444717823538,468,12,0.008713944926474138,0.10456733911768966,0.013973364333749932,0.07710873195096682,0.1320259462844125,7.483333048514857,3.6432229097138523e-13,0.008142255457561864,0.07815654724514712
0.0,10,0.09048742796279018,468,3,0.008408746850961105,0.10090496221153326,0.015479657473940985,0.0704863870208939,0.13132353740217262,6.518552647653885,1.8478795210415943e-10,0.008187974619321192,0.07830713352038761
0.0,10,0.09048742796279018,468,6,0.008408746850961105,0.10090496221153326,0.0150360663991902,0.07135807352196272,0.1304518509011038,6.710861706288269,5.6315030161968096e-11,0.008187974619321192,0.07830713352038761
0.0,10,0.09048742796279018,468,12,0.008408746850961105,0.10090496221153326,0.013974836012936984,0.07344346309554842,0.1283664613275181,7.220475583264239,2.122757993812181e-12,0.008187974619321192,0.07830713352038761
0.1,0,0.1453106472130662,468,3,0.0086870119043269,0.1042441428519228,0.015153642998406214,0.0744662081828186,0.134022077521027,6.879147335257052,1.9472300120515586e-11,0.02111518419348013,0.12581379081221086
0.1,0,0.1453106472130662,468,6,0.0086870119043269,0.1042441428519228,0.014841907860590262,0.07507878883876541,0.1334094968650802,7.023634955228526,7.69770952258793e-12,0.02111518419348013,0.12581379081221086
0.1,0,0.1453106472130662,468,12,0.0086870119043269,0.1042441428519228,0.013777116077794558,0.07717117679772843,0.13131710890611714,7.566470534420453,2.0658817822631323e-13,0.02111518419348013,0.12581379081221086
0.1,5,0.1455582834126129,468,3,0.0084268664643375,0.10112239757205001,0.015161034070737323,0.07132993894530516,0.13091485619879484,6.66988789156729,7.270491194774992e-11,0.021187213870026755,0.12595246766898732
0.1,5,0.1455582834126129,468,6,0.0084268664643375,0.10112239757205001,0.014849642420686874,0.0719418446245324,0.1303029505195676,6.809753036960507,3.024687741770529e-11,0.021187213870026755,0.12595246766898732
0.1,5,0.1455582834126129,468,12,0.0084268664643375,0.10112239757205001,0.013791142989029684,0.07402186768740163,0.1282229274566984,7.332416004423196,1.0080440543746246e-12,0.021187213870026755,0.12595246766898732
0.1,10,0.1458055534074485,468,3,0.008166219275769288,0.09799463130923146,0.015169541546275617,0.06818545491694304,0.1278038077015199,6.459959980352263,2.6396504591865337e-10,0.02125925940445239,0.12609436722511935
0.1,10,0.1458055534074485,468,6,0.008166219275769288,0.09799463130923146,0.014858799704683033,0.06879608367854673,0.1271931789399162,6.595057020544304,1.1555651571364077e-10,0.02125925940445239,0.12609436722511935
0.1,10,0.1458055534074485,468,12,0.008166219275769288,0.09799463130923146,0.013806908805644835,0.07086312052730177,0.12512614209116113,7.097506957470973,4.762060623038534e-12,0.02125925940445239,0.12609436722511935
