model,band,cost_bps,strategy,months,mean_monthly,std_monthly,mean_ann,vol_ann,zero_rate_mean_vol_ratio,sharpe,cagr,cumulative_return,max_drawdown,worst_month,best_month,turnover_ann,mean_cost_ann,cost_cash_per_initial_capital,avg_gross_exposure,realized_predicted_ratio,rms_forecast_vol,calibration_months,max_gross_after_cost,max_forecast_after_cost,gross_breaches,risk_breaches
correlated,0.0,0,trend,468,0.009384730572425951,0.03029555257503842,0.11261676686911141,0.10494687260668134,1.0730835905056,1.0730835905056,0.11257777732613072,63.1039604746113,-0.16280755888075016,-0.1259602738381579,0.12647539300294375,7.356884901687166,0.0,0.0,2.5289781356431598,1.2530492482826128,0.08405693756714118,467,3.0,0.1,0,0
correlated,0.0,0,static,468,0.004684651263287549,0.03494513884972772,0.05621581515945058,0.12105351193055489,0.46438813928587275,0.46438813928587275,0.049936442822457794,5.688941470540428,-0.5747102867646694,-0.17524844036186255,0.11988275145152169,1.4885674923014898,0.0,0.0,2.3671109404037147,1.395206594344978,0.08995236338828076,467,3.0,0.1,0,0
correlated,0.0,5,trend,468,0.009075206152910712,0.030268172239485257,0.10890247383492854,0.10485202434206863,1.0386301506172715,1.0386301506172715,0.1084977958444251,54.546733124655916,-0.1634143902851133,-0.12612909912830036,0.1260603466991888,7.355175329679337,0.00367758766483967,2.558353079775408,2.5282729996575153,1.2530492482826128,0.0840367814794265,467,3.000000000000001,0.10000000000000003,0,0
correlated,0.0,5,static,468,0.00462227720095454,0.03494565567947538,0.05546732641145448,0.1210553022813185,0.4581982396983722,0.4581982396983722,0.04915324971182655,5.497080936961847,-0.5760384527517772,-0.1753576239884726,0.11977942950541118,1.4884671067443624,0.0007442335533721814,0.07859494167460213,2.3669748590476347,1.395206594344978,0.08994763749263938,467,3.0000000000000013,0.10000000000000002,0,0
correlated,0.0,10,trend,468,0.008765820435479249,0.03024233080055884,0.10518984522575098,0.10476250697174613,1.0040791144308918,1.0040791144308918,0.10443275316328204,47.13176945704903,-0.16635711210648163,-0.12629790821290654,0.12564551781248962,7.353533189746934,0.007353533189746935,4.595619459368189,2.5275682617467083,1.2530492482826128,0.08401663808911433,467,3.000000000000001,0.10000000000000003,0,0
correlated,0.0,10,static,468,0.004559911319256504,0.034946378531784256,0.05471893583107805,0.12105780631516919,0.45200666934786077,0.45200666934786077,0.048370599869571373,5.310713972327472,-0.5773625831777642,-0.17546706615876975,0.1196762220516399,1.4883691178583933,0.0014883691178583934,0.1542084933686887,2.3668387943960365,1.395206594344978,0.08994291241752006,467,3.0000000000000013,0.10000000000000003,0,0
correlated,0.1,0,trend,468,0.00929251633609237,0.029618984822598844,0.11151019603310844,0.10260317316270529,1.0868104035757125,1.0868104035757125,0.11163758040537508,61.024831093103884,-0.15745046550165387,-0.11318112348400693,0.1328081426674787,6.35900302420138,0.0,0.0,2.4449736568259812,1.2609477524360502,0.08155869916808171,467,3.0000000000000004,0.10000000000000002,0,0
correlated,0.1,0,static,468,0.004812703185052622,0.03420891959920267,0.05775243822063147,0.11850317363571555,0.4873492957932522,0.4873492957932522,0.05187159653634632,6.186979336234755,-0.5589182975363239,-0.17066779429510687,0.12179694773929824,0.7247535845662374,0.0,0.0,2.2822222322002697,1.4058022360438038,0.08746910655437118,467,3.0000000000000004,0.1,0,0
correlated,0.1,5,trend,468,0.009029249375531817,0.02960446977662117,0.1083509925063818,0.10255289156849023,1.0565376641186104,1.0565376641186104,0.10816560865139091,53.90122680669384,-0.15824191829717493,-0.11336512812394565,0.13244711850801227,6.361097603968879,0.00318054880198444,2.215081409993392,2.445777205513816,1.2609340069287076,0.08157285226461432,467,3.000000000000001,0.10000000000000003,0,0
correlated,0.1,5,static,468,0.004782620954894055,0.034212714381669763,0.05739145145872866,0.1185163191477889,0.4842493579906239,0.4842493579906239,0.051491603730563495,6.086414585799887,-0.5594969138615282,-0.17076989789068212,0.12175225493725103,0.7249055628642516,0.0003624527814321258,0.04256265685934493,2.2822985496516983,1.4058011966105848,0.08747086207227037,467,3.000000000000001,0.10000000000000002,0,0
correlated,0.1,10,trend,468,0.008765486293590006,0.029591010060381815,0.10518583552308007,0.10250626574372619,1.026140546237954,1.026140546237954,0.1046966477230502,47.582337697003794,-0.16168968781028203,-0.11354916551157103,0.13208611450168592,6.363404952574191,0.006363404952574189,4.045635248088779,2.446541993113216,1.2609225494606395,0.0815860341831818,467,3.0000000000000004,0.10000000000000002,0,0
correlated,0.1,10,static,468,0.004752528055046538,0.03421670366953427,0.057030336660558456,0.1185301384463236,0.48114629247973634,0.48114629247973634,0.05111151424814331,5.987196348880875,-0.560074965481496,-0.17087229943946744,0.12170760459954628,0.7250589023711471,0.0007250589023711472,0.08434785944730139,2.2823745941593057,1.4058001091279126,0.08747260930876136,467,3.000000000000001,0.10000000000000003,0,0
