run,month,instrument,exposure
correlated_band00_0bps_trend,1997-03,DT,0.14393513002814085
correlated_band00_0bps_trend,1997-03,GS,0.11244246186146349
correlated_band00_0bps_trend,1997-03,LX,0.07154857671928651
correlated_band00_0bps_static,1997-03,DT,0.14393513002814085
correlated_band00_0bps_static,1997-03,GS,0.11244246186146349
correlated_band00_0bps_static,1997-03,LX,0.07154857671928651
correlated_band00_5bps_trend,1997-03,DT,0.14388620227071736
correlated_band00_5bps_trend,1997-03,GS,0.11240423938237182
correlated_band00_5bps_trend,1997-03,LX,0.07152425526694174
correlated_band00_5bps_static,1997-03,DT,0.14391940232586675
correlated_band00_5bps_static,1997-03,GS,0.11243017534348294
correlated_band00_5bps_static,1997-03,LX,0.07154075865074024
correlated_band00_10bps_trend,1997-03,DT,0.1438372909371671
correlated_band00_10bps_trend,1997-03,GS,0.11236602973364851
correlated_band00_10bps_trend,1997-03,LX,0.07149994197872447
correlated_band00_10bps_static,1997-03,DT,0.14390370364006355
correlated_band00_10bps_static,1997-03,GS,0.11241791149323765
correlated_band00_10bps_static,1997-03,LX,0.07153295500596386
correlated_band10_0bps_trend,1997-03,DT,0.14259770713931016
correlated_band10_0bps_trend,1997-03,GS,0.10119821567531714
correlated_band10_0bps_trend,1997-03,LX,0.06439371904735786
correlated_band10_0bps_static,1997-03,DT,0.14274591962725006
correlated_band10_0bps_static,1997-03,GS,0.10119821567531714
correlated_band10_0bps_static,1997-03,LX,0.06439371904735786
correlated_band10_5bps_trend,1997-03,DT,0.14277872985214396
correlated_band10_5bps_trend,1997-03,GS,0.10119821567531714
correlated_band10_5bps_trend,1997-03,LX,0.06439371904735786
correlated_band10_5bps_static,1997-03,DT,0.14275161475830958
correlated_band10_5bps_static,1997-03,GS,0.10119821567531714
correlated_band10_5bps_static,1997-03,LX,0.06439371904735786
correlated_band10_10bps_trend,1997-03,DT,0.142960630341428
correlated_band10_10bps_trend,1997-03,GS,0.10119821567531714
correlated_band10_10bps_trend,1997-03,LX,0.06439371904735786
correlated_band10_10bps_static,1997-03,DT,0.14275731512335843
correlated_band10_10bps_static,1997-03,GS,0.10119821567531714
correlated_band10_10bps_static,1997-03,LX,0.06439371904735786
