asset_class,lag,matched_months,hac_lags,rho,se,ci_low,ci_high,p_approx
COMM,1,467,1,0.010506220030073322,0.04995048985637069,-0.08765042474413956,0.10866286480428619,0.8335001677274368
COMM,2,466,2,0.058148710652771426,0.04528300986188383,-0.030836468941218415,0.14713389024676127,0.19974161250324768
COMM,3,465,3,0.03247957912224836,0.05313466401069502,-0.07193539550270528,0.136894553747202,0.5413214242729543
COMM,4,464,4,0.035493721125224344,0.04950219845214841,-0.06178364408480095,0.13277108633524964,0.4737283880866719
COMM,5,463,5,-0.0011755485893417076,0.050147858778272145,-0.09972227012097376,0.09737117294229033,0.9813081247092164
COMM,6,462,6,0.06482274442807234,0.048483047745038456,-0.03045296347215179,0.16009845232829648,0.18187731919880973
COMM,7,461,7,0.05149424752367317,0.044461539611736274,-0.03587915830233081,0.13886765334967716,0.24739485146142706
COMM,8,460,8,-0.03645311876833479,0.0462693748351231,-0.12737970915846442,0.05447347162179485,0.43119462988596663
COMM,9,459,9,-0.021563167384541358,0.04659700537297118,-0.11313413413664494,0.07000779936756224,0.6437576371395362
COMM,10,458,10,0.038599207627272925,0.052252028309500244,-0.06408542994884696,0.14128384520339282,0.4604618531939863
COMM,11,457,11,0.07502488172693017,0.05368489213174306,-0.030476208116712464,0.18052597157057282,0.16294292297386317
COMM,12,456,12,-0.03676756273784948,0.0471708742734676,-0.1294679050828526,0.05593277960715365,0.4361179941243501
EQ,1,355,1,-0.010757441238556847,0.056634450743141836,-0.12214081244828917,0.10062592997117548,0.8494612618893543
EQ,2,354,2,-0.028219733728630948,0.05335633706951326,-0.13315704137307136,0.07671757391580945,0.5972137878667153
EQ,3,353,3,-0.024560557318515714,0.05646552854027838,-0.13561388492167117,0.08649277028463975,0.6638547742451926
EQ,4,352,4,-0.027355434933338654,0.054006343791601574,-0.1335732218352833,0.078862351968606,0.6128087379971714
EQ,5,351,5,-0.00694832944832943,0.05293189972499085,-0.11105397237760946,0.0971573134809506,0.8956379736632059
EQ,6,350,6,-0.0059521885309851,0.06044648808078985,-0.12483859655671901,0.11293421949474881,0.9216154861473438
EQ,7,349,7,0.034355724307310126,0.051960519970675974,-0.06784147359299776,0.136552922207618,0.5089298729403282
EQ,8,348,8,0.03320997486608009,0.057333725142868594,-0.07955651259259605,0.14597646232475625,0.562804303085661
EQ,9,347,9,-0.040673238367073476,0.0440029153524531,-0.12722098445936655,0.04587450772521961,0.35596029421922265
EQ,10,346,10,-0.0015042952445584509,0.06789194751258465,-0.13503988300038983,0.13203129251127294,0.9823354076688987
EQ,11,345,11,0.007962442357259307,0.05850833536061375,-0.10711785296625025,0.12304273768076886,0.8918293884053089
EQ,12,344,12,-0.01913025790989515,0.0548862664621103,-0.12708740811262617,0.08882689229283589,0.7276464233582766
FI,1,406,1,0.07043398077880839,0.05682161829467542,-0.04126898362963609,0.18213694518725287,0.2158565983592266
FI,2,405,2,-0.002168607665364232,0.057898121140506464,-0.11598866732187488,0.1116514519911464,0.9701403043255219
FI,3,404,3,-0.032394372605167865,0.048632984350262504,-0.1280011133252103,0.06321236811487457,0.5057300023825528
FI,4,403,4,0.01600179091276781,0.050407168647385474,-0.0830935341659176,0.11509711599145321,0.7510668697314202
FI,5,402,5,-0.03363937476777669,0.05917281967206431,-0.14996795134477908,0.0826892018092257,0.5700187998474056
FI,6,401,6,-0.03487587002642649,0.04983626945133467,-0.1328503524676733,0.06309861241482032,0.48445438901328414
FI,7,400,7,0.03217388858680367,0.058626734595454116,-0.08308289027092315,0.14743066744453048,0.5834558605862433
FI,8,399,8,-0.02283730683492652,0.05432844867878697,-0.12964472406490213,0.0839701103950491,0.674452599512684
FI,9,398,9,-0.010363268778505475,0.055245645686957376,-0.11897469493627763,0.09824815737926668,0.8512978597013898
FI,10,397,10,0.005665492564724239,0.05533097990623963,-0.10311454254855654,0.114445527678005,0.9184968780744676
FI,11,396,11,0.08918036018122105,0.04661460081170533,-0.0024640942441911118,0.18082481460663322,0.05645437933619816
FI,12,395,12,-0.0029368412649270915,0.05841119456773324,-0.11777433710416504,0.11190065457431086,0.9599258088716859
FX,1,441,1,0.08148182349863023,0.05086749216875392,-0.01849225376086508,0.18145590075812554,0.10990922862476053
FX,2,440,2,0.04051669124887479,0.048918460901033835,-0.05562740094378289,0.13666078344153249,0.40798028345605303
FX,3,439,3,0.07211240876326533,0.047891566225547445,-0.02201402670312823,0.1662388442296589,0.13285551495482195
FX,4,438,4,-0.0001478806264168797,0.048058275151910766,-0.09460256867417924,0.09430680742134548,0.9975462322473402
FX,5,437,5,0.017063253891267498,0.05368019521149342,-0.08844154256246306,0.12256805034499807,0.7507370693062476
FX,6,436,6,-0.007347702295641148,0.05065262401786234,-0.10690265212527042,0.09220724753398812,0.8847303327201792
FX,7,435,7,0.004805543366227495,0.04363669895444585,-0.08096054507149747,0.09057163180395245,0.9123603205177458
FX,8,434,8,0.024638028470359504,0.051507726839082384,-0.07659888961034653,0.12587494655106554,0.6326526623209389
FX,9,433,9,0.10535162934030547,0.05066197712607227,0.005776358323576827,0.2049269003570341,0.03816192946163464
FX,10,432,10,0.012565439415291764,0.04230135469578748,-0.07057771213758735,0.09570859096817089,0.7665749863569145
FX,11,431,11,0.14491642535537214,0.05506223904006149,0.03669109219068742,0.2531417585200568,0.008797902948219818
FX,12,430,12,0.0026790993499027638,0.047431631792028354,-0.09054882188665084,0.09590702058645637,0.9549830858416916
