month,COMM,EQ,FI,FX
1976-01,-0.0165391543262919,,,
1976-02,0.03942517997414318,,,
1976-03,-0.032625284116768606,,,
1976-04,0.042330751760147896,,,
1976-05,0.062405081844499485,,,
1976-06,0.06139684859259118,,,
1976-07,-0.07564891183132383,,,
1976-08,-0.006262353051206098,,,
1976-09,-0.031372367363644994,,,
1976-10,0.0017116624318970384,,,
1976-11,-0.009119033968010573,,,
1976-12,0.01346309852518608,,,
1977-01,0.06964468692822895,,,
1977-02,0.04207666614537067,,,
1977-03,0.05006417554597073,,,
1977-04,0.020632343477671494,,,
1977-05,-0.02002824383433817,,,
1977-06,-0.07411941296447931,,,
1977-07,-0.07808336584423782,,,
1977-08,-0.027514083737410846,,,
1977-09,0.025504876384500615,,,
1977-10,0.029972988080994925,,,
1977-11,0.05058043801150362,,,
1977-12,0.02874292063059339,,,
1978-01,0.011232679378571838,,,
1978-02,0.00743242276303319,,,
1978-03,0.07133357487576804,,,0.0045951462432007
1978-04,-0.00768522769783188,,,-0.03772059527482
1978-05,0.052220604547125175,,,-0.0070140723626757
1978-06,-0.06524970402787872,,,0.001374872671205
1978-07,0.006462141221147406,,,0.0168037798777098
1978-08,0.03848448659613162,,,0.0133061452086395
1978-09,0.03950634740639512,,,0.024110230528116
1978-10,0.07190748767218126,,,0.1042164929988516
1978-11,-0.050645150954498175,,,-0.0976771035594846
1978-12,0.007763228650743132,,,0.0557168160308774
1979-01,0.02425945262564096,,,-0.0403509738422319
1979-02,0.034681844011520975,,,0.015635117297436465
1979-03,-0.022845148265345158,,,-0.006494826326092566
1979-04,0.02223153457654492,,,-0.0142772361569259
1979-05,0.007568272637635749,,,-0.008878909874321
1979-06,0.04364673135620799,,,0.04217152727840137
1979-07,-0.02920893468728156,,,0.005467940766804433
1979-08,0.08218703391640429,,,0.005122701229110633
1979-09,0.07929247316462548,,,0.022229490141281765
1979-10,-0.03776281449970308,,,-0.049041769648111196
1979-11,0.057428306898571146,,,0.037478845033963766
1979-12,0.04184370565334324,,,0.0015717451648978994
1980-01,0.054593451524920844,,,-0.008901907260476368
1980-02,-0.022101599459064515,,,-0.02563357987001136
1980-03,-0.14542371329514628,,,-0.0734046738420749
1980-04,-0.01297114976211923,,,0.0700001979147682
1980-05,0.05094817281293346,,,0.014814115242426101
1980-06,0.05885749315053721,,,0.008424739747991532
1980-07,0.036325838039347094,,,-0.014169891485982399
1980-08,0.006242795010869756,,,0.015610243329815733
1980-09,0.02727208381199934,,,-0.007247385041279066
1980-10,0.008335735752631947,,,-0.025109788621361
1980-11,-0.017250518048883078,,,-0.02067133955251277
1980-12,-0.09395543777186159,,,-0.019331739190647432
1981-01,-0.05169573075101749,,,-0.06101612216405617
1981-02,-0.02916575263312847,,-0.0613218075843783,-0.0262452594004966
1981-03,0.0037389728346552352,,0.0165800400171172,0.0051630962699344
1981-04,-0.03736577240025519,,-0.0773531978953441,-0.034715055983220625
1981-05,-0.019935119072797963,,0.0443446578118087,-0.03208077995577258
1981-06,-0.10090923087307677,,-0.021841997257884,-0.025799195288588116
1981-07,0.028893585240543057,,-0.0519420635257853,-0.04522347632624666
1981-08,-0.061506787236150356,,-0.0602316555123735,0.00901772500972826
1981-09,-0.01411059159902756,,-0.0386266815444819,0.016117925664797757
1981-10,0.0006658963150778926,,0.0479910393426747,0.0321283901021044
1981-11,-0.02865213376892422,,0.1176706943960341,0.0321656625366436
1981-12,-0.04684063262701044,,-0.0566665463514407,-0.013809750109819602
1982-01,0.04524076087161561,,-0.0191824109535646,-0.026358101235133262
1982-02,-0.04723532097847913,,0.0045507766072709,-0.03616605942413128
1982-03,-0.019795175837972946,,0.0081381344374036,-0.01589615036341794
1982-04,-0.0011658905163230337,,0.0201818700099383,0.015349099071305322
1982-05,-0.0325179964104959,,-0.0048698855000456,-0.02522492143517886
1982-06,-0.024406517259909884,,-0.0381379084253087,-0.04286842992432248
1982-07,-0.0073502138671917286,,0.0350157161251229,-0.00223429246920106
1982-08,0.0023109924572013484,,0.0660217856952289,-0.008107271538988159
1982-09,-0.04104785166298802,,0.0661040566366484,-0.019357670339436618
1982-10,0.02877848530765848,,0.076957025851025,-0.01550348229723264
1982-11,0.04014978616300819,,-0.0165314717020613,0.03055545823323308
1982-12,-0.017313306157335343,,0.023372079228904,0.03420302305939264
1983-01,0.049010142732055215,,-0.0428222778318196,-0.033523152869543604
1983-02,-0.05592745999219446,,0.0560463814288096,-0.00436495672547344
1983-03,0.04228039478826559,,-0.0093723982565258,-0.0049852823296832795
1983-04,0.007552409626458915,,0.0390785703544862,0.01040378648264052
1983-05,0.03841292128224374,,-0.0544007523677022,-0.00848967781538872
1983-06,-0.023465687456940724,,0.0050633909205299,-0.01136120147511082
1983-07,0.0375075501405366,,-0.060453334301194,-0.02055476989731442
1983-08,0.04465259114339122,,-0.0019084155887981,-0.01180271679372704
1983-09,-0.02191149807565124,,0.0505642770456156,0.015021796118605522
1983-10,-0.0453376061531338,,-0.0279327645403837,-0.00640042720657
1983-11,0.013529331177071594,,0.013304994186525,-0.00813899868719516
1983-12,0.0003517425325416616,,-0.0145120247834223,-0.00537154978565556
1984-01,-0.03566684302792987,,0.0111555349068517,-0.02732611828876772
1984-02,0.011647590511896011,,-0.0274530207900558,0.03270001907696592
1984-03,0.03452193917722605,,-0.0293174593457524,0.00021306803815272085
1984-04,-0.03581494877966209,,-0.0231243987542073,-0.03137336977416718
1984-05,0.011390423741476897,,-0.0708563248369056,-0.01243770457664058
1984-06,-0.053857942681432174,,0.0026272528390995,-0.02642200349320678
1984-07,-0.09360476698319005,,0.0817612210575582,-0.03831001400086236
1984-08,0.02545484403659899,,0.021175543234039,0.01003876717812146
1984-09,-0.034854004025515396,,0.031654491803845,-0.043892102520864694
1984-10,0.021540636019611155,,0.052998546300911,0.00397413263847962
1984-11,-0.007135773235674994,,0.0131546075440953,-0.023658859723113882
1984-12,-0.03900345598568201,,0.002203964161626,-0.01779297124137994
1985-01,0.009860571388779,,0.0299032157558354,-0.017496517981251618
1985-02,-0.054595458609812894,,-0.0592072144461792,-0.0451191995270113
1985-03,0.03634415580149389,,0.0271638619361402,0.0801710979529056
1985-04,-0.03194109786004669,,0.0147915578798381,-0.01057447486008096
1985-05,-0.02262064137943125,0.0486851692389216,0.0949526465032597,0.02085085848877728
1985-06,-0.02129272332494413,0.00161066195048,0.0085886685178677,0.0080042504094431
1985-07,-0.016396186681631137,-0.011887119659467,-0.0243305649049697,0.0677682594665027
1985-08,-0.007442362359472806,-0.0180292296891951,0.0256561063009987,-0.013063753533181122
1985-09,0.02144958013120861,-0.0360055893153089,-0.0057542757362973,0.04017292534395046
1985-10,0.030559616501550434,0.0352941176470589,0.0388589288745009,0.02132329392896486
1985-11,0.0017315211712469272,0.069484240687679,0.0402381298803808,0.027117386412403938
1985-12,0.02594609605732766,0.0354076599890398,0.0586180411051409,0.0013226713800425214
1986-01,-0.034264899999616356,0.0028227822047106,-0.0007333403669947,0.007058985003903321
1986-02,0.0005291008158746612,0.0607828764110833,0.0911417155148226,0.04529527949088638
1986-03,0.02987253504999522,0.0536790314555808,0.06595453785694615,-0.00492955153923626
1986-04,0.007452296665218181,-0.0257082896117524,-0.0100689623852207,0.0492607305731737
1986-05,-0.05029910691090422,0.0543080236941304,-0.05733006459569865,-0.03817248612256234
1986-06,-0.005172713270015919,0.0118241949076793,0.057830056765554354,0.05095664059053967
1986-07,0.008675537583082059,-0.0646138313982835,-0.00601065183009715,0.02860197679969396
1986-08,0.049402385165830884,0.070777118186724,0.03997364555914535,0.008936372768553
1986-09,0.009103222856768744,-0.0915001385983922,-0.03823919395271415,-0.00766066578429706
1986-10,0.013912954404056843,0.0611339176744702,0.0156235061368719,-0.027634637429966143
1986-11,0.0018920488696412593,0.0161543287327479,0.01220800254631855,0.024862323480911462
1986-12,-0.022313702968543923,-0.0302001337654987,-0.0020907316682298,0.02249911461911658
1987-01,0.03985727683670038,0.1321485411140583,0.011873107291224101,0.0344095366468028
1987-02,-0.01191841381679339,0.0343001733751933,0.011541336787931601,0.0074425815238938
1987-03,0.01913938018450821,0.0211570697231913,-0.017766053851251448,0.02921053377794782
1987-04,0.0778114721683866,-0.0061668145519078,-0.04974843764715815,0.0175366854101014
1987-05,0.000944710140901739,0.0,-0.01219031374175915,-0.019849355074309558
1987-06,-0.004201189095238857,0.0425650640596402,0.0066574746831552,-0.00667364549844158
1987-07,0.014285043647299515,0.0548502429938555,-0.0166089707537467,-0.01609505034858992
1987-08,0.0014685308326782126,0.0332650037547441,-0.0218594933153803,0.026779565179344777
1987-09,0.005859885326553076,-0.0233549400903556,-0.046412946465777344,-0.01413591912634556
1987-10,-0.008576505637565799,-0.2040787594778865,0.060003695357920994,0.05037296239850046
1987-11,0.05355448179013659,-0.1054480214282105,-0.0004512274196108,0.04642621929202736
1987-12,-0.008261940317549996,0.0600265529222339,0.013618959895467651,0.043518476286351436
1988-01,0.004347269000090662,0.0417310664605874,0.0564448266248802,-0.0498959756051386
1988-02,-0.01270035952673625,0.0398802824107233,0.0074379199817331005,-0.0023517099950823004
1988-03,0.02061172492698817,-0.0362106713241986,-0.0308577478261635,0.02991446655208498
1988-04,0.009637455049674259,0.0075295438883073,-0.0198320601322814,-0.00976530042765036
1988-05,0.06258701937691327,0.0074479404164766,-0.02202772181408065,-0.01908219518393116
1988-06,0.10218021067790488,0.0404848119090726,0.0375120048833198,-0.0414283149814212
1988-07,-0.058124752889838954,-0.0078060805258832,-0.022905488158487253,-0.015974985635717483
1988-08,-0.006123131977763446,-0.0426257459505541,-0.00248680211757515,-0.01534486352332912
1988-09,-0.031412937149071535,0.0385955985243608,0.0333256874676266,0.008830157140915501
1988-10,0.02270619579410664,0.0180539904953209,0.02308544844966415,0.03702633432352608
1988-11,0.002013267158744118,-0.0216800211747154,-0.028597338923650448,0.03720660822186748
1988-12,0.0377337257747151,0.0159870136258546,0.0035049501154545,-0.022637856967870802
1989-01,-0.029325478382775706,0.0654352667764113,0.014522648580250801,-0.03941492903841402
1989-02,0.01233476234493635,-0.0304696553134444,-0.0237802137173519,0.01307790707449318
1989-03,0.012435189556118722,0.0154206702601358,0.0014102954151499999,-0.035304486498485374
1989-04,-0.006008916232096325,0.0459979689807976,0.01925172366680045,-0.00205276706126458
1989-05,-0.03083644863326378,0.0317733501026016,0.02964086773639005,-0.046720789698756995
1989-06,0.016600535969378466,-0.0141784820683903,0.0408359288180418,0.0062687226962725206
1989-07,-0.047756424921878655,0.0843854397153889,0.0206206726912718,0.0438726815331826
1989-08,-0.006622482731121845,0.0100424101784428,-0.0334458232611279,-0.044230826789924196
1989-09,0.011968951950092795,-0.0110714993067934,-0.0041794751988452495,0.03532420153261886
1989-10,-0.015248487835173753,-0.0267969798321683,0.030422872329080197,-0.005525581945353639
1989-11,0.013383594039884693,0.0126767229847919,0.0031290619124245,0.01113121828907938
1989-12,0.007985872239833295,0.0124367493751142,-0.008123971670391451,0.02144158697223348
1990-01,0.009452285500755681,-0.0725396920977098,-0.0361158244312877,0.01110314481761068
1990-02,0.006163020681312634,0.0074231177094379,-0.0083521769685354,-0.007478132480086141
1990-03,0.008638855915149042,0.0136412459720731,-0.0115847782643185,-0.00784495098658292
1990-04,0.012948747886448325,-0.027381583130232,-0.028127015967515247,0.00878981278722124
1990-05,-0.011161348341444074,0.0892728738587582,0.0372952891080269,0.01404632310624126
1990-06,-0.016948330066757136,-0.0125425085017003,0.0146299858093386,0.01849700279646198
1990-07,-0.014915620525541276,-0.0103518829892834,0.00456021412424675,0.04519852602031258
1990-08,-0.0038725014135957757,-0.1005281257676246,-0.0449216945713351,0.013120040208806177
1990-09,0.021645526876841802,-0.059352313329237,0.0046573482967736,0.01190379867386918
1990-10,-0.03632511593429602,0.0001693562044855,0.015559864657929749,0.029751129133648864
1990-11,-0.0382570495239163,0.0562167392356072,0.03104575814300355,0.00164474329524318
1990-12,-0.014851534306717084,0.012596189080249,0.0123616271402059,4.7699626998280036e-05
1991-01,-0.01771650976535803,0.0423395304654634,0.0064243580043507505,0.014734295395183
1991-02,0.01249991355017518,0.0642711452501845,-0.00229671487325405,-0.016786681733739716
1991-03,0.014915993931593756,0.0169629750448541,-0.00032711114995515,-0.05866017377130619
1991-04,-0.006512467819657006,-0.0009422614274259,0.00759975608272705,0.011267174491691618
1991-05,0.003004799828599899,0.0367226536632352,-0.0046675238929678,-0.013804140733205001
1991-06,-0.02683962699954828,-0.0518165805315216,-0.01152200758450025,-0.016285960440242848
1991-07,0.027414810822220387,0.0433797411505327,0.0114765954450567,0.020353849723331766
1991-08,-0.017703729107461482,0.0184109095889337,0.028878823118028002,0.004765237074222784
1991-09,0.01840820510742481,-0.0201529239990778,0.026467099085632897,0.0356620581221251
1991-10,0.020410432419305083,0.0076858224026039,0.0008900763146203,-0.0014930644952393162
1991-11,-0.020605069523690747,-0.0447514349644908,0.0021311665846694,0.014605128558649818
1991-12,-0.025930045081726978,0.108870557083206,0.05225297212392775,0.03130142726405034
1992-01,0.02100481377221594,-0.0229610580455547,-0.035228106787041455,-0.02926675740763135
1992-02,-0.01684402550459017,0.0091934574168075,0.003228035437477267,-0.013607162822734267
1992-03,-0.00549705476036003,-0.0230257642653551,-0.0128403693021557,-0.0020037591691998004
1992-04,-0.02663920037456685,0.0262189424708731,-0.00018836547240139978,0.0009863127865661501
1992-05,0.009614360544386536,0.0002415548701177,0.02150540770477807,0.024679901631974633
1992-06,0.005168385485815529,-0.0151957050770001,0.013946788198185968,0.03040610607347463
1992-07,-0.0209612864352449,0.03516118687869,0.031567725459652134,0.017219801714235334
1992-08,-0.013105945692527099,-0.0229968839404486,0.008236121593057833,0.023666588512713433
1992-09,0.0010563851657612,0.0097733843140912,0.014487861083751401,-0.018139064934416037
1992-10,-0.004822716243537716,-0.001311439073496,-0.022321958175160233,-0.05467358530428212
1992-11,0.022851183820180383,0.0314788784493602,-0.004425097401127933,-0.025499780186089328
1992-12,0.00019811426669561657,0.0142729065805986,0.020237455983514917,-0.0007581443465261491
1993-01,-0.011834031429117042,0.0013612417353179,0.01694618956023372,-0.0033985641900944
1993-02,0.012467218922882453,0.01632815950047975,0.023884422598014737,0.003229748820325933
1993-03,0.03409653211436189,0.00990441431701055,0.0017942971040310202,0.02631759419878255
1993-04,-0.001201121286963568,-0.029542215187599648,-0.0022434976908369203,0.02201004454275368
1993-05,-0.00981424825466655,0.01784205091633735,-0.00267135001118646,0.0031130087372240006
1993-06,0.0021471626190154715,0.00915296560295745,0.02924072099364622,-0.03347144985132477
1993-07,0.03806321819568866,0.0013026775274926502,0.00738558391184176,0.005825155433326166
1993-08,-0.017843518374472764,0.044705700787864,0.028130542890894984,0.005382957176322502
1993-09,-0.004104733176407144,-0.0177112568652408,0.0017066251598326404,0.001727574791157118
1993-10,0.023918686170104845,0.0312679019292234,0.0030646508044227666,-0.008812143704002734
1993-11,0.010967792649414042,-0.00662768678781435,-0.0061587409549917335,-0.006546950329602434
1993-12,0.03513338083940247,0.0387584310319679,0.010080522470592533,0.0007184510609414668
1994-01,-0.009286437963153765,0.024839365673997353,0.0058359660161621,0.020084797484502415
1994-02,-0.002844004273173295,-0.03314808510002454,-0.030346475718224866,0.010118786746225001
1994-03,-0.008262216477481607,-0.05617546474071707,-0.025274950101208882,0.002513663274091117
1994-04,-0.015905618618452896,0.01595347339344583,-0.013252963200452399,0.011920015822014218
1994-05,0.03396696849153338,0.008330888478458033,-0.016259851409648533,-0.0004055520963808512
1994-06,-0.00917473184347198,-0.0211764512859003,-0.004804116459772484,0.027644609518630788
1994-07,0.011584094628256209,0.029504799156117367,0.018414911687084246,-0.001693657285674767
1994-08,-0.015159750326740384,0.029067768673103535,-0.004396099405038297,0.00427520883956415
1994-09,-0.01796433150655518,-0.0496422946436904,-0.02179695830153602,0.017844769406517982
1994-10,0.010565484911141848,0.018185232112287966,-0.001484794779472,0.018114464083595485
1994-11,-0.027451832018194927,-0.029672088005677166,0.00508642017378685,-0.023721219562802418
1994-12,0.029232000764688168,0.011078713958303267,-0.0029807330321454002,0.0015347003371800332
1995-01,-0.025167875987001213,-0.020152165949458997,0.0151381366291021,0.0011481966229694833
1995-02,0.0037151154126530417,-0.0168386369144631,0.014532504835263116,0.017146984285326416
1995-03,0.005268051367792401,0.0037466578078516506,0.004713452497665033,0.047030658345075214
1995-04,0.011528167488587654,0.02974173767925205,0.009929021592398682,0.0035390571463124174
1995-05,0.001872719768744284,0.0017813875994586777,0.03853134540246286,-0.013743657765416133
1995-06,0.004684760782496257,-0.0059149773066984,-0.007164299466026851,0.0031896973310603337
1995-07,0.007767010706994348,0.06631017070822187,-0.0006136959024318831,0.00035602941782163336
1995-08,0.013376183668396782,0.023610320338691447,0.00856861775930475,-0.03193838838195725
1995-09,0.014587674891516578,0.015863463552394926,0.0050002083977886665,0.010841211094526333
1995-10,0.0002895051130859444,-0.0146013696792314,0.0127766408163717,0.0016359440596395338
1995-11,0.006259032306620265,0.0448360142800166,0.01762781314446485,-0.022786210353133985
1995-12,0.02249910063208303,0.014352559974881475,0.010679228337253467,0.00317060436521475
1996-01,0.013758515882520745,0.0264032781129546,0.001929365101874884,-0.025748252575832603
1996-02,0.009825018387254702,-0.00769016834111375,-0.029855200954234915,0.012111238063597282
1996-03,0.022652978941810127,0.02292434178943164,-0.01222355853615945,0.0024303488923148662
1996-04,0.043245422979287185,0.026461815016205127,-0.0040089211879526,-0.012661942086143248
1996-05,-0.0080311571397767,0.005522473652241478,-0.007426456019470133,0.00037497433092925175
1996-06,-0.010526767772737972,-0.009266212719975072,0.011416858623711315,-0.00534653923639275
1996-07,-0.014174342479221051,-0.05905615115079664,0.0009773226650686832,0.013617537745873085
1996-08,0.027967090661573272,0.02770261931532887,-0.005582051316640034,-0.00148424196521075
1996-09,-0.027093292127493392,0.0426748699580083,0.01723045151718715,-0.015664134071255248
1996-10,-0.015592091458367154,-0.006058737274878887,0.015931248455814416,0.0029107757891320162
1996-11,0.041602489161810585,0.040162426590715804,0.01928702705027077,0.0012358422813241836
1996-12,-0.0011235444980938233,-0.020675969485478278,-0.014989774662088598,-0.012257261074559751
1997-01,0.013583185329793588,0.018661222412754135,0.0006601979987795669,-0.044102264860202654
1997-02,0.03092544669698264,-0.005032548794696832,0.0016157329330513338,-0.006643756547606668
1997-03,0.011226712636624316,-0.036641438077705354,-0.019747536878831184,-0.0008361195570860659
1997-04,0.018642356686770088,0.04104212622823049,0.012298675118774133,-0.018276197312750965
1997-05,0.01148642876879149,0.06473315872656803,0.005050689839120649,0.022750559560175482
1997-06,-0.04356895241160908,0.02175403119864988,0.009427020068351234,-0.008441710201876701
1997-07,0.03180965250998075,0.05322885938387598,0.02462128857464577,-0.026171856177388448
1997-08,0.0071211993575841185,-0.03381626664297945,-0.013185147009731972,-0.005900973745197667
1997-09,-0.0036040599651989327,0.04400628279868053,0.018175037988307045,0.0071316652939177674
1997-10,0.006293312460097718,-0.0554356245426685,0.00975715238762793,0.004707211858424767
1997-11,-0.01171896232989424,0.007854492974523808,0.0005760379822117714,-0.02351873928872858
1997-12,-0.040100400671620295,0.004820241993986595,0.007301149869744971,-0.024366537695345598
1998-01,0.017803321981292534,0.024504456583446032,0.014920521495530973,0.0026998606918687998
1998-02,-0.03573309395634319,0.05695848554732956,-0.005491009236369543,0.006079939547235
1998-03,0.0018652984353457328,0.018073372913692785,0.0025433655385092573,-0.021026083948097116
1998-04,-0.01842497890431225,-0.0005077754587187799,-0.00023297619306661418,0.0014752705930030166
1998-05,-0.03307910501228429,-0.029787871040104164,0.0067008293958247,-0.019117778968533967
1998-06,-0.012903675954523148,0.006143332149244568,0.0034677481310456284,-0.007111168876499559
1998-07,-0.0464850473897229,-0.02460482166373943,-0.0013669663887759143,-0.007961155525972659
1998-08,-0.05382844894630456,-0.1633941916557253,0.02259273903517467,-0.015167499394904015
1998-09,0.032011237669851325,0.038943916213649496,0.028548623761701773,0.030881609503239975
1998-10,0.004250973347752412,0.05864054361641202,-0.009876004910581286,0.03892570252510182
1998-11,-0.03565473635696485,0.0553320555031423,0.004013273344077086,-0.014435843188867856
1998-12,-0.026919193650533874,0.03135503151083403,0.0019071207079641571,0.018066169645279788
1999-01,-0.0041522172194723315,0.01548179507093619,0.0038027915074722862,-0.007908775322302412
1999-02,-0.04899538827680265,-0.030218566846387157,-0.03145314308013187,-0.010977524870095899
1999-03,0.04694716552114007,0.03741081404700405,0.004221290604169728,0.006990661137365487
1999-04,-0.000994184195383967,0.05762140980303619,-0.0018566180484734854,0.0083120965940135
1999-05,-0.01528546833950181,-0.02270887830168357,-0.015697113218034416,-0.015339467985535645
1999-06,0.01316265011796264,0.06097983194861137,-0.010570266746061143,0.006392406061796171
1999-07,-0.009584728741138405,-0.02383497776290482,-0.011168548161512429,0.015606877179536998
1999-08,0.02959813535352667,-0.006898572244184442,-0.0001667493112048854,0.0013337347518622427
1999-09,0.017636628580783822,-0.01588586318761429,-0.003045409576633985,0.015532892300837086
1999-10,-0.016296404715171662,0.04301448782196937,-0.0024044155875980145,-0.007733976169300357
1999-11,0.007280725054115506,0.050647083544309655,-0.004398277751793543,-0.010165004344091172
1999-12,-0.005021198078339801,0.08858949765242631,-0.013826381653991601,0.007800848185269686
2000-01,0.028009631715572563,-0.03705108378749501,-0.008725028349085015,-0.026099443321887343
2000-02,0.007361094115055109,0.07224722192239891,0.014965652715033516,-0.0077488623824333
2000-03,0.02407019263931269,0.02864128700056362,0.019009443118935185,0.01001804788166123
2000-04,-0.018687938309007255,-0.07206225862086695,-0.007554324119269028,-0.03496176297721784
2000-05,0.029443991463288795,-0.05632038236015685,0.0011897735737693715,-0.0031798134104903436
2000-06,-0.010084792709901985,0.05022446772563834,0.0096373341942228,0.013992586547685499
2000-07,-0.018020422685879132,-0.03080681323939354,0.002649123044987929,-0.010813043369016256
2000-08,0.017487910859223736,0.0787332189866173,0.005883542118510742,-0.010504479234520758
2000-09,-0.006130031124660634,-0.06166064439459345,0.0008277507398778858,-0.015162874634214615
2000-10,-0.02114955448528,-0.03902337448717741,0.002373255722720943,-0.023797088698330745
2000-11,0.02997285235356897,-0.08916380563358157,0.01896467214342503,0.007742519696625399
2000-12,0.009518832070054746,0.008912062483615233,0.010417595707140086,0.030234143372175885
2001-01,-0.020247537040187606,0.03916674586184339,0.002520089299554943,-0.011749378402555287
2001-02,-0.01281224128992622,-0.09798182289687377,0.0053325626422980705,-0.0162071926087447
2001-03,-0.04703190543358711,-0.077223147617383,0.00010732053729198573,-0.03582585428129854
2001-04,0.031866477329274466,0.08709404424907813,-0.021018008595708213,0.021664504524970214
2001-05,-0.009696343091076769,-0.012874655409502998,-0.003783803018975342,-0.0076331923969491
2001-06,-0.03197161645183102,-0.013733212166057936,0.0008206310608589713,0.0003229092165312148
2001-07,0.00738008146889454,-0.04086654215075882,0.023050869021420926,0.007672348794168315
2001-08,-0.029045841407094913,-0.0739790686512209,0.011581783491165074,0.026135196836963453
2001-09,-0.05340142060009952,-0.12638715996609096,0.008278549478295214,-0.012745338090861213
2001-10,-0.020903633132131474,0.050894818218141936,0.02679896315765819,0.00017497326378835713
2001-11,0.02885646771571776,0.08326540267675596,-0.021246292405657317,0.0029865873530865146
2001-12,-0.004268659133297358,0.014010932731441245,-0.01727832044093153,-0.010324519371402828
2002-01,-0.021852801484300202,-0.02048577787393282,0.007063222855643257,-0.017093443104887286
2002-02,0.018993610466011238,-0.014518650433207108,0.00499343472731471,0.008892631500393
2002-03,0.050075732142232376,0.05521997678612024,-0.02100013330916326,0.011653619060045159
2002-04,-0.034837742521216804,-0.029078124452256417,0.016422124512296236,0.017930717043303256
2002-05,0.03278770453389155,-0.02378117447147197,0.0027175744215508484,0.022780108716424313
2002-06,0.008735649508599693,-0.08325554768248043,0.012681926729786991,0.027092834939072514
2002-07,0.02217528028650201,-0.0942115635078751,0.01741333604190873,-0.008684915680870329
2002-08,0.005949745467533036,-0.00788306641858184,0.01491646810326171,0.0047405635006359855
2002-09,0.03547116667826179,-0.12040820961353964,0.02020747479903766,-0.0062257109188143004
2002-10,0.005182279558345187,0.07672128452413277,-0.00823489996933372,0.006775833455729129
2002-11,-0.0025085028150452267,0.06684795677601084,-0.00710622308821945,0.002134096796120786
2002-12,-0.003213671107209914,-0.07700651441267392,0.02153800783580721,0.025343247230594418
2003-01,0.05300674842731308,-0.032842418918430594,-0.00044923184770854997,0.014370514246170843
2003-02,-0.0013258827989814223,-0.019130240270048487,0.01305269061812219,0.0065947216772888
2003-03,-0.05396883921500845,-0.01640159872022996,-0.005736386614619201,0.00737285920681043
2003-04,0.0003584325913959241,0.08216773971391782,0.0031041216262747105,0.02305486668840193
2003-05,0.02029889976356874,0.0646084700664522,0.0226109180957936,0.030880169613738313
2003-06,-0.000954400711412259,0.023059842295943246,-0.00502429705890284,-0.0030644142517854134
2003-07,0.016346569696791633,0.04711728928549522,-0.030111551505122496,-0.021239422515397757
2003-08,0.055980797213629925,0.03826416865743458,0.0025916484718161302,-0.007514355568843558
2003-09,0.008624969055040134,-0.022449373946296893,0.02182303491457554,0.0454595714500877
2003-10,0.023083341728659015,0.07188105676444288,-0.01680235232756896,0.011859855283046658
2003-11,0.004467856298004275,0.011208387477532706,-0.00113340228520871,0.015534261444069872
2003-12,0.017030827396407187,0.03869076095724577,0.01167261617583066,0.029940013953546594
2004-01,0.037435647390313305,0.017719683539154655,0.005725447842640269,0.005394543234206628
2004-02,0.06222800481992742,0.015364270872679298,0.0119261670553194,0.0006672873651086145
2004-03,0.05302555746062202,-0.016490732956418796,0.00710083924297113,0.004117330743433271
2004-04,-0.012065422739151276,-0.0139786412057181,-0.021913591255648936,-0.03635421334452736
2004-05,-0.006671747248644886,0.00819915359152405,-0.00579712419056729,0.012667270478510002
2004-06,-0.044493646361142766,0.027107431094359036,0.00354907206815476,0.0015661886157651854
2004-07,-0.009017933590839631,-0.039507273153009954,0.006927548150928381,-0.0053528400816752
2004-08,0.031217031141120063,-0.0032506722360769523,0.015653330302334602,0.009146693651746442
2004-09,0.0010938425904895898,0.01663152147951993,0.00233019630360037,0.018086893414908527
2004-10,-0.009925695615214529,0.01366381235968402,0.0071478262191921205,0.02552413495191667
2004-11,0.030881611990530893,0.041409826546366636,-0.00365587845229425,0.03605503272677981
2004-12,-0.02147944045315586,0.028748502599269754,0.006724457662413719,0.005809665357639342
2005-01,0.003732191450083011,-0.01713979781185288,0.0038879780280711997,-0.020955614370519328
2005-02,0.0603900393964515,0.021727456357391407,-0.007733100871161071,0.0134602267030506
2005-03,0.014723298742176805,-0.015976140075677905,-0.0002555827775483002,-0.014382308222461202
2005-04,-0.034335477360950765,-0.031664426918751064,0.012786561737891949,0.0018389083903008713
2005-05,-0.005357479821377704,0.048174196412091724,0.010342757384095319,-0.0249001233772456
2005-06,-0.004343515011388238,0.015463810226898772,0.005956818787417959,-0.005198432063638343
2005-07,0.021899117577493694,0.04522268329261201,-0.01079572296247153,-0.0028640991078893716
2005-08,0.0001733712801138009,-0.005828483370515416,0.01033426480334159,0.013893965915232872
2005-09,0.039362280742150535,0.030639763758941143,-0.01092645810944812,-0.010156812758389014
2005-10,-0.015937378664255104,-0.02777455573574676,-0.009761161848148679,-0.0078859650817059
2005-11,0.013120047549281522,0.04315664594644326,0.0015912105664588397,-0.009446981576940943
2005-12,0.04713480909197047,0.015862568972018702,0.00570568189598095,-0.0001441608524555571
2006-01,0.022309745418180562,0.040676067131105206,-0.00638400286619646,0.02315991838958337
2006-02,-0.03814066608011754,-0.0010402451830790447,-0.0010195024915969498,-0.009968671038118342
2006-03,0.010117733345421463,0.025165135376409842,-0.01189357502729762,-0.016136934162953
2006-04,0.0384345976462254,0.008127216475422144,-0.00833691452734813,0.03665880097366055
2006-05,-0.0033935420566110156,-0.04864318709346527,-0.00033913719520009,0.006075521751346529
2006-06,0.004342592907934427,0.0031886646844505252,-0.00302109914385404,-0.0090738546565691
2006-07,-0.00310041580611762,-0.002597616303004689,0.00877485821025251,0.006593439159730029
2006-08,-0.02519435424259494,0.023177159489016833,0.00854229013627927,0.0019660632677536427
2006-09,-0.04500557241501359,0.015253714825319786,0.00331848621987075,-0.014102158195478429
2006-10,0.038312772108736966,0.03277679146988823,-0.0005077777504687399,0.012606499620090845
2006-11,0.047197904768309824,0.008112264594063962,0.00444772770952211,0.012918422498452514
2006-12,-0.02538278246088838,0.022037330766909027,-0.01285831115150477,-0.009632642137969714
2007-01,-0.013203301699469693,0.013580335515364745,-0.00656952574601984,-0.013026072036175987
2007-02,0.0338936287262792,-0.01862958290902879,0.010713881213674241,0.008033316824839324
2007-03,-0.0047675551946286905,0.01216647419387594,-0.00544274632499878,0.009350882858538485
2007-04,-0.0027464445399964,0.036366320914285384,-0.00141538586984505,0.014305004337162515
2007-05,0.02194979800334477,0.0368998447656077,-0.014347956565420502,-0.001487652044570628
2007-06,0.001957604843451926,-0.003771547182583042,-0.006031453140668646,0.004330631624316744
2007-07,0.011684123241102934,-0.03555572252901291,0.010911045783826878,0.009451151081791485
2007-08,-0.021936271591428462,0.006284642066703594,0.00838508457978333,-0.005602484735719871
2007-09,0.07921882189102665,0.03096619810813797,0.000602222670175427,0.03699424995034219
2007-10,0.005591863121427316,0.032431999426870355,0.00253003464854925,0.02191638151093086
2007-11,-0.0013142961676536346,-0.04915884916200581,0.01892252605417118,-0.010412331017988415
2007-12,0.047574051012931155,-0.010268689231881163,-0.00238647659275898,-0.0073630642482508
2008-01,0.04785089501419801,-0.10750570145116882,0.017402042153476543,0.019119787785505184
2008-02,0.14095007712849375,-0.02380145754729268,0.00819570730833071,0.022516408732107775
2008-03,-0.1041841959016725,-0.02005151844529673,0.0010387644810409696,0.011426750843788257
2008-04,0.028545009748330036,0.06916467988947166,-0.014634139715093511,0.0005691025961495423
2008-05,0.010783190504050374,0.014395325714852346,-0.014200568752336998,0.0016620048036792713
2008-06,0.07562652522786296,-0.09091296271288123,-0.0010968464168064095,0.0039379932916727
2008-07,-0.0876794965967458,-0.003940024363887953,0.01032504975475284,-0.006389317383207386
2008-08,-0.061163058164460535,0.005066100984265104,0.01169146481749317,-0.04941633649194298
2008-09,-0.12831667289586088,-0.10131176948606167,0.0010642497355390196,-0.0202265576707106
2008-10,-0.16799675016602464,-0.1712464746403325,0.0025056492616969,-0.08336796286210346
2008-11,-0.03579250079171953,-0.06645643909116987,0.046743030146745454,-0.021270908195013125
2008-12,-0.00821614833750328,0.01866778144464547,0.03092630555374341,0.03789902102528209
2009-01,-0.018940274935890105,-0.08405179765402028,-0.0207596386897378,-0.0389613868153068
2009-02,-0.03151008348879912,-0.09128881123250272,0.003996293207270701,-0.024346572704670343
2009-03,0.04159412347183032,0.07289504934091078,0.01796293043729868,0.03237201866564673
2009-04,0.005631127983744994,0.12170449515248573,-0.01571274356829818,0.023804477884763687
2009-05,0.10837337049691412,0.06289881803448258,-0.01286712272451233,0.07177866127864584
2009-06,-0.05413081586135701,-0.005452107404625625,0.00260145750851398,-0.00727468984341433
2009-07,0.016941503252180353,0.0872126579230459,0.0032134661345042197,0.0243454375852341
2009-08,-0.016816222499512888,0.034143500025881415,0.008862142647306141,-0.000384285618287629
2009-09,0.014328157793080054,0.038311612469603136,0.005316928342505651,0.018107113737786642
2009-10,0.05002514311793552,-0.02714300662321649,-0.0003417342039964299,0.010929922364547887
2009-11,0.05151245533440531,0.030205138208423354,0.014482127336369069,0.0200702546628844
2009-12,-0.0015033721432231087,0.05590164720671963,-0.02171615648643254,-0.023763732742539286
2010-01,-0.044511045235480926,-0.05147759033992904,0.01558905881905189,-0.009322560679569528
2010-02,0.020599197644328795,0.02205035108228939,0.0036721137171035296,-0.00035195122653669975
2010-03,-0.02205028474625562,0.07109045116681946,-0.0038257867864461897,0.008596122762017244
2010-04,0.03162507081185983,-0.0014664771056235888,0.00860695287796877,-0.002394326314837415
2010-05,-0.0674586498533104,-0.0640150263108182,0.020054159524446648,-0.045588209146273914
2010-06,0.016178200087897193,-0.0373921046474931,0.014208112212516671,0.01662195403920656
2010-07,0.08019933219915686,0.06206514987918479,0.0022293040064334303,0.0431474741479453
2010-08,-0.011312524695488733,-0.04302093104800019,0.023920764261185862,-0.013299231395981187
2010-09,0.08211368871613248,0.07981503988025908,-0.0029204001737823905,0.04766428440320696
2010-10,0.06486761959764266,0.03369913553998713,-0.00435303643559773,0.01656387861137803
2010-11,-0.004826191883830112,-0.0007136452531558809,-0.007531859474797139,-0.02471614757179771
2010-12,0.10656167117376622,0.049640204730181485,-0.01250604895044875,0.0352578577352314
2011-01,0.0367002294752418,0.022014606398155206,-0.00750352382668996,0.0030835431090007284
2011-02,0.008986635978328272,0.029300733997580042,0.0021664300380442236,0.014964933802291044
2011-03,-0.00408270271149675,-0.013251466027706897,-0.00285819731934562,0.008380089194002172
2011-04,0.00964972182396437,0.03102886042950587,0.010944918351750661,0.0419925306063762
2011-05,-0.023888941205517954,-0.013282615476759728,0.014398135908542461,-0.012630030771305001
2011-06,-0.03520495086444791,-0.013338570295441625,-0.00067536321410727,0.0034158092036666718
2011-07,0.03344348235105983,-0.02750482808317135,0.023439461094261278,0.02310598690689133
2011-08,0.022050062102829785,-0.09051880364425689,0.022543506057527495,-0.016758513496285554
2011-09,-0.12706852275953262,-0.07027076045542292,0.01548488587253333,-0.06915069693776728
2011-10,0.05141347902251928,0.10218825271624601,-0.005490044170534969,0.04170077477288343
2011-11,-0.038703936164146795,-0.01928854309444106,0.004307221615590229,-0.025910285531035544
2011-12,-0.012143571756124943,0.0028784938445765925,0.015011079315273174,-0.01093135869729843
2012-01,0.025576392763282642,0.056738298182339365,0.0039971241470959104,0.025471996368817813
2012-02,0.024652912224256307,0.04497837034738112,-0.00435697239953602,0.005228895747423542
2012-03,-0.026054275249142875,0.010988916809636075,-0.006119272083928371,-0.007961902759233558
2012-04,-0.010880708052192566,-0.01749925647670357,0.01223351734009227,0.006596486196418029
2012-05,-0.07510995228735916,-0.0709623523020906,0.02106419396791752,-0.05085275836936977
2012-06,0.0718578767050114,0.04609622165514308,-0.007154020128324429,0.027226333106852234
2012-07,0.05397891885427686,0.013792185536653635,0.01137993719336198,0.0021025727265910573
2012-08,0.034210290460300344,0.02600800265962465,-0.0011152423174572855,0.009954110802954485
2012-09,-9.043696832803644e-06,0.020640104286785973,-0.00250064054961251,0.01336771431363937
2012-10,-0.02213164826054161,-2.1019311730054757e-05,-0.0017561631139870876,-0.004751341859788642
2012-11,0.006709592954085715,0.019194458117507883,0.00588553264042212,-0.00040310409425644254
2012-12,-0.02553889755614473,0.02286308288621753,-0.002738098757063696,-0.0008644106039077854
2013-01,0.019418303689368272,0.04742804901098533,-0.01268541974422705,-0.0027939742887834566
2013-02,-0.024218436544647837,0.0074227782083136455,0.00983933308667596,-0.024822614922011675
2013-03,0.003532162131188325,0.021284211964969452,0.005588900218261264,0.003323814651174839
2013-04,-0.016499204177619662,0.026903754457729797,0.007332459832860261,0.009086821374610272
2013-05,-0.01947844181222325,0.01857222148424822,-0.017399339050242706,-0.03613434530406847
2013-06,-0.03392301159054268,-0.03364165204635056,-0.01547817890717614,-0.0035248142162089
2013-07,0.01907900709819271,0.0514601569035016,0.00162172385502569,0.0131379640836799
2013-08,0.0282504658693793,-0.017894003720252762,-0.00846044645666125,-0.012074451884717171
2013-09,-0.013597933552867786,0.048219360407087956,0.00843133736275155,0.027293521576179727
2013-10,-0.00651519550820036,0.034859703328523346,0.006410394614053761,0.0016492002137752145
2013-11,0.004343041857462673,0.024355311090069956,-0.004692426753269313,-0.012006976368574016
2013-12,-0.0033374075836714707,0.014971843490358914,-0.012265507579000624,0.0011150623605480712
2014-01,0.022859795118995354,-0.03759460679731304,0.02059439361920516,-0.014280839377465073
2014-02,0.08161113261892793,0.042802097602901164,0.00207357953524481,0.01717478480829966
2014-03,0.018922961841145558,-0.006442364395034525,-0.00131558849788785,0.0045060275311552146
2014-04,0.02115224357337529,0.0027970195096693245,0.005239287021358116,0.007320515016534871
2014-05,-0.027378415874592124,0.02488360632565267,0.01115265603315724,-0.0008081329704870004
2014-06,-0.0012566835450677607,0.010061346659602994,-0.00012359424850971003,0.008964702629949129
2014-07,-0.03839723501104436,-0.009053205324880787,0.00141997683482109,-0.017656935992080486
2014-08,0.0012551057268584394,0.025238320126002696,0.012471463655792301,-0.005361429560311299
2014-09,-0.04892222192892443,-0.015895218667775483,-0.004182562903516011,-0.037901019979593976
2014-10,0.00697796412961954,0.015145461974428225,0.00901220893982883,-0.007240580706872943
2014-11,-0.02069412070020772,0.02554555802077764,0.00978695956077388,-0.023426191261562486
2014-12,-0.047182998731822794,-0.009201030306950003,0.00469321502194729,-0.024895289192330344
