month,realized_net_vol_36m,realized_gross_vol_36m,forecast_rms_36m,gross_after_cost,drawdown
1976-01,,,,0.0,0.0
1976-02,,,,0.4711515097979135,0.0
1976-03,,,,0.4811834517603053,-0.012833569921746002
1976-04,,,,0.4832633472851449,0.0
1976-05,,,,0.4844551151934353,0.0
1976-06,,,,0.5129360015875714,0.0
1976-07,,,,0.5080747172131828,-0.033767116117181306
1976-08,,,,0.5561198656328344,-0.047587128516525135
1976-09,,,,0.5533986011868427,-0.059404340459777494
1976-10,,,,0.5525981804691084,-0.06388117753855127
1976-11,,,,0.5625102706762306,-0.06890832066160935
1976-12,,,,0.5664965021029178,-0.07150683350754616
1977-01,,,,0.5660340860742805,-0.0003556625226401877
1977-02,,,,0.5933961315645623,0.0
1977-03,,,,0.6215632032551734,0.0
1977-04,,,,0.6367906563530226,0.0
1977-05,,,,0.6392847291080822,-0.0173694140270364
1977-06,,,,0.6560852093299104,-0.05393578561553247
1977-07,,,,0.6585798433976963,-0.09572571273579455
1977-08,,,,0.72096874262794,-0.1090499092131415
1977-09,,,,0.7848174453759553,-0.09093158126980772
1977-10,,,,0.7951994748448536,-0.0677001661317288
1977-11,,,,0.793270399962926,-0.035064983526125415
1977-12,,,,0.7884581023985082,-0.011717153011762127
1978-01,,,,0.8139260996718599,0.0
1978-02,,,,0.8916059065097328,0.0
1978-03,,,,1.1360376446308584,0.0
1978-04,,,,1.138041649494792,-0.02337060478049846
1978-05,,,,1.1304066783586815,0.0
1978-06,,,,1.113116996917331,-0.06052139107575949
1978-07,,,,1.076038224807096,-0.043531323349720874
1978-08,,,,1.1550823286110756,-0.0142518919668162
1978-09,,,,1.1517567442688936,0.0
1978-10,,,,1.1552514198127237,0.0
1978-11,,,,1.0836852506467,-0.05904347625481565
1978-12,0.11862219579054195,0.11862219579054195,0.09860132971832694,1.0232349105188,-0.04319981187846256
1979-01,0.11865700736677974,0.11865700736677974,0.1,1.0175400188612378,-0.025178492842527045
1979-02,0.1199198440654796,0.1199198440654796,0.1,1.1682199322350681,0.0
1979-03,0.1206287038455128,0.1206287038455128,0.1,1.1620409378265966,-0.02204156987018646
1979-04,0.12061081095539095,0.12061081095539095,0.1,1.1694546688952485,-0.00376145813222728
1979-05,0.12049061421150142,0.12049061421150142,0.1,1.173578601580899,0.0
1979-06,0.12293899794166345,0.12293899794166345,0.1,1.1773323833183176,0.0
1979-07,0.12146528995484028,0.12146528995484028,0.1,1.177020882498793,-0.01952624587346663
1979-08,0.12570835876130818,0.12570835876130818,0.1,1.2275558755773466,0.0
1979-09,0.13058022031351402,0.13058022031351402,0.1,1.1939470952199482,0.0
1979-10,0.13520887060635264,0.13520887060635264,0.1,1.1826725453717102,-0.04820153948182415
1979-11,0.13682339005468666,0.13682339005468666,0.1,1.1419915958748321,0.0
1979-12,0.13658630420584666,0.13658630420584666,0.1,1.1240903550216736,0.0
1980-01,0.1326018699634909,0.1326018699634909,0.1,1.1307042452003604,0.0
1980-02,0.1351869049119059,0.1351869049119059,0.1,1.1456638333443012,-0.030677420014362355
1980-03,0.1571408377746031,0.1571408377746031,0.1,1.1271617152893776,-0.1517022313392995
1980-04,0.15712423764062597,0.15712423764062597,0.1,0.9888013492293699,-0.13995978575109946
1980-05,0.15666698982166133,0.15666698982166133,0.1,0.9857666447405035,-0.11330499588968845
1980-06,0.1547251253061688,0.1547251253061688,0.1,0.9914554411369697,-0.07765951785638259
1980-07,0.15169920698076714,0.15169920698076714,0.1,1.0162921279462673,-0.037268034059114274
1980-08,0.1506149331404559,0.1506149331404559,0.1,1.0479443254140965,-0.026889475298532584
1980-09,0.1507196509919366,0.1507196509919366,0.1,1.0538557412601932,-0.020329495096146233
1980-10,0.15067202311635164,0.15067202311635164,0.1,1.0568727036555416,-0.010319048432249067
1980-11,0.15114431384774027,0.15114431384774027,0.1,1.0607663628916468,-0.02265494597458062
1980-12,0.15950434196524527,0.15950434196524527,0.1,1.0631184258848319,-0.09502395351227322
1981-01,0.1626535204948646,0.1626535204948646,0.1,1.0182484819409212,-0.1342704712625209
1981-02,0.1646972262031465,0.1646972262031465,0.1,1.2998761317797969,-0.1640394338593827
1981-03,0.1611523153822661,0.1611523153822661,0.1,1.280956799507173,-0.15959537952698644
1981-04,0.16235530919748253,0.16235530919748253,0.09999999999999999,1.3063043856227061,-0.19168499297200647
1981-05,0.1607065552511139,0.1607065552511139,0.1,1.2878796897885914,-0.21239395040319853
1981-06,0.16237029205316642,0.16237029205316642,0.1,1.29931443429441,-0.2687645471961674
1981-07,0.16233796393302688,0.16233796393302688,0.1,1.2671951847997152,-0.27474575820617775
1981-08,0.16341007025991222,0.16341007025991222,0.1,1.2639420538796688,-0.3031341354735261
1981-09,0.16165992994159942,0.16165992994159942,0.09999999999999999,1.250490663597872,-0.3112711015615437
1981-10,0.153594789060264,0.153594789060264,0.1,1.266234234718436,-0.29782551139319213
1981-11,0.14974581704872622,0.14974581704872622,0.1,1.3079544292912375,-0.29492560001585344
1981-12,0.15222826428604494,0.15222826428604494,0.1,1.323613554296515,-0.3304988248511551
1982-01,0.15230228376484276,0.15230228376484276,0.09999999999999999,1.3110851035011544,-0.3168451840192994
1982-02,0.1526873987542756,0.1526873987542756,0.09999999999999999,1.3072129740581886,-0.3503243454910203
1982-03,0.15232732837938742,0.15232732837938742,0.09999999999999999,1.2907960683894926,-0.3552889706189295
1982-04,0.15207201846116533,0.15207201846116533,0.09999999999999999,1.3001344135228066,-0.3470109530629697
1982-05,0.15282041454757678,0.15282041454757678,0.1,1.2997881062460903,-0.36831940458394186
1982-06,0.15031606443933268,0.15031606443933268,0.1,1.2896952449830228,-0.3940598363812554
1982-07,0.15014446994968425,0.15014446994968425,0.09999999999999999,1.2956803555530079,-0.3976431051500312
1982-08,0.14248261216098906,0.14248261216098906,0.09999999999999999,1.2894959965244701,-0.4025371796654539
1982-09,0.1330982075924863,0.1330982075924863,0.09999999999999999,1.3336186343131087,-0.42518928405800605
1982-10,0.13194132886545332,0.13194132886545332,0.09999999999999999,1.342215325021012,-0.4199382249225091
1982-11,0.12965135361517366,0.12965135361517366,0.09999999999999999,1.3696157008223262,-0.39570934258955137
1982-12,0.12779585097064422,0.12779585097064422,0.1,1.3695782653776922,-0.3919311028820287
1983-01,0.12522618614796346,0.12522618614796346,0.09999999999999999,1.3596263703827511,-0.3830153961458278
1983-02,0.12536689718249663,0.12536689718249663,0.09999999999999999,1.3610367363650655,-0.40358634051125764
1983-03,0.10924437384099835,0.10924437384099835,0.09999999999999999,1.3677662688153809,-0.38293479443848233
1983-04,0.10887707738031101,0.10887707738031101,0.09999999999999999,1.5431489688521711,-0.3781491425876493
1983-05,0.10653017775029817,0.10653017775029817,0.1,1.5653559679671707,-0.3769852849773998
1983-06,0.10244144544104286,0.10244144544104286,0.1,1.6391315527691197,-0.38694286187006677
1983-07,0.09885492917410199,0.09885492917410199,0.1,1.7093140337873822,-0.375233312581952
1983-08,0.10225965653101925,0.10225965653101925,0.09999999999999999,1.7412091479712068,-0.3510978521430723
1983-09,0.10188119518518461,0.10188119518518461,0.09999999999999999,1.757265088312939,-0.35217023331594666
1983-10,0.10219360502969628,0.10219360502969628,0.09999999999999999,1.75725180008619,-0.3764213804446893
1983-11,0.1025089660130235,0.1025089660130235,0.09999999999999998,1.7528475228439302,-0.37542210024130507
1983-12,0.09583243673251365,0.09583243673251365,0.09999999999999999,1.7520976361008633,-0.3752234551851883
1984-01,0.09670920948303766,0.09670920948303766,0.09999999999999999,1.7980562151256638,-0.4065026163605241
1984-02,0.09840983663405324,0.09840983663405324,0.09999999999999999,1.877454842807863,-0.3881502201956373
1984-03,0.10119872806769602,0.10119872806769602,0.09999999999999998,1.8549218779421,-0.3670069896607351
1984-04,0.10296832140434872,0.10296832140434872,0.09999999999999999,1.8245825683212988,-0.40005230987305473
1984-05,0.10256608657000223,0.10256608657000223,0.09999999999999999,1.8261460517689756,-0.3988216568877988
1984-06,0.10016848456575843,0.10016848456575843,0.09999999999999999,1.8427746425631837,-0.4345837381923353
1984-07,0.1153339359493797,0.1153339359493797,0.09999999999999999,1.979308457037811,-0.4943452961324617
1984-08,0.11545515721872655,0.11545515721872655,0.1,1.8642340625738723,-0.48253708342202406
1984-09,0.11898223527726125,0.11898223527726125,0.09999999999999999,1.8883039856605348,-0.5123125068434746
1984-10,0.11968179650364105,0.11968179650364105,0.09999999999999999,1.8617956098841932,-0.4990990899039296
1984-11,0.11961232506371143,0.11961232506371143,0.09999999999999999,1.873886910974387,-0.5092736713052294
1984-12,0.11841664676819637,0.11841664676819637,0.09999999999999999,1.8984211207569452,-0.5282653966565701
1985-01,0.1171883094909619,0.1171883094909619,0.1,1.9475139344030536,-0.5295568404126675
1985-02,0.12502360781562888,0.12502360781562888,0.1,1.9980661140889708,-0.5738733278631449
1985-03,0.13696101951593467,0.13696101951593467,0.1,1.9160946172218518,-0.5372974115170538
1985-04,0.13713698963740772,0.13713698963740772,0.09999999999999999,1.7901342607944406,-0.5530023838497263
1985-05,0.13654388237380022,0.13654388237380022,0.09999999999999999,1.8385131922082472,-0.5533166141556581
1985-06,0.13526558430394447,0.13526558430394447,0.09999999999999999,1.8636321935668247,-0.5595561903407178
1985-07,0.13531594773286795,0.13531594773286795,0.1,1.9125416722217006,-0.5661162917155941
1985-08,0.13547829413282916,0.13547829413282916,0.1,1.9268317108203523,-0.5747102867646694
1985-09,0.13786257708307684,0.13786257708307684,0.1,1.9389921777358234,-0.555278099465145
1985-10,0.14242651626880704,0.14242651626880704,0.1,1.9163202385488858,-0.5298417453681086
1985-11,0.1406310069060182,0.1406310069060182,0.09999999999999999,1.87004758973403,-0.5196164447189191
1985-12,0.1429868053509122,0.1429868053509122,0.09999999999999999,1.898670992059764,-0.5001567260534542
1986-01,0.1437064050091798,0.1437064050091798,0.1,1.8875012332621997,-0.5186173423867856
1986-02,0.14555433355920255,0.14555433355920255,0.1,1.9400026645163029,-0.4975900895673282
1986-03,0.14522203447540716,0.14522203447540716,0.1,1.919725189294263,-0.48212583642571505
1986-04,0.14698146738361875,0.14698146738361875,0.1,1.9027929260909706,-0.46308635915348884
1986-05,0.15126088850953806,0.15126088850953806,0.09999999999999999,1.88650498511794,-0.4982127272974437
1986-06,0.15279509754555615,0.15279509754555615,0.09999999999999999,1.8179495693827992,-0.4809897089894468
1986-07,0.15251016955911897,0.15251016955911897,0.09999999999999999,1.7901003102156015,-0.4744341270614496
1986-08,0.15624453634932708,0.15624453634932708,0.1,1.7888909254363785,-0.4385845626696313
1986-09,0.15632023850863322,0.15632023850863322,0.09999999999999999,1.73847073050197,-0.43550262109319304
1986-10,0.15511719601499005,0.15511719601499005,0.09999999999999999,1.7277898888333314,-0.42975749354106074
1986-11,0.15568699087740298,0.15568699087740298,0.1,1.7434405397374437,-0.41738970171156453
1986-12,0.1559169137836247,0.1559169137836247,0.1,1.7398541468120563,-0.4265285228365414
1987-01,0.15773400128896412,0.15773400128896412,0.1,1.7364875223887137,-0.3892779898859713
1987-02,0.15680316219948062,0.15680316219948062,0.1,1.665317486512402,-0.3912570136612489
1987-03,0.15703656963182439,0.15703656963182439,0.1,1.6696174952535945,-0.36837184685327284
1987-04,0.15784107143032938,0.15784107143032938,0.1,1.6617601206737793,-0.32813442391663217
1987-05,0.1579669876692201,0.1579669876692201,0.1,1.6366714250189351,-0.332773701647752
1987-06,0.1534994970071072,0.1534994970071072,0.1,1.6447403163063858,-0.33489542861475163
1987-07,0.13858744128531805,0.13858744128531805,0.1,1.6880645130099192,-0.3313539478155022
1987-08,0.1383522984565106,0.1383522984565106,0.1,1.8266146493196092,-0.3219057881280254
1987-09,0.1329755840192721,0.1329755840192721,0.1,1.8439518518193332,-0.3248621400677075
1987-10,0.13260555767846527,0.13260555767846527,0.1,1.8870106646831504,-0.3217419447552845
1987-11,0.13699130609514645,0.13699130609514645,0.1,1.8834729795092067,-0.2696220715017116
1987-12,0.1336600423672312,0.1336600423672312,0.1,1.83022878271201,-0.25936037040787896
1988-01,0.13355152999638317,0.13355152999638317,0.1,1.8754840533074948,-0.25925295787643254
1988-02,0.11784551236917785,0.11784551236917785,0.09999999999999999,1.854338675447866,-0.26197815075239295
1988-03,0.11043508893940346,0.11043508893940346,0.1,2.072091147708324,-0.24449782380200857
1988-04,0.10674525041450847,0.10674525041450847,0.1,2.2026238479466684,-0.23796193274928135
1988-05,0.11049100145604655,0.11049100145604655,0.1,2.258607187195094,-0.1861826353506304
1988-06,0.1237384723095344,0.1237384723095344,0.1,2.2302444801467143,-0.08861997049743764
1988-07,0.13329798455471867,0.13329798455471867,0.09997209310334637,2.1656194944848233,-0.15371752159024377
1988-08,0.13297714629205348,0.13297714629205348,0.09997209310334637,2.0683429353427925,-0.1676785322337323
1988-09,0.13365045444115975,0.13365045444115975,0.09997209310334637,2.0420837969768053,-0.18162036986690744
1988-10,0.13282993231001292,0.13282993231001292,0.09997209310334637,2.029132020246285,-0.14227514061899182
1988-11,0.13280802641648545,0.13280802641648545,0.09997209310334638,2.02996505836707,-0.12636941329576135
1988-12,0.1321004359765814,0.1321004359765814,0.09997209310334638,2.0198417864479583,-0.11168788194671664
1989-01,0.13217666889987043,0.13217666889987043,0.09997209310334637,2.027982990889039,-0.14497912569245386
1989-02,0.1313296965064377,0.1313296965064377,0.09997209310334637,2.041954411316364,-0.13966839679511434
1989-03,0.13149842386079202,0.13149842386079202,0.09997209310334637,2.050651392473615,-0.14309893777722404
1989-04,0.13124699266412646,0.13124699266412646,0.09997209310334638,2.0604396455385183,-0.146148901610603
1989-05,0.12790242364220827,0.12790242364220827,0.09997209310334638,2.082522117381675,-0.18666681582875533
1989-06,0.12802553088048868,0.12802553088048868,0.09997209310334638,2.1463396829981645,-0.1569896708295757
1989-07,0.1285042757416571,0.1285042757416571,0.09997209310334638,2.165466652675815,-0.16120943849302583
1989-08,0.12827962449285396,0.12827962449285396,0.09997209310334638,2.1566209143128012,-0.19670158648823466
1989-09,0.12870943866911652,0.12870943866911652,0.09997209310334638,2.268549713687481,-0.17279324555322384
1989-10,0.12943701510423544,0.12943701510423544,0.09997209310334638,2.299659355272489,-0.18305640587387162
1989-11,0.12973491328635425,0.12973491328635425,0.09997209310334638,2.2863042205120063,-0.15908488689481926
1989-12,0.12897424175171177,0.12897424175171177,0.09997209310334638,2.2786643306033834,-0.13869633334018028
1990-01,0.1253082169958013,0.1253082169958013,0.09997209310334638,2.285237386688017,-0.1408045513911621
1990-02,0.1252884971076532,0.1252884971076532,0.09989959111134661,2.391931401691243,-0.14311689076287926
1990-03,0.12423403297907615,0.12423403297907615,0.0998239878695124,2.390956001678028,-0.1372903926463055
1990-04,0.11996603230964115,0.11996603230964115,0.09970496769932435,2.3995354681306074,-0.1289624033049539
1990-05,0.11990810268179025,0.11990810268179025,0.09952131152780562,2.4781379983777336,-0.10987412529460672
1990-06,0.11987107144149374,0.11987107144149374,0.09933024671295411,2.4700825201586465,-0.11167803509971375
1990-07,0.11996698635979121,0.11996698635979121,0.09914198344012116,2.4693689446314244,-0.09594147856331381
1990-08,0.12113465409099383,0.12113465409099383,0.09894168595348002,2.4500435145154085,-0.11465769896219391
1990-09,0.12110042628610415,0.12110042628610415,0.09878987359777061,2.4518053495590566,-0.09687747942761438
1990-10,0.1231060808210506,0.1231060808210506,0.09867214494268561,2.4623471050012165,-0.12374427705885871
1990-11,0.11822893733594331,0.11822893733594331,0.09858508475239315,2.5252251737989657,-0.15286388053529176
1990-12,0.11810546158656061,0.11810546158656061,0.09839515520217512,2.5240294515544104,-0.1510683098807325
1991-01,0.11820268577320563,0.11820268577320563,0.09819387560167007,2.5294719784055184,-0.15521954487258316
1991-02,0.11844095382754438,0.11844095382754438,0.09800728976198463,2.6203598171941653,-0.13851971518051343
1991-03,0.11915564260788812,0.11915564260788812,0.09782721520100936,2.613097621535313,-0.1604101927006386
1991-04,0.11915185231819998,0.11915185231819998,0.0976414956933353,2.60825139755853,-0.15336698750721878
1991-05,0.11283734564198337,0.11283734564198337,0.09745923491453172,2.6118120959730713,-0.15126293789624978
1991-06,0.09202680537069884,0.09202680537069884,0.09721914033571892,2.6500683722748324,-0.19060100895021104
1991-07,0.08666767414417305,0.08666767414417305,0.09708027242898518,2.838575863605608,-0.15440652944302524
1991-08,0.08684204666497754,0.08684204666497754,0.0967698443384172,2.8675474946152795,-0.17043205924715
1991-09,0.09521536547440052,0.09521536547440052,0.0964814307397311,2.896255060882474,-0.11191423680161672
1991-10,0.09180266747237724,0.09180266747237724,0.09629715332099943,2.8861537000589705,-0.09614276630672836
1991-11,0.09215917619741307,0.09215917619741307,0.09604260033331685,2.8813776140452574,-0.115029553985455
1991-12,0.09170673289510875,0.09170673289510875,0.09581875245990376,2.9596267678033112,-0.11040930581409303
1992-01,0.08915764827976043,0.08915764827976043,0.09554466836659711,2.886497888328509,-0.09884744076967134
1992-02,0.09088371096651242,0.09088371096651242,0.09515814751002112,2.9727850214128795,-0.12517579337733142
1992-03,0.09131936020262311,0.09131936020262311,0.09478325158488876,2.9999999999999996,-0.13852825991183138
1992-04,0.0943733152859092,0.0943733152859092,0.09440928483045395,3.0,-0.17372452117409665
1992-05,0.09248934123980279,0.09248934123980279,0.09406635534981724,3.0,-0.1436141451572729
1992-06,0.09320394334810071,0.09320394334810071,0.09361443737446887,3.0,-0.10791541349239542
1992-07,0.09311467769206623,0.09311467769206623,0.0931288247857893,2.999999999999998,-0.10517974970077404
1992-08,0.08955432439744325,0.08955432439744325,0.0926315504633961,2.999999999999998,-0.11271823074602716
1992-09,0.08825655090111419,0.08825655090111419,0.09206729311301116,2.9999999999999996,-0.1175533806679041
1992-10,0.09307205240824515,0.09307205240824515,0.09152563392577112,2.999999999999998,-0.16237293374220874
1992-11,0.09190295426295682,0.09190295426295682,0.09106066462941269,3.0,-0.15037524402714353
1992-12,0.09188818803827735,0.09188818803827735,0.09045880588420044,2.9999999999999996,-0.12991838620808827
1993-01,0.09188606320601535,0.09188606320601535,0.08986767973028499,2.9999999999999996,-0.1267191753918676
1993-02,0.09423855017935302,0.09423855017935302,0.08932892857230446,3.0,-0.09413525422558644
1993-03,0.099680617464355,0.099680617464355,0.0888127058804007,3.0,-0.04136342214793387
1993-04,0.09971167159677866,0.09971167159677866,0.08840566453175953,2.999999999999998,-0.03086417171491418
1993-05,0.0991943573813441,0.0991943573813441,0.08806953022472391,3.0,-0.035310483371189916
1993-06,0.09993693559850068,0.09993693559850068,0.08771154027857864,2.999999999999997,-0.011804134111318976
1993-07,0.10585907866058161,0.10585907866058161,0.08735517917023947,3.0,0.0
1993-08,0.10490047037793335,0.10490047037793335,0.0871150114581423,3.0,-0.0032947465647534813
1993-09,0.10539245339661286,0.10539245339661286,0.08670527808241131,2.9999999999999996,-0.02185105879269411
1993-10,0.1042573638857751,0.1042573638857751,0.08603781725764442,2.9999999999999996,0.0
1993-11,0.10177315632592804,0.10177315632592804,0.08533721759873512,2.9999999999999996,-0.0013600148490742203
1993-12,0.10492506378980539,0.10492506378980539,0.08474228615050862,2.9999999999999973,0.0
1994-01,0.10469758495333677,0.10469758495333677,0.08419527673572368,3.0,0.0
1994-02,0.10744080603914916,0.10744080603914916,0.08369503365693627,3.0,-0.03525103450691969
1994-03,0.10914448844027828,0.10914448844027828,0.08324123715927459,3.0,-0.0730662721113049
1994-04,0.11003661004768323,0.11003661004768323,0.08284364522161569,3.0,-0.08957625426767812
1994-05,0.11009087450864508,0.11009087450864508,0.08246877533584308,2.999999999999998,-0.07792552052454738
1994-06,0.10621863943734368,0.10621863943734368,0.08216617783084411,2.9999999999999996,-0.08929546723717408
1994-07,0.10485138437715912,0.10485138437715912,0.08169384796753944,3.0,-0.06089502238231026
1994-08,0.10400798375767822,0.10400798375767822,0.0813304238527028,2.9999999999999996,-0.06603979622530887
1994-09,0.09942056719393344,0.09942056719393344,0.08094039993181348,3.0,-0.0969274631154502
1994-10,0.09953617910677093,0.09953617910677093,0.08039366386092306,2.999999999999998,-0.07883014364008889
1994-11,0.10153525411706435,0.10153525411706435,0.07993216509216258,3.0,-0.1141494390767539
1994-12,0.10274484333123221,0.10274484333123221,0.07947155198022718,2.9999999999999982,-0.08671835921595483
1995-01,0.10279122123833236,0.10279122123833236,0.07906458461478237,3.0,-0.0922675707913646
1995-02,0.10149974545797366,0.10149974545797366,0.07879301206493647,3.0,-0.0703747320121213
1995-03,0.10197836136609281,0.10197836136609281,0.07851850486004557,3.0,-0.03944144173461761
1995-04,0.09934859942930416,0.09934859942930416,0.07822788546248445,3.0,-0.004313017742379577
1995-05,0.09926095856822886,0.09926095856822886,0.07791464747460254,2.9999999999999982,0.0
1995-06,0.09741536439447927,0.09741536439447927,0.07772594728431506,2.9999999999999996,0.0
1995-07,0.097873550482153,0.097873550482153,0.07757083560243105,3.0,0.0
1995-08,0.09737389103649728,0.09737389103649728,0.07742482989164627,2.9999999999999973,0.0
1995-09,0.09831667258665105,0.09831667258665105,0.0773587174107495,2.9999999999999996,0.0
1995-10,0.09137784141352638,0.09137784141352638,0.07726762248712793,2.999999999999998,0.0
1995-11,0.09150262961903546,0.09150262961903546,0.0769580541282184,2.9999999999999996,0.0
1995-12,0.09194148734789556,0.09194148734789556,0.07680477946041345,3.0,0.0
1996-01,0.0921381698688858,0.0921381698688858,0.0766378192275367,2.9999999999999996,-0.0010711071476139367
1996-02,0.09148420235763931,0.09148420235763931,0.07650971634244455,3.0,-0.006700516355119923
1996-03,0.08715209578697969,0.08715209578697969,0.07638162560836649,3.0,0.0
1996-04,0.08819060322936736,0.08819060322936736,0.07608965813826285,3.0,0.0
1996-05,0.08826382383650629,0.08826382383650629,0.07580793177420875,3.0,-0.005784423452387499
1996-06,0.08885313226187833,0.08885313226187833,0.07556273862053564,3.0,-0.018261491882777037
1996-07,0.0841296603951611,0.0841296603951611,0.07529939710529562,3.0,-0.03873830598246253
1996-08,0.08530056456852989,0.08530056456852989,0.07488106682541419,3.0,-0.005984081899158
1996-09,0.08416159890529606,0.08416159890529606,0.07459658353874382,2.999999999999999,-0.010439663561547352
1996-10,0.08405292471333387,0.08405292471333387,0.07454252164265045,3.0,-0.0201918031000079
1996-11,0.08942715178349392,0.08942715178349392,0.07449240737120104,2.9999999999999996,0.0
1996-12,0.08822876890440913,0.08822876890440913,0.07452487356115134,3.0,-0.026795432960084464
1997-01,0.0886689220821065,0.0886689220821065,0.0744569400439377,3.0,-0.03639811826481132
1997-02,0.08670358615263969,0.08670358615263969,0.0743354721305404,2.999999999999999,-0.0016904173923887322
1997-03,0.08446673601645889,0.08446673601645889,0.07414436734130361,3.0,-0.027226568918918614
1997-04,0.08333249975580148,0.08333249975580148,0.07383893975117818,2.9999999999999996,-0.004925450972068979
1997-05,0.0855384484282282,0.0855384484282282,0.07348147045782422,3.0,0.0
1997-06,0.08671753224749112,0.08671753224749112,0.07313950336993552,2.9999999999999973,-0.02282683579293998
1997-07,0.08989523041666489,0.08989523041666489,0.07285719483832467,2.999999999999998,0.0
1997-08,0.09244768582546027,0.09244768582546027,0.07267560388926388,2.999999999999998,-0.029447129437827124
1997-09,0.09024955760562574,0.09024955760562574,0.07253598208887743,3.0,0.0
1997-10,0.09091392391115474,0.09091392391115474,0.07238558065814676,2.999999999999998,-0.008159561887845501
1997-11,0.08791355824097133,0.08791355824097133,0.07223761206844242,2.9999999999999996,-0.02716201660292794
1997-12,0.0914966980483063,0.0914966980483063,0.07199608763448548,2.9999999999999996,-0.06233385756491561
1998-01,0.09200991877615387,0.09200991877615387,0.07181967705526339,2.9999999999999973,-0.029691434238444447
1998-02,0.09289038606821486,0.09289038606821486,0.07165606162312026,2.9999999999999996,-0.04363494595088524
1998-03,0.09194611382226223,0.09194611382226223,0.07148087680336922,2.999999999999998,-0.03896794455961772
1998-04,0.09101886005856263,0.09101886005856263,0.07128134652281898,3.0,-0.04567621497238383
1998-05,0.09532039887112752,0.09532039887112752,0.07103598247316709,2.999999999999998,-0.09206971618208049
1998-06,0.09560354371320012,0.09560354371320012,0.07083170044316608,2.999999999999998,-0.10088917470247816
1998-07,0.10143789313964899,0.10143789313964899,0.07063531182037022,3.0,-0.15241411924708437
1998-08,0.10981874090989448,0.10981874090989448,0.07055576450785535,2.9999999999999996,-0.21154046823271244
1998-09,0.11827070604056045,0.11827070604056045,0.07058666248194898,2.9999999999999982,-0.1446716099508334
1998-10,0.11909943229886967,0.11909943229886967,0.07081515864155069,2.9999999999999973,-0.11992859507589715
1998-11,0.11931289292549116,0.11931289292549116,0.07119550572759235,3.0,-0.13726806571333916
1998-12,0.11818259011799562,0.11818259011799562,0.07156385823092588,3.0,-0.14677225275772454
1999-01,0.1181803990214395,0.1181803990214395,0.07191454470972555,2.9999999999999987,-0.1472108831285871
1999-02,0.12814818347297097,0.12814818347297097,0.0722431684005162,3.0,-0.21996610093053803
1999-03,0.13031692413210064,0.13031692413210064,0.07276800220855324,3.0,-0.18702088860972388
1999-04,0.12904687286788263,0.12904687286788263,0.07339935003417734,2.9999999999999996,-0.17569158821784348
1999-05,0.1320192032249097,0.1320192032249097,0.07410852414769575,3.0,-0.21670118277505068
1999-06,0.13221978136147397,0.13221978136147397,0.07489443459048692,2.9999999999999996,-0.2058458167820444
1999-07,0.1322297860403736,0.1322297860403736,0.07570422432681187,2.9999999999999996,-0.22257089438240263
1999-08,0.13096987851704137,0.13096987851704137,0.07656697549599815,2.9999999999999996,-0.2097975022554528
1999-09,0.1320570997640112,0.1320570997640112,0.07739715754332074,2.9999999999999996,-0.18844130597842712
1999-10,0.1322090920604522,0.1322090920604522,0.0782604552736556,2.9999999999999996,-0.20078723235971052
1999-11,0.12678439439905592,0.12678439439905592,0.07909921012739424,3.0,-0.20288554380458468
1999-12,0.12609650413938464,0.12609650413938464,0.07973275779073877,2.9999999999999982,-0.199223330742061
2000-01,0.12608565850972495,0.12608565850972495,0.08038582139146334,2.9999999999999996,-0.20666885845777927
2000-02,0.12489219386941702,0.12489219386941702,0.08099121857990209,3.0,-0.18894491648384093
2000-03,0.1279748930282161,0.1279748930282161,0.08158743074303886,3.0,-0.14728140546809476
2000-04,0.13210514991606817,0.13210514991606817,0.0822902745049396,2.9999999999999982,-0.20124343124887645
2000-05,0.12923893222350352,0.12923893222350352,0.08309322844162219,2.999999999999997,-0.19910845769946972
2000-06,0.12914286873190786,0.12914286873190786,0.08382586457917642,3.0,-0.18858352868675587
2000-07,0.12480872843730492,0.12480872843730492,0.08457635564437824,3.0,-0.2096680418738518
2000-08,0.12507866974220866,0.12507866974220866,0.08519326167905267,2.9999999999999996,-0.1911721788736176
2000-09,0.12264354444517367,0.12264354444517367,0.08577139041494075,3.0,-0.2087654087219477
2000-10,0.12369075299791636,0.12369075299791636,0.0863253387010045,2.9999999999999996,-0.23544756053712412
2000-11,0.12445710263011592,0.12445710263011592,0.08693326774943008,2.9999999999999996,-0.21943410039295275
2000-12,0.12592998274335024,0.12592998274335024,0.08758680186581465,2.9999999999999996,-0.18722226026063127
2001-01,0.12393528177312482,0.12393528177312482,0.08823011629209365,3.0,-0.19611333288731203
2001-02,0.12478185656552597,0.12478185656552597,0.08881403609354813,2.999999999999998,-0.22133867665445528
2001-03,0.13130378298581402,0.13130378298581402,0.08940909510555785,2.999999999999999,-0.28118751088110217
2001-04,0.1339297223474159,0.1339297223474159,0.09015913670181655,2.9999999999999996,-0.25360416952986964
2001-05,0.13160297367210588,0.13160297367210588,0.09097875088851588,2.942883800882414,-0.26308117117443275
2001-06,0.1319773081724331,0.1319773081724331,0.09176219191584035,2.973000123449226,-0.27987817243876767
2001-07,0.12972948298229964,0.12972948298229964,0.09253569906284735,2.97243748444944,-0.25903835291579735
2001-08,0.12386102851661632,0.12386102851661632,0.09321225880527355,2.9999999999999973,-0.27147514916042226
2001-09,0.11878215112570609,0.11878215112570609,0.09367520421073451,3.0,-0.3216077926736317
2001-10,0.11848050876788777,0.11848050876788777,0.09386004232272693,2.9999999999999996,-0.3041135477401711
2001-11,0.1196631779400323,0.1196631779400323,0.09401744793348997,3.0,-0.28545573859471673
2001-12,0.12000071411852836,0.12000071411852836,0.09420524369505369,2.9999999999999973,-0.3007141164498356
2002-01,0.12020128633033215,0.12020128633033215,0.09442911574515307,3.0,-0.31322396500517
2002-02,0.11084573641528456,0.11084573641528456,0.09415737636409383,3.0,-0.3040409585747409
2002-03,0.10781205120412608,0.10781205120412608,0.09361927967288174,2.9999999999999996,-0.29848295060427577
2002-04,0.10731272519379197,0.10731272519379197,0.09304112601484961,2.999999999999998,-0.3000692909974454
2002-05,0.1054317810181539,0.1054317810181539,0.0923795847579566,2.9999999999999996,-0.2797729915872156
2002-06,0.10562474892248297,0.10562474892248297,0.09161914435073905,3.0,-0.2673319566175457
2002-07,0.10524953299906428,0.10524953299906428,0.090835083978992,2.999999999999998,-0.25907886880098896
2002-08,0.1055818060986223,0.1055818060986223,0.09000500797670623,2.999999999999998,-0.2430854455133875
2002-09,0.10447984366580884,0.10447984366580884,0.08919637063097226,3.0,-0.2359177014788768
2002-10,0.10466594852153141,0.10466594852153141,0.08835702164110561,2.999999999999999,-0.22279814637944162
2002-11,0.10476470986541295,0.10476470986541295,0.0875120339700136,3.0,-0.21660641159883687
2002-12,0.10506380778470407,0.10506380778470407,0.08678089303133932,2.9999999999999996,-0.20535662082879114
2003-01,0.10574209443529825,0.10574209443529825,0.08608028902618689,2.9999999999999996,-0.18673676026245234
2003-02,0.10499231757924377,0.10499231757924377,0.08539413939791271,2.999999999999998,-0.18545532788704389
2003-03,0.10174412740012391,0.10174412740012391,0.0847071094496886,2.9999999999999973,-0.20795402339346858
2003-04,0.09767892921249226,0.09767892921249226,0.08393371781900885,2.9999999999999996,-0.176254940221639
2003-05,0.10525159733698253,0.10525159733698253,0.08303200025286384,3.0,-0.11931572541779922
2003-06,0.10511860510417938,0.10511860510417938,0.0822872777923646,2.999999999999997,-0.1210531538695715
2003-07,0.1042356995473777,0.1042356995473777,0.08154198796680454,2.999999999999997,-0.1335688996323846
2003-08,0.10653181321694015,0.10653181321694015,0.08090110681687009,2.9999999999999973,-0.09378452931933356
2003-09,0.1085785405825071,0.1085785405825071,0.08028851412597583,2.9999999999999996,-0.04929150337547017
2003-10,0.10672666659880146,0.10672666659880146,0.07977757899095396,2.9999999999999996,-0.022979333144882652
2003-11,0.1065075924078445,0.1065075924078445,0.07917493891943148,3.0,-0.008862704302509239
2003-12,0.10597155772686066,0.10597155772686066,0.07856069916257406,2.9999999999999996,0.0
2004-01,0.10677531638160626,0.10677531638160626,0.07791846779602121,2.999999999999998,0.0
2004-02,0.10772749072123404,0.10772749072123404,0.07733958220871726,3.0,0.0
2004-03,0.09556374965752057,0.09556374965752057,0.07675304274356956,2.9999999999999982,0.0
2004-04,0.10210473458808736,0.10210473458808736,0.07590758470574545,3.0,-0.05383881367045695
2004-05,0.1015790804807267,0.1015790804807267,0.07513116894671365,2.9999999999999996,-0.05861512525480339
2004-06,0.10025761893968922,0.10025761893968922,0.07433477605883536,3.0,-0.06679919249755317
2004-07,0.10088731073645985,0.10088731073645985,0.07349969617557309,3.0,-0.08038896197524392
2004-08,0.10110010043253576,0.10110010043253576,0.07267188226996073,2.9999999999999996,-0.041573216249836675
2004-09,0.0888331706106656,0.0888331706106656,0.07201802036474676,3.0,-0.027036149163372714
2004-10,0.08862516039292288,0.08862516039292288,0.07135961466276006,3.0,-0.008934400519166497
2004-11,0.0902165885595798,0.0902165885595798,0.07069971601269456,2.999999999999999,0.0
2004-12,0.08765603444556566,0.08765603444556566,0.07004046488250856,2.9999999999999996,0.0
2005-01,0.08700973898436486,0.08700973898436486,0.06929779635104086,2.9999999999999996,-0.01263560182498824
2005-02,0.08771756938297069,0.08771756938297069,0.06921481440181627,3.0,0.0
2005-03,0.08846574264899602,0.08846574264899602,0.06926433182950693,2.999999999999998,-0.004824306081073648
2005-04,0.08908917798490731,0.08908917798490731,0.0693458264440051,2.9999999999999973,-0.014309801186683568
2005-05,0.08876870031145803,0.08876870031145803,0.0694405026700342,2.999999999999998,-0.00011871080754766172
2005-06,0.0888428923701806,0.0888428923701806,0.06956122732391185,3.0,0.0
2005-07,0.0888086791484426,0.0888086791484426,0.0696888825416645,3.0,0.0
2005-08,0.08879400950206022,0.08879400950206022,0.06984106026157577,2.9999999999999996,0.0
2005-09,0.0887576124953357,0.0887576124953357,0.06997458390282238,2.999999999999998,0.0
2005-10,0.0930493380108713,0.0930493380108713,0.07011102365591952,2.9999999999999996,-0.03281827188603359
2005-11,0.09328184447540501,0.09328184447540501,0.07032323670940667,2.9999999999999996,-0.00619541404537427
2005-12,0.09408092198477497,0.09408092198477497,0.07053915239906519,2.9999999999999996,0.0
2006-01,0.0948178115386679,0.0948178115386679,0.07076113718230695,2.9999999999999996,0.0
2006-02,0.09661443488104401,0.09661443488104401,0.07099394615816354,2.999999999999998,-0.019107329251647376
2006-03,0.09410880067362606,0.09410880067362606,0.07127072646539574,3.0,-0.02506570575652156
2006-04,0.09362788387866652,0.09362788387866652,0.07151358695279997,2.999999999999998,0.0
2006-05,0.0905235870904631,0.0905235870904631,0.07172954870250466,2.999999999999998,-0.02214167179482207
2006-06,0.09058753266282037,0.09058753266282037,0.07171674947175012,3.0,-0.025130327119398332
2006-07,0.08915464557418476,0.08915464557418476,0.0717065898056523,3.0,-0.015501508535166852
2006-08,0.08708124395270513,0.08708124395270513,0.07165751315314062,2.999999999999998,-0.0028163999817908403
2006-09,0.08556297790215908,0.08556297790215908,0.07155081954527422,3.0,-0.015638537359398685
2006-10,0.08644805475313191,0.08644805475313191,0.07139160103695674,3.0,0.0
2006-11,0.08726636919315317,0.08726636919315317,0.07125598204723656,3.0,0.0
2006-12,0.08745949469812882,0.08745949469812882,0.07112336995798343,2.999999999999998,-0.015615110764409468
2007-01,0.08714481001775837,0.08714481001775837,0.07091119056117423,2.9999999999999996,-0.029462754856547257
2007-02,0.08264277625886189,0.08264277625886189,0.0706757122558943,2.999999999999998,-0.009831925297907329
2007-03,0.08051732769406117,0.08051732769406117,0.07035997597906136,3.0,-0.008078044598042844
2007-04,0.07264540640622916,0.07264540640622916,0.07015192978996895,3.0,0.0
2007-05,0.07215427527636217,0.07215427527636217,0.06964793225991966,2.999999999999998,0.0
2007-06,0.07187316761331052,0.07187316761331052,0.06915889590946549,2.999999999999999,-0.005117740362977075
2007-07,0.07046666350124849,0.07046666350124849,0.0687046987983429,2.9999999999999996,0.0
2007-08,0.06794737866577091,0.06794737866577091,0.06822219266448303,3.0,0.0
2007-09,0.0765465986149235,0.0765465986149235,0.06766449540480146,3.0,0.0
2007-10,0.07690210452323235,0.07690210452323235,0.06739069049282083,2.9999999999999996,0.0
2007-11,0.07440072012105146,0.07440072012105146,0.06712357851175002,2.9999999999999996,-0.0033488029691095544
2007-12,0.07441202200354742,0.07441202200354742,0.06677075802603417,3.0,0.0
2008-01,0.07338726199123846,0.07338726199123846,0.06645696711453415,3.0,0.0
2008-02,0.0829065304022774,0.0829065304022774,0.06615516612807551,2.9999999999999982,0.0
2008-03,0.09113751020706116,0.09113751020706116,0.06594775147251324,3.0,-0.05592071145750632
2008-04,0.09092536914780158,0.09092536914780158,0.0658500151994645,3.0,-0.030355405680863146
2008-05,0.09143166485810285,0.09143166485810285,0.06574612169482212,2.999999999999998,-0.03648886883646563
2008-06,0.0923704697582963,0.0923704697582963,0.065650088851513,2.999999999999998,-0.048533422701161344
2008-07,0.0948044911259976,0.0948044911259976,0.06555452630894702,2.9999999999999982,-0.07498770754207418
2008-08,0.0977602902068893,0.0977602902068893,0.0654742783794783,2.9999999999999987,-0.10545563650983691
2008-09,0.11777986927911618,0.11777986927911618,0.06544425797359407,2.9999999999999982,-0.20168428015964146
2008-10,0.15557726237808772,0.15557726237808772,0.06578208706777987,2.9999999999999982,-0.34158786497802185
2008-11,0.15487640715724166,0.15487640715724166,0.06677231325038718,3.0,-0.33388080077187177
2008-12,0.15635572340853257,0.15635572340853257,0.06773988839329899,2.874010711691918,-0.2997520659030919
2009-01,0.16004199648696057,0.16004199648696057,0.06867289307722273,2.7963225234242812,-0.3500939191489727
2009-02,0.16235730251962774,0.16235730251962774,0.06958155018147714,2.710332358087513,-0.3844499122372157
2009-03,0.167605014680047,0.167605014680047,0.07043823156368013,2.6673997976362944,-0.34262474916678864
2009-04,0.1679251517485437,0.1679251517485437,0.07134176425656479,2.5749356792771265,-0.3176844240855432
2009-05,0.17332221306436846,0.17332221306436846,0.07229567938305179,2.572100862984688,-0.266036405444548
2009-06,0.17389080610738314,0.17389080610738314,0.07332138961901936,2.4772863411124075,-0.28354043155537056
2009-07,0.1757248391729413,0.1757248391729413,0.07432613189522794,2.476880844056172,-0.2514270157951827
2009-08,0.17567697675490485,0.17567697675490485,0.07534344988816952,2.4519981083883957,-0.24349876184748487
2009-09,0.1760949938017288,0.1760949938017288,0.07636176636177149,2.454640518350712,-0.22322470842381004
2009-10,0.1750427028389689,0.1750427028389689,0.07736832327261266,2.4476083070590664,-0.21007146050821202
2009-11,0.17640258938637965,0.17640258938637965,0.07835825358953659,2.4500293094832437,-0.17063455863282606
2009-12,0.17626714503559998,0.17626714503559998,0.07932803394828263,2.412643380308782,-0.1798447624253272
2010-01,0.17638017799674904,0.17638017799674904,0.08032934316146383,2.413880846578682,-0.1940601227103781
2010-02,0.176383645001685,0.176383645001685,0.08131848700388634,2.4154630558972663,-0.17767965642755568
2010-03,0.1765456490511624,0.1765456490511624,0.08234695718276429,2.4229930834514835,-0.16520601105515986
2010-04,0.17627566918636647,0.17627566918636647,0.08336323819223741,2.424495134468465,-0.14953074102897035
2010-05,0.1779270422988535,0.1779270422988535,0.08448169704516108,2.417836544218913,-0.1839865237269528
2010-06,0.17801093143536767,0.17801093143536767,0.08558079419986052,2.3955790194728896,-0.17394814633871747
2010-07,0.18111206387606074,0.18111206387606074,0.08666108224652973,2.402426193879058,-0.1250497263821575
2010-08,0.18111187354443864,0.18111187354443864,0.08773699335846655,2.3596886821449057,-0.1224434837091728
2010-09,0.17990009047887046,0.17990009047887046,0.08883547686349519,2.3435553315363253,-0.06966464010349804
2010-10,0.180299792418043,0.180299792418043,0.08983138878793054,2.320792248717744,-0.038565767725330935
2010-11,0.18043606626543135,0.18043606626543135,0.0908207445679661,2.3070977970314184,-0.04890100330702807
2010-12,0.1826665697938399,0.1826665697938399,0.09183308372932346,2.30087000033685,0.0
2011-01,0.18276767588219586,0.18276767588219586,0.09283464695691941,2.270113822089663,0.0
2011-02,0.1771562058339707,0.1771562058339707,0.09383130100457622,2.251493409305577,0.0
2011-03,0.1738153541604123,0.1738153541604123,0.09474405363409075,2.271204494937386,-0.003805906171821194
2011-04,0.17394336797105103,0.17394336797105103,0.09557226023372736,2.3052766932030893,0.0
2011-05,0.17396959749387966,0.17396959749387966,0.09639162768128916,2.3071372619295554,-0.0075719799560732826
2011-06,0.17392592479589974,0.17392592479589974,0.09720101251728663,2.3232817796839114,-0.018560883822716256
2011-07,0.17365899140023774,0.17365899140023774,0.09799684293338691,2.311004120688367,0.0
2011-08,0.1722520047805755,0.1722520047805755,0.09877147530882205,2.2907332053571006,-0.0033238158131295714
2011-09,0.1652042946752512,0.1652042946752512,0.09950838405608611,2.3098155368527293,-0.07464839603727191
2011-10,0.1271604913820031,0.1271604913820031,0.09999866249422144,2.298247269292365,-0.023131578475479087
2011-11,0.12920427026798192,0.12920427026798192,0.1,2.556547401066592,-0.04851023363687745
2011-12,0.12722062648958116,0.12722062648958116,0.1,2.565216777308355,-0.04441570126785355
2012-01,0.11862212042939474,0.11862212042939474,0.1,2.5743148847205886,-0.0013840404570379938
2012-02,0.11175770620248816,0.11175770620248816,0.1,2.6949299671833598,0.0
2012-03,0.10924887327830667,0.10924887327830667,0.1,2.7747070474825115,-0.018131436805756462
2012-04,0.10848977908614374,0.10848977908614374,0.1,2.814114042726252,-0.014275002961990135
2012-05,0.10982604020212018,0.10982604020212018,0.1,2.817472762274212,-0.0724381574820876
2012-06,0.1103824134299988,0.1103824134299988,0.1,2.8068256516718364,-0.02605678474202866
2012-07,0.11006670456959874,0.11006670456959874,0.1,2.799909998979408,0.0
2012-08,0.11068801307028943,0.11068801307028943,0.1,2.812295988093434,0.0
2012-09,0.11035570837263581,0.11035570837263581,0.1,2.806719677075896,0.0
2012-10,0.111337942677523,0.111337942677523,0.1,2.813456287502161,-0.01456352004567285
2012-11,0.10894135274873296,0.10894135274873296,0.1,2.789433618508483,0.0
2012-12,0.10856202276296188,0.10856202276296188,0.1,2.8494420626817547,-0.004294801209581145
2013-01,0.10734474694073134,0.10734474694073134,0.1,2.92402700375302,0.0
2013-02,0.10778278746307132,0.10778278746307132,0.1,2.917352293161858,-0.008762191594042124
2013-03,0.10779348692450286,0.10779348692450286,0.1,2.906800836874162,0.0
2013-04,0.1076714630866273,0.1076714630866273,0.1,2.905587151461554,0.0
2013-05,0.10616074365045072,0.10616074365045072,0.1,2.908589576364188,-0.030126839770461267
2013-06,0.11102743831806722,0.11102743831806722,0.1,2.900035250121333,-0.07496949883033088
2013-07,0.10855632131306583,0.10855632131306583,0.1,2.786201587251317,-0.03791991723158794
2013-08,0.10879432064704408,0.10879432064704408,0.1,2.8735482680974735,-0.04304674860047064
2013-09,0.10535989247402847,0.10535989247402847,0.1,2.889346885050302,-0.011828392593042913
2013-10,0.10456267330077028,0.10456267330077028,0.1,2.989587956020801,0.0
2013-11,0.10406366095865738,0.10406366095865738,0.09997904522774081,2.9999999999999996,0.0
2013-12,0.1008366103814412,0.1008366103814412,0.09993340547994631,3.0,-0.008069713558030656
2014-01,0.10074897641682307,0.10074897641682307,0.09980850939982092,2.999999999999998,0.0
2014-02,0.10806035476328953,0.10806035476328953,0.09968448983669008,2.9999999999999996,0.0
2014-03,0.10787359161436201,0.10787359161436201,0.09964218013273793,2.9999999999999996,0.0
2014-04,0.1073521109663696,0.1073521109663696,0.09959249931373626,2.999999999999999,0.0
2014-05,0.10700686405877853,0.10700686405877853,0.09951830532540058,2.9999999999999982,0.0
2014-06,0.10649885608305264,0.10649885608305264,0.09942865790692122,2.9999999999999996,0.0
2014-07,0.10771873908896067,0.10771873908896067,0.09933619548859281,2.999999999999999,-0.03022950128568891
2014-08,0.1077994472555417,0.1077994472555417,0.09920980454920153,2.999999999999998,-0.011905583934071706
2014-09,0.10223180441167612,0.10223180441167612,0.09910539220181033,3.0,-0.057063400568579725
2014-10,0.09826201543913907,0.09826201543913907,0.09882690594863004,3.0,-0.0444583536978862
2014-11,0.0964054622857742,0.0964054622857742,0.09841671029860592,2.9999999999999996,-0.042731697631988586
2014-12,0.09964148371256448,0.09964148371256448,0.09796335354117837,2.999999999999998,-0.07755728362859637
