month,COMM,EQ,FI,FX,total
1976-01,7,0,0,0,7
1976-02,11,0,0,0,11
1976-03,11,0,0,0,11
1976-04,11,0,0,0,11
1976-05,11,0,0,0,11
1976-06,11,0,0,0,11
1976-07,11,0,0,0,11
1976-08,11,0,0,0,11
1976-09,11,0,0,0,11
1976-10,11,0,0,0,11
1976-11,11,0,0,0,11
1976-12,11,0,0,0,11
1977-01,11,0,0,0,11
1977-02,13,0,0,0,13
1977-03,13,0,0,0,13
1977-04,13,0,0,0,13
1977-05,13,0,0,0,13
1977-06,13,0,0,0,13
1977-07,13,0,0,0,13
1977-08,13,0,0,0,13
1977-09,13,0,0,0,13
1977-10,13,0,0,0,13
1977-11,13,0,0,0,13
1977-12,13,0,0,0,13
1978-01,13,0,0,0,13
1978-02,16,0,0,0,16
1978-03,16,0,0,1,17
1978-04,16,0,0,1,17
1978-05,16,0,0,1,17
1978-06,16,0,0,1,17
1978-07,16,0,0,1,17
1978-08,16,0,0,1,17
1978-09,16,0,0,1,17
1978-10,16,0,0,1,17
1978-11,16,0,0,1,17
1978-12,16,0,0,1,17
1979-01,16,0,0,1,17
1979-02,16,0,0,3,19
1979-03,16,0,0,3,19
1979-04,16,0,0,3,19
1979-05,16,0,0,3,19
1979-06,16,0,0,3,19
1979-07,16,0,0,3,19
1979-08,16,0,0,3,19
1979-09,16,0,0,3,19
1979-10,16,0,0,3,19
1979-11,16,0,0,3,19
1979-12,16,0,0,3,19
1980-01,16,0,0,3,19
1980-02,16,0,0,3,19
1980-03,16,0,0,3,19
1980-04,16,0,0,3,19
1980-05,16,0,0,3,19
1980-06,16,0,0,3,19
1980-07,16,0,0,3,19
1980-08,16,0,0,3,19
1980-09,16,0,0,3,19
1980-10,16,0,0,3,19
1980-11,16,0,0,3,19
1980-12,16,0,0,3,19
1981-01,16,0,0,3,19
1981-02,17,0,1,5,23
1981-03,17,0,1,5,23
1981-04,17,0,1,5,23
1981-05,17,0,1,5,23
1981-06,17,0,1,5,23
1981-07,17,0,1,5,23
1981-08,17,0,1,5,23
1981-09,17,0,1,5,23
1981-10,17,0,1,5,23
1981-11,17,0,1,5,23
1981-12,17,0,1,5,23
1982-01,17,0,1,5,23
1982-02,17,0,1,5,23
1982-03,17,0,1,5,23
1982-04,17,0,1,5,23
1982-05,17,0,1,5,23
1982-06,17,0,1,5,23
1982-07,17,0,1,5,23
1982-08,17,0,1,5,23
1982-09,17,0,1,5,23
1982-10,17,0,1,5,23
1982-11,17,0,1,5,23
1982-12,17,0,1,5,23
1983-01,17,0,1,5,23
1983-02,17,0,1,5,23
1983-03,17,0,1,5,23
1983-04,17,0,1,5,23
1983-05,17,0,1,5,23
1983-06,17,0,1,5,23
1983-07,17,0,1,5,23
1983-08,17,0,1,5,23
1983-09,17,0,1,5,23
1983-10,17,0,1,5,23
1983-11,17,0,1,5,23
1983-12,17,0,1,5,23
1984-01,17,0,1,5,23
1984-02,19,0,1,5,25
1984-03,19,0,1,5,25
1984-04,19,0,1,5,25
1984-05,19,0,1,5,25
1984-06,19,0,1,5,25
1984-07,19,0,1,5,25
1984-08,19,0,1,5,25
1984-09,19,0,1,5,25
1984-10,19,0,1,5,25
1984-11,19,0,1,5,25
1984-12,19,0,1,5,25
1985-01,19,0,1,5,25
1985-02,19,0,1,5,25
1985-03,19,0,1,5,25
1985-04,19,0,1,5,25
1985-05,19,1,1,5,26
1985-06,19,1,1,5,26
1985-07,19,1,1,5,26
1985-08,19,1,1,5,26
1985-09,19,1,1,5,26
1985-10,19,1,1,5,26
1985-11,19,1,1,5,26
1985-12,19,1,1,5,26
1986-01,19,1,1,5,26
1986-02,20,1,2,5,28
1986-03,20,1,2,5,28
1986-04,20,1,2,5,28
1986-05,20,1,2,5,28
1986-06,20,1,2,5,28
1986-07,20,1,2,5,28
1986-08,20,1,2,5,28
1986-09,20,1,2,5,28
1986-10,20,1,2,5,28
1986-11,20,1,2,5,28
1986-12,20,1,2,5,28
1987-01,20,1,2,5,28
1987-02,21,1,2,5,29
1987-03,21,1,2,5,29
1987-04,21,1,2,5,29
1987-05,21,1,2,5,29
1987-06,21,1,2,5,29
1987-07,21,1,2,5,29
1987-08,21,1,2,5,29
1987-09,21,1,2,5,29
1987-10,21,1,2,5,29
1987-11,21,1,2,5,29
1987-12,21,1,2,5,29
1988-01,21,1,2,5,29
1988-02,22,1,2,5,30
1988-03,22,1,2,5,30
1988-04,22,1,2,5,30
1988-05,22,1,2,5,30
1988-06,22,1,2,5,30
1988-07,22,1,2,5,30
1988-08,22,1,2,5,30
1988-09,22,1,2,5,30
1988-10,22,1,2,5,30
1988-11,22,1,2,5,30
1988-12,22,1,2,5,30
1989-01,22,1,2,5,30
1989-02,22,1,2,5,30
1989-03,22,1,2,5,30
1989-04,22,1,2,5,30
1989-05,22,1,2,5,30
1989-06,22,1,2,5,30
1989-07,22,1,2,5,30
1989-08,22,1,2,5,30
1989-09,22,1,2,5,30
1989-10,22,1,2,5,30
1989-11,22,1,2,5,30
1989-12,22,1,2,5,30
1990-01,22,1,2,5,30
1990-02,23,1,2,5,31
1990-03,23,1,2,5,31
1990-04,23,1,2,5,31
1990-05,23,1,2,5,31
1990-06,23,1,2,5,31
1990-07,23,1,2,5,31
1990-08,23,1,2,5,31
1990-09,23,1,2,5,31
1990-10,23,1,2,5,31
1990-11,23,1,2,5,31
1990-12,23,1,2,5,31
1991-01,23,1,2,5,31
1991-02,23,1,2,6,32
1991-03,23,1,2,6,32
1991-04,23,1,2,6,32
1991-05,23,1,2,6,32
1991-06,23,1,2,6,32
1991-07,23,1,2,6,32
1991-08,23,1,2,6,32
1991-09,23,1,2,6,32
1991-10,23,1,2,6,32
1991-11,23,1,2,6,32
1991-12,23,1,2,6,32
1992-01,23,1,2,6,32
1992-02,24,1,3,6,34
1992-03,24,1,3,6,34
1992-04,24,1,3,6,34
1992-05,24,1,3,6,34
1992-06,24,1,3,6,34
1992-07,24,1,3,6,34
1992-08,24,1,3,6,34
1992-09,24,1,3,6,34
1992-10,24,1,3,6,34
1992-11,24,1,3,6,34
1992-12,24,1,5,6,36
1993-01,24,1,5,6,36
1993-02,24,2,5,6,37
1993-03,24,2,5,6,37
1993-04,24,2,5,6,37
1993-05,24,2,5,6,37
1993-06,24,2,5,6,37
1993-07,24,2,5,6,37
1993-08,24,2,5,6,37
1993-09,24,2,5,6,37
1993-10,24,2,6,6,38
1993-11,24,2,6,6,38
1993-12,24,2,6,6,38
1994-01,24,2,6,6,38
1994-02,25,3,6,6,40
1994-03,25,3,6,6,40
1994-04,25,3,6,6,40
1994-05,25,3,6,6,40
1994-06,25,3,6,6,40
1994-07,25,3,6,6,40
1994-08,25,3,6,6,40
1994-09,25,3,6,6,40
1994-10,25,3,6,6,40
1994-11,25,3,6,6,40
1994-12,25,3,6,6,40
1995-01,25,3,6,6,40
1995-02,25,3,6,6,40
1995-03,25,4,6,6,41
1995-04,25,4,6,6,41
1995-05,25,4,6,6,41
1995-06,25,4,6,6,41
1995-07,25,4,6,6,41
1995-08,25,4,6,6,41
1995-09,25,4,6,6,41
1995-10,25,4,6,6,41
1995-11,25,4,6,6,41
1995-12,25,4,6,6,41
1996-01,25,4,6,6,41
1996-02,25,4,6,6,41
1996-03,25,5,6,6,42
1996-04,25,5,6,6,42
1996-05,25,5,6,6,42
1996-06,25,5,6,6,42
1996-07,25,5,6,6,42
1996-08,25,5,6,6,42
1996-09,25,5,6,6,42
1996-10,25,5,6,6,42
1996-11,25,5,6,6,42
1996-12,25,5,6,6,42
1997-01,25,5,6,6,42
1997-02,25,5,6,6,42
1997-03,25,5,6,6,42
1997-04,25,5,6,6,42
1997-05,25,5,6,6,42
1997-06,25,5,6,6,42
1997-07,25,5,7,6,43
1997-08,25,5,7,6,43
1997-09,25,5,7,6,43
1997-10,25,5,7,6,43
1997-11,25,5,7,6,43
1997-12,25,5,7,6,43
1998-01,25,5,7,6,43
1998-02,25,5,7,6,43
1998-03,25,5,7,6,43
1998-04,25,5,7,6,43
1998-05,25,5,7,6,43
1998-06,25,5,7,7,44
1998-07,25,5,7,7,44
1998-08,25,5,7,7,44
1998-09,25,5,7,7,44
1998-10,25,5,7,7,44
1998-11,25,5,7,7,44
1998-12,25,5,7,7,44
1999-01,25,5,7,7,44
1999-02,25,5,7,7,44
1999-03,25,5,7,7,44
1999-04,25,5,7,7,44
1999-05,25,6,7,7,45
1999-06,25,6,7,7,45
1999-07,25,6,7,7,45
1999-08,25,6,7,7,45
1999-09,25,6,7,7,45
1999-10,25,6,7,7,45
1999-11,25,6,7,7,45
1999-12,25,6,7,7,45
2000-01,25,6,7,7,45
2000-02,25,6,7,7,45
2000-03,25,6,7,7,45
2000-04,25,6,7,7,45
2000-05,25,6,7,7,45
2000-06,25,6,7,7,45
2000-07,25,6,7,7,45
2000-08,25,6,7,7,45
2000-09,25,6,7,7,45
2000-10,26,6,7,7,46
2000-11,26,7,7,7,47
2000-12,26,8,7,7,48
2001-01,26,8,7,7,48
2001-02,26,8,7,7,48
2001-03,26,8,7,7,48
2001-04,26,8,7,7,48
2001-05,26,9,7,7,49
2001-06,26,9,7,7,49
2001-07,26,9,7,7,49
2001-08,26,9,7,7,49
2001-09,26,9,7,7,49
2001-10,26,9,7,7,49
2001-11,26,9,7,7,49
2001-12,26,9,7,7,49
2002-01,26,9,7,7,49
2002-02,26,10,10,7,53
2002-03,26,10,10,7,53
2002-04,26,10,10,7,53
2002-05,26,10,10,7,53
2002-06,26,10,10,7,53
2002-07,26,10,10,7,53
2002-08,26,10,10,7,53
2002-09,26,10,10,7,53
2002-10,26,10,10,7,53
2002-11,26,10,10,7,53
2002-12,26,10,10,7,53
2003-01,26,10,10,7,53
2003-02,26,10,10,7,53
2003-03,26,10,10,7,53
2003-04,26,10,10,7,53
2003-05,26,10,10,7,53
2003-06,26,10,10,7,53
2003-07,26,10,10,7,53
2003-08,26,10,10,7,53
2003-09,26,10,10,7,53
2003-10,26,10,10,7,53
2003-11,26,10,10,7,53
2003-12,26,10,10,7,53
2004-01,26,10,10,7,53
2004-02,26,10,10,7,53
2004-03,26,10,10,7,53
2004-04,26,11,10,7,54
2004-05,26,11,10,7,54
2004-06,26,11,10,7,54
2004-07,26,11,10,7,54
2004-08,26,11,10,7,54
2004-09,26,11,10,7,54
2004-10,26,11,10,7,54
2004-11,26,11,10,7,54
2004-12,26,11,10,7,54
2005-01,26,11,10,7,54
2005-02,26,11,10,7,54
2005-03,26,11,10,7,54
2005-04,26,11,10,7,54
2005-05,26,11,10,7,54
2005-06,26,11,10,7,54
2005-07,26,12,10,7,55
2005-08,26,12,10,7,55
2005-09,26,12,10,7,55
2005-10,26,12,10,7,55
2005-11,26,12,10,7,55
2005-12,26,12,10,7,55
2006-01,26,12,10,7,55
2006-02,26,12,10,7,55
2006-03,26,12,10,7,55
2006-04,26,12,10,7,55
2006-05,26,12,10,7,55
2006-06,26,12,10,7,55
2006-07,26,12,10,7,55
2006-08,26,12,10,7,55
2006-09,26,12,10,7,55
2006-10,26,12,10,7,55
2006-11,26,12,10,7,55
2006-12,26,12,10,7,55
2007-01,26,12,10,7,55
2007-02,26,12,10,7,55
2007-03,26,12,10,7,55
2007-04,26,12,10,7,55
2007-05,26,12,10,7,55
2007-06,26,12,10,7,55
2007-07,26,12,10,7,55
2007-08,26,12,10,7,55
2007-09,26,12,10,7,55
2007-10,26,12,10,7,55
2007-11,26,12,10,7,55
2007-12,26,12,10,7,55
2008-01,26,12,10,7,55
2008-02,26,12,10,7,55
2008-03,26,12,10,7,55
2008-04,26,12,10,7,55
2008-05,26,12,10,7,55
2008-06,26,12,10,7,55
2008-07,26,12,10,7,55
2008-08,26,12,10,7,55
2008-09,26,12,10,7,55
2008-10,26,12,10,7,55
2008-11,26,12,10,7,55
2008-12,26,12,10,7,55
2009-01,26,12,10,7,55
2009-02,26,12,10,7,55
2009-03,26,12,10,7,55
2009-04,26,12,10,7,55
2009-05,26,12,10,7,55
2009-06,26,12,10,7,55
2009-07,26,12,10,7,55
2009-08,26,12,10,7,55
2009-09,26,12,10,7,55
2009-10,26,12,10,7,55
2009-11,26,12,10,7,55
2009-12,26,12,10,7,55
2010-01,26,12,10,7,55
2010-02,26,12,10,7,55
2010-03,26,12,10,7,55
2010-04,26,12,10,7,55
2010-05,26,12,10,7,55
2010-06,26,12,10,7,55
2010-07,26,12,10,7,55
2010-08,26,12,10,7,55
2010-09,26,12,10,7,55
2010-10,26,12,10,7,55
2010-11,26,12,10,7,55
2010-12,26,12,10,7,55
2011-01,26,12,10,7,55
2011-02,26,12,10,7,55
2011-03,26,12,10,7,55
2011-04,26,12,10,7,55
2011-05,26,12,10,7,55
2011-06,26,12,10,7,55
2011-07,26,12,10,7,55
2011-08,26,12,10,7,55
2011-09,26,12,10,7,55
2011-10,26,13,10,7,56
2011-11,26,13,10,7,56
2011-12,26,13,10,7,56
2012-01,26,13,10,7,56
2012-02,26,13,10,7,56
2012-03,26,13,10,7,56
2012-04,26,13,10,7,56
2012-05,26,13,10,7,56
2012-06,26,13,10,7,56
2012-07,26,13,10,7,56
2012-08,26,13,10,7,56
2012-09,26,13,10,7,56
2012-10,26,13,10,7,56
2012-11,26,13,10,7,56
2012-12,26,13,10,7,56
2013-01,26,13,10,7,56
2013-02,26,13,10,7,56
2013-03,26,13,10,7,56
2013-04,26,13,10,7,56
2013-05,26,13,10,7,56
2013-06,26,13,10,7,56
2013-07,26,13,10,7,56
2013-08,26,13,10,7,56
2013-09,26,13,10,7,56
2013-10,26,13,10,7,56
2013-11,26,13,10,7,56
2013-12,26,13,10,7,56
2014-01,26,13,10,7,56
2014-02,26,13,10,7,56
2014-03,26,13,10,7,56
2014-04,26,13,10,7,56
2014-05,26,13,10,7,56
2014-06,26,13,10,7,56
2014-07,26,13,10,7,56
2014-08,26,13,10,7,56
2014-09,26,13,10,7,56
2014-10,26,13,10,7,56
2014-11,26,13,10,7,56
2014-12,26,13,10,7,56
