strategy,period,months,mean_ann,cagr,vol_ann,sharpe,max_drawdown
trend,1976–1984,108,0.098923946547719,0.09614258975341894,0.11702550505313952,0.8453195438276393,-0.12716593987693214
trend,1985–1994,120,0.13516555746980444,0.1376591235358826,0.10608767207481383,1.2740929725980288,-0.07830713156434443
trend,1995–2004,120,0.13013733929633614,0.13353828389440925,0.09157980640440011,1.4210265822322536,-0.08963487274519355
trend,2005–2014,120,0.06823442211580144,0.06568661574674728,0.09526429114383977,0.7162644186663198,-0.15824191829717515
trend,2008,12,0.2462205778212933,0.2576248789986939,0.1826370986226339,1.348141093338523,-0.0807006650154799
trend,Excluding 2008 (noncontiguous),456,0.10472284552441047,,0.09972551327804707,1.0501108701484465,
static,1976–1984,108,-0.004883227387748526,-0.013169882917521858,0.1292076063190727,-0.03779365260965832,-0.5148915620376948
static,1985–1994,120,0.08776037968338042,0.08431345210908892,0.11538422032571534,0.7605925614060897,-0.11490353520483021
static,1995–2004,120,0.07033854842881689,0.0665853128462679,0.10701345934960527,0.6572869324691758,-0.29706404840101464
static,2005–2014,120,0.07012263722581817,0.06432448965581128,0.1222584661093097,0.5735605840426825,-0.37924286138683483
static,2008,12,-0.2402351526658425,-0.237148085998114,0.23742620597562986,-1.0118308199327457,-0.34146245121398566
static,Excluding 2008 (noncontiguous),456,0.06522373051463845,,0.11337520258268532,0.5752909721777152,
