,months,mean_monthly,std_monthly,mean_ann,vol_ann,worst_month,best_month,skew,excess_kurtosis
SG Trend,180,0.00645446895,0.0421493427,0.0774536274,0.146009606,-0.135971955,0.144067276,0.160406265,0.781049976
Mkt-RF,180,0.00336888889,0.0456463896,0.0404266667,0.158123732,-0.172,0.1134,-0.599551702,0.805270777
SMB,180,0.00434111111,0.0322040991,0.0520933333,0.111558272,-0.1554,0.1846,0.46884915,7.75868009
HML,180,0.00423888889,0.0321542501,0.0508666667,0.11138559,-0.1102,0.1224,0.256193377,2.79904082
Mom,180,0.00166388889,0.0574174382,0.0199666667,0.19889984,-0.343,0.18,-1.5840696,9.26303643
RMW,180,0.00485333333,0.0331898204,0.05824,0.11497291,-0.1895,0.1305,-0.556499458,8.10265441
CMA,180,0.00453166667,0.0207057531,0.05438,0.0717268326,-0.0521,0.0901,1.03630588,2.58104822
RF,180,0.00152222222,0.00166735181,0.0182666667,0.00577587611,0,0.0056,0.808900658,-0.734073571
GSCI,180,0.00653217335,0.0668379462,0.0783860802,0.231533437,-0.27766912,0.211030264,-0.457445055,1.44668543
