,available,available,available,available,fixed_54,fixed_54,fixed_54,fixed_54
AssetClass,COMM,EQ,FI,FX,COMM,EQ,FI,FX
month,,,,,,,,
2000-01,0.0249603991,-0.0440317844,-0.0067050054,-0.0230368501,0.0249603991,-0.0440317844,-0.0067050054,-0.0230368501
2000-02,0.00606631341,0.0661618916,0.011139882,-0.00654583886,0.00606631341,0.0661618916,0.011139882,-0.00654583886
2000-03,0.0211608887,0.0263182863,0.0146713545,0.0086520046,0.0211608887,0.0263182863,0.0146713545,0.0086520046
2000-04,-0.0191642477,-0.0560804316,-0.00578587523,-0.0307588837,-0.0191642477,-0.0560804316,-0.00578587523,-0.0307588837
2000-05,0.0258036159,-0.0451858169,0.000422355319,-0.00296667326,0.0258036159,-0.0451858169,0.000422355319,-0.00296667326
2000-06,-0.010928389,0.0347146107,0.00716381279,0.0127086864,-0.010928389,0.0347146107,0.00716381279,0.0127086864
2000-07,-0.0245743648,-0.00869919072,0.00150047355,-0.00930702711,-0.0245743648,-0.00869919072,0.00150047355,-0.00930702711
2000-08,0.0181589334,0.0559384408,0.00369673999,-0.00896659344,0.0181589334,0.0559384408,0.00369673999,-0.00896659344
2000-09,-0.00767939539,-0.0633661098,0.00197077984,-0.0131668372,-0.00767939539,-0.0633661098,0.00197077984,-0.0131668372
2000-10,-0.0211495545,-0.0201446846,0.00191479274,-0.0207823007,-0.0211495545,-0.0201446846,0.00191479274,-0.0207823007
2000-11,0.0299728524,-0.0859802853,0.0151329513,0.00699858455,0.0299728524,-0.0859802853,0.0151329513,0.00699858455
2000-12,0.00951883207,0.00984231508,0.00955948673,0.027008584,0.00951883207,0.00984231508,0.00955948673,0.027008584
2001-01,-0.020247537,0.0321218205,0.00191210829,-0.00929784433,-0.020247537,0.0321218205,0.00191210829,-0.00929784433
2001-02,-0.0128122413,-0.092699846,0.00400699662,-0.0139018094,-0.0128122413,-0.092699846,0.00400699662,-0.0139018094
2001-03,-0.0470319054,-0.072285541,0.00137482549,-0.0309475801,-0.0470319054,-0.072285541,0.00137482549,-0.0309475801
2001-04,0.0318664773,0.0869731774,-0.0176738416,0.0192440761,0.0318664773,0.086430178,-0.0176738416,0.0192440761
2001-05,-0.00969634309,-0.0152177887,-0.00200225904,-0.00620590437,-0.00969634309,-0.0145473393,-0.00200225904,-0.00620590437
2001-06,-0.0319716165,-0.0184251141,0.00113108925,0.00035401861,-0.0319716165,-0.0165953774,0.00113108925,0.00035401861
2001-07,0.00738008147,-0.0396243511,0.0175437381,0.00707724238,0.00738008147,-0.0392278187,0.0175437381,0.00707724238
2001-08,-0.0290458414,-0.0759695126,0.0093505587,0.0230950625,-0.0290458414,-0.0748411701,0.0093505587,0.0230950625
2001-09,-0.0534014206,-0.126720176,0.00743286367,-0.00992274648,-0.0534014206,-0.127209639,0.00743286367,-0.00992274648
2001-10,-0.0209036331,0.0516803738,0.0212645232,0.000633681396,-0.0209036331,0.0519990547,0.0212645232,0.000633681396
2001-11,0.0288564677,0.0751813122,-0.0163494275,0.00298777272,0.0288564677,0.0774712881,-0.0163494275,0.00298777272
2001-12,-0.00426865913,0.018083997,-0.0143373676,-0.00893832679,-0.00426865913,0.0159556153,-0.0143373676,-0.00893832679
2002-01,-0.0218528015,-0.0238054389,0.0044085582,-0.0149950122,-0.0218528015,-0.0221933177,0.0044085582,-0.0149950122
2002-02,0.0189936105,-0.0141869332,0.00499343473,0.00788644338,0.0189936105,-0.0145186504,0.00499343473,0.00788644338
2002-03,0.0500757321,0.0529564935,-0.0210001333,0.00978785347,0.0500757321,0.0552199768,-0.0210001333,0.00978785347
2002-04,-0.0348377425,-0.0305301224,0.0164221245,0.0162857404,-0.0348377425,-0.0290781245,0.0164221245,0.0162857404
2002-05,0.0327877045,-0.0234037962,0.00271757442,0.02013393,0.0327877045,-0.0237811745,0.00271757442,0.02013393
2002-06,0.00873564951,-0.0818583687,0.0126819267,0.0241733302,0.00873564951,-0.0832555477,0.0126819267,0.0241733302
2002-07,0.0221752803,-0.0963664102,0.017413336,-0.00738889512,0.0221752803,-0.0942115635,0.017413336,-0.00738889512
2002-08,0.00594974547,-0.0056560085,0.0149164681,0.00412254044,0.00594974547,-0.00788306642,0.0149164681,0.00412254044
2002-09,0.0354711667,-0.128594671,0.0202074748,-0.00507835892,0.0354711667,-0.12040821,0.0202074748,-0.00507835892
2002-10,0.00518227956,0.0848599687,-0.00823489997,0.00597320602,0.00518227956,0.0767212845,-0.00823489997,0.00597320602
2002-11,-0.00250850282,0.0628824607,-0.00710622309,0.00194659385,-0.00250850282,0.0668479568,-0.00710622309,0.00194659385
2002-12,-0.00321367111,-0.0785381426,0.0215380078,0.0223783398,-0.00321367111,-0.0770065144,0.0215380078,0.0223783398
2003-01,0.0530067484,-0.0374656551,-0.000449231848,0.0125869944,0.0530067484,-0.0328424189,-0.000449231848,0.0125869944
2003-02,-0.0013258828,-0.0234809935,0.0130526906,0.00580508622,-0.0013258828,-0.0191302403,0.0130526906,0.00580508622
2003-03,-0.0539688392,-0.0161895751,-0.00573638661,0.00657792302,-0.0539688392,-0.0164015987,-0.00573638661,0.00657792302
2003-04,0.000358432591,0.0867252078,0.00310412163,0.0201034165,0.000358432591,0.0821677397,0.00310412163,0.0201034165
2003-05,0.0202988998,0.0555412626,0.0226109181,0.0269948529,0.0202988998,0.0646084701,0.0226109181,0.0269948529
2003-06,-0.000954400711,0.02452143,-0.00502429706,-0.0026245041,-0.000954400711,0.0230598423,-0.00502429706,-0.0026245041
2003-07,0.0163465697,0.0433675876,-0.0301115515,-0.0186855152,0.0163465697,0.0471172893,-0.0301115515,-0.0186855152
2003-08,0.0559807972,0.0336515307,0.00259164847,-0.00652131231,0.0559807972,0.0382641687,0.00259164847,-0.00652131231
2003-09,0.00862496906,-0.02640851,0.0218230349,0.0399100111,0.00862496906,-0.0224493739,0.0218230349,0.0399100111
2003-10,0.0230833417,0.0698034739,-0.0168023523,0.0103079438,0.0230833417,0.0718810568,-0.0168023523,0.0103079438
2003-11,0.0044678563,0.0115384702,-0.00113340229,0.0134910634,0.0044678563,0.0112083875,-0.00113340229,0.0134910634
2003-12,0.0170308274,0.0402336574,0.0116726162,0.0263939769,0.0170308274,0.038690761,0.0116726162,0.0263939769
2004-01,0.0374356474,0.0182166227,0.00572544784,0.00477714329,0.0374356474,0.0177196835,0.00572544784,0.00477714329
2004-02,0.0622280048,0.0151820131,0.0119261671,0.00067566411,0.0622280048,0.0153642709,0.0119261671,0.00067566411
2004-03,0.0530255575,-0.019377601,0.00710083924,0.00367864573,0.0530255575,-0.016490733,0.00710083924,0.00367864573
2004-04,-0.0120654227,-0.0116688376,-0.0219135913,-0.0320123853,-0.0120654227,-0.0153765053,-0.0219135913,-0.0320123853
2004-05,-0.00667174725,0.00657129652,-0.00579712419,0.01099232,-0.00667174725,0.00894637477,-0.00579712419,0.01099232
2004-06,-0.0444936464,0.0253239405,0.00354907207,0.001249448,-0.0444936464,0.0273448241,0.00354907207,0.001249448
2004-07,-0.00901793359,-0.0370268423,0.00692754815,-0.00458169781,-0.00901793359,-0.0398726783,0.00692754815,-0.00458169781
2004-08,0.0312170311,-0.00279148106,0.0156533303,0.00808614362,0.0312170311,-0.00225051171,0.0156533303,0.00808614362
2004-09,0.00109384259,0.0143472351,0.0023301963,0.0156600246,0.00109384259,0.0166875254,0.0023301963,0.0156600246
2004-10,-0.00992569562,0.0118248404,0.00714782622,0.0223079085,-0.00992569562,0.0118834322,0.00714782622,0.0223079085
2004-11,0.030881612,0.0397767915,-0.00365587845,0.0313273325,0.030881612,0.0435641729,-0.00365587845,0.0313273325
2004-12,-0.0214794405,0.0273427249,0.00672445766,0.00506410285,-0.0214794405,0.0293296943,0.00672445766,0.00506410285
2005-01,0.00373219145,-0.0151607544,0.00388797803,-0.0184326766,0.00373219145,-0.0204145289,0.00388797803,-0.0184326766
2005-02,0.0603900394,0.0222580767,-0.00773310087,0.0116903866,0.0603900394,0.0221299477,-0.00773310087,0.0116903866
2005-03,0.0147232987,-0.015530117,-0.000255582778,-0.0126621996,0.0147232987,-0.017559817,-0.000255582778,-0.0126621996
2005-04,-0.0343354774,-0.0307988898,0.0127865617,0.00172570539,-0.0343354774,-0.0316672356,0.0127865617,0.00172570539
2005-05,-0.00535747982,0.0472213232,0.0103427574,-0.0217193692,-0.00535747982,0.0467327925,0.0103427574,-0.0217193692
2005-06,-0.00434351501,0.0142250304,0.00595681879,-0.00469798936,-0.00434351501,0.0135485125,0.00595681879,-0.00469798936
2005-07,0.0218991176,0.0445440558,-0.010795723,-0.0026686005,0.0218991176,0.047282177,-0.010795723,-0.0026686005
2005-08,0.00017337128,-0.00664093056,0.0103342648,0.0124085556,0.00017337128,-0.00480494224,0.0103342648,0.0124085556
2005-09,0.0393622807,0.0287824824,-0.0109264581,-0.0092846106,0.0393622807,0.0274607314,-0.0109264581,-0.0092846106
2005-10,-0.0159373787,-0.0271023242,-0.00976116185,-0.00702439213,-0.0159373787,-0.0274213676,-0.00976116185,-0.00702439213
2005-11,0.0131200475,0.0429626032,0.00159121057,-0.0083250365,0.0131200475,0.0448384275,0.00159121057,-0.0083250365
2005-12,0.0471348091,0.0136383274,0.0057056819,-0.000113115714,0.0471348091,0.0136742121,0.0057056819,-0.000113115714
2006-01,0.0223097454,0.038377802,-0.00638400287,0.0201993989,0.0223097454,0.04246699,-0.00638400287,0.0201993989
2006-02,-0.0381406661,4.47254221e-05,-0.00101950249,-0.00875866109,-0.0381406661,-0.00377372741,-0.00101950249,-0.00875866109
2006-03,0.0101177333,0.0240635274,-0.011893575,-0.0142976322,0.0101177333,0.0269365506,-0.011893575,-0.0142976322
2006-04,0.0384345976,0.00909579535,-0.00833691453,0.0320962362,0.0384345976,0.00889870944,-0.00833691453,0.0320962362
2006-05,-0.00339354206,-0.0465096273,-0.000339137195,0.00509202042,-0.00339354206,-0.0497042659,-0.000339137195,0.00509202042
2006-06,0.00434259291,0.00278576835,-0.00302109914,-0.00814454379,0.00434259291,0.00254797341,-0.00302109914,-0.00814454379
2006-07,-0.00310041581,-0.00251320156,0.00877485821,0.0059015945,-0.00310041581,-0.00596852664,0.00877485821,0.0059015945
2006-08,-0.0251943542,0.0224969418,0.00854229014,0.00192534574,-0.0251943542,0.0224954121,0.00854229014,0.00192534574
2006-09,-0.0450055724,0.0158838012,0.00331848622,-0.0123261905,-0.0450055724,0.0154432855,0.00331848622,-0.0123261905
2006-10,0.0383127721,0.0326773486,-0.00050777775,0.0109910977,0.0383127721,0.033514039,-0.00050777775,0.0109910977
2006-11,0.0471979048,0.00830157961,0.00444772771,0.0113762234,0.0471979048,0.011669079,0.00444772771,0.0113762234
2006-12,-0.0253827825,0.0216175045,-0.0128583112,-0.00860007092,-0.0253827825,0.0208527438,-0.0128583112,-0.00860007092
2007-01,-0.0132033017,0.0132776326,-0.00656952575,-0.0114637311,-0.0132033017,0.0128163995,-0.00656952575,-0.0114637311
2007-02,0.0338936287,-0.0195409054,0.0107138812,0.00722053931,0.0338936287,-0.0152574067,0.0107138812,0.00722053931
2007-03,-0.00476755519,0.0116613317,-0.00544274632,0.00808317578,-0.00476755519,0.0106124301,-0.00544274632,0.00808317578
2007-04,-0.00274644454,0.0377485547,-0.00141538587,0.0124377664,-0.00274644454,0.03474929,-0.00141538587,0.0124377664
2007-05,0.021949798,0.0371943088,-0.0143479566,-0.00139407479,0.021949798,0.036753954,-0.0143479566,-0.00139407479
2007-06,0.00195760484,-0.00491523232,-0.00603145314,0.00379577813,0.00195760484,-0.002269957,-0.00603145314,0.00379577813
2007-07,0.0116841232,-0.0341980108,0.0109110458,0.00834249906,0.0116841232,-0.0331294717,0.0109110458,0.00834249906
2007-08,-0.0219362716,0.0063173588,0.00838508458,-0.00507194413,-0.0219362716,0.00567212007,0.00838508458,-0.00507194413
2007-09,0.0792188219,0.0316157252,0.00060222267,0.0324882661,0.0792188219,0.0350917984,0.00060222267,0.0324882661
2007-10,0.00559186312,0.029619149,0.00253003465,0.0193016312,0.00559186312,0.0342883137,0.00253003465,0.0193016312
2007-11,-0.00131429617,-0.0482146721,0.0189225261,-0.00916321831,-0.00131429617,-0.0525434094,0.0189225261,-0.00916321831
2007-12,0.047574051,-0.0104853861,-0.00238647659,-0.00652748335,0.047574051,-0.0102195183,-0.00238647659,-0.00652748335
2008-01,0.047850895,-0.103356331,0.0174020422,0.0184658565,0.047850895,-0.10286232,0.0174020422,0.0184658565
2008-02,0.140950077,-0.0238489571,0.00819570731,0.0199229217,0.140950077,-0.0219035468,0.00819570731,0.0199229217
2008-03,-0.104184196,-0.0188408071,0.00103876448,0.0101135589,-0.104184196,-0.0179109669,0.00103876448,0.0101135589
2008-04,0.0285450097,0.0672962566,-0.0146341397,-2.00804944e-05,0.0285450097,0.0707038319,-0.0146341397,-2.00804944e-05
2008-05,0.0107831905,0.0122662123,-0.0142005688,0.00133219811,0.0107831905,0.0169065828,-0.0142005688,0.00133219811
2008-06,0.0756265252,-0.091837917,-0.00109684642,0.00332983414,0.0756265252,-0.0882789345,-0.00109684642,0.00332983414
2008-07,-0.0876794966,-0.00350116431,0.0103250498,-0.00543605351,-0.0876794966,-0.00303990543,0.0103250498,-0.00543605351
2008-08,-0.0611630582,0.00590982388,0.0116914648,-0.043248962,-0.0611630582,0.00432302832,0.0116914648,-0.043248962
2008-09,-0.128316673,-0.0980064557,0.00106424974,-0.0183165995,-0.128316673,-0.104714268,0.00106424974,-0.0183165995
2008-10,-0.16799675,-0.167379317,0.00250564926,-0.071380309,-0.16799675,-0.178233594,0.00250564926,-0.071380309
2008-11,-0.0357925008,-0.0661565965,0.0467430301,-0.0183083491,-0.0357925008,-0.0651629917,0.0467430301,-0.0183083491
2008-12,-0.00821614834,0.0164323801,0.0309263056,0.0342576639,-0.00821614834,0.0243260131,0.0309263056,0.0342576639
2009-01,-0.0189402749,-0.0831875061,-0.0207596387,-0.0343249787,-0.0189402749,-0.0856245872,-0.0207596387,-0.0343249787
2009-02,-0.0315100835,-0.0899760331,0.00399629321,-0.0213917636,-0.0315100835,-0.087521228,0.00399629321,-0.0213917636
2009-03,0.0415941235,0.0735536826,0.0179629304,0.0285850779,0.0415941235,0.0797164717,0.0179629304,0.0285850779
2009-04,0.00563112798,0.113651911,-0.0157127436,0.0210248241,0.00563112798,0.118926224,-0.0157127436,0.0210248241
2009-05,0.10837337,0.0577202561,-0.0128671227,0.0631407835,0.10837337,0.0601510075,-0.0128671227,0.0631407835
2009-06,-0.0541308159,-0.00270341046,0.00260145751,-0.00628359421,-0.0541308159,-0.000903725664,0.00260145751,-0.00628359421
2009-07,0.0169415033,0.0865855271,0.00321346613,0.0215224914,0.0169415033,0.0861758329,0.00321346613,0.0215224914
2009-08,-0.0168162225,0.0365649665,0.00886214265,-6.27374043e-05,-0.0168162225,0.0305843102,0.00886214265,-6.27374043e-05
2009-09,0.0143281578,0.0387581436,0.00531692834,0.0159567876,0.0143281578,0.0390020998,0.00531692834,0.0159567876
2009-10,0.0500251431,-0.0250351139,-0.000341734204,0.00962645282,0.0500251431,-0.0253874733,-0.000341734204,0.00962645282
2009-11,0.0515124553,0.0319384084,0.0144821273,0.0175676938,0.0515124553,0.0309080099,0.0144821273,0.0175676938
2009-12,-0.00150337214,0.0515640105,-0.0217161565,-0.0207556774,-0.00150337214,0.05467101,-0.0217161565,-0.0207556774
2010-01,-0.0445110452,-0.0513965616,0.0155890588,-0.00807573462,-0.0445110452,-0.0488146332,0.0155890588,-0.00807573462
2010-02,0.0205991976,0.0218922492,0.00367211372,-0.000220025253,0.0205991976,0.0253320453,0.00367211372,-0.000220025253
2010-03,-0.0220502847,0.0686815822,-0.00382578679,0.00749650163,-0.0220502847,0.0715171483,-0.00382578679,0.00749650163
2010-04,0.0316250708,-0.00105684571,0.00860695288,-0.00222045752,0.0316250708,0.00725883184,0.00860695288,-0.00222045752
2010-05,-0.0674586499,-0.0659529715,0.0200541595,-0.0400653708,-0.0674586499,-0.0687923097,0.0200541595,-0.0400653708
2010-06,0.0161782001,-0.037192578,0.0142081122,0.0147837358,0.0161782001,-0.0386632723,0.0142081122,0.0147837358
2010-07,0.0801993322,0.0617207144,0.00222930401,0.038062263,0.0801993322,0.0592861993,0.00222930401,0.038062263
2010-08,-0.0113125247,-0.0409096676,0.0239207643,-0.0115646768,-0.0113125247,-0.0455777294,0.0239207643,-0.0115646768
2010-09,0.0821136887,0.0771273037,-0.00292040017,0.0417753259,0.0821136887,0.0896180133,-0.00292040017,0.0417753259
2010-10,0.0648676196,0.0318997091,-0.00435303644,0.0145372678,0.0648676196,0.0337001221,-0.00435303644,0.0145372678
2010-11,-0.00482619188,-0.00189321768,-0.00753185947,-0.0218368342,-0.00482619188,0.00785260518,-0.00753185947,-0.0218368342
2010-12,0.106561671,0.0485019494,-0.012506049,0.0311146161,0.106561671,0.0497511463,-0.012506049,0.0311146161
2011-01,0.0367002295,0.0208380467,-0.00750352383,0.00272324562,0.0367002295,0.0177101128,-0.00750352383,0.00272324562
2011-02,0.00898663598,0.0288818632,0.00216643004,0.0131538115,0.00898663598,0.0311699543,0.00216643004,0.0131538115
2011-03,-0.00408270271,-0.010599572,-0.00285819732,0.00733889303,-0.00408270271,-0.0085811634,-0.00285819732,0.00733889303
2011-04,0.00964972182,0.0286973265,0.0109449184,0.0368250287,0.00964972182,0.0303391536,0.0109449184,0.0368250287
2011-05,-0.0238889412,-0.0139354098,0.0143981359,-0.0110293215,-0.0238889412,-0.0133255499,0.0143981359,-0.0110293215
2011-06,-0.0352049509,-0.0137280585,-0.000675363214,0.00297003618,-0.0352049509,-0.0126770767,-0.000675363214,0.00297003618
2011-07,0.0334434824,-0.0285395063,0.0234394611,0.0201800077,0.0334434824,-0.0231362886,0.0234394611,0.0201800077
2011-08,0.0220500621,-0.0818896836,0.0225435061,-0.0146479186,0.0220500621,-0.0848565709,0.0225435061,-0.0146479186
2011-09,-0.127068523,-0.069486998,0.0154848859,-0.0605381543,-0.127068523,-0.0746984465,0.0154848859,-0.0605381543
2011-10,0.051413479,0.101846779,-0.00549004417,0.0365194803,0.051413479,0.106794993,-0.00549004417,0.0365194803
2011-11,-0.0387039362,-0.0170882357,0.00430722162,-0.0226019419,-0.0387039362,-0.0201268402,0.00430722162,-0.0226019419
2011-12,-0.0121435718,0.00376517213,0.0150110793,-0.00962157933,-0.0121435718,0.00337411276,0.0150110793,-0.00962157933
2012-01,0.0255763928,0.0551958807,0.00399712415,0.0225271516,0.0255763928,0.0607081417,0.00399712415,0.0225271516
2012-02,0.0246529122,0.0438101746,-0.0043569724,0.00461294533,0.0246529122,0.0508025907,-0.0043569724,0.00461294533
2012-03,-0.0260542752,0.0117278261,-0.00611927208,-0.00699185251,-0.0260542752,0.0146688747,-0.00611927208,-0.00699185251
2012-04,-0.0108807081,-0.0161786744,0.0122335173,0.00576575847,-0.0108807081,-0.0166106693,0.0122335173,0.00576575847
2012-05,-0.0751099523,-0.0700853764,0.021064194,-0.0444961636,-0.0751099523,-0.072726028,0.021064194,-0.0444961636
2012-06,0.0718578767,0.0456920149,-0.00715402013,0.0239172562,0.0718578767,0.0452851946,-0.00715402013,0.0239172562
2012-07,0.0539789189,0.0135933612,0.0113799372,0.00195906986,0.0539789189,0.00752621589,0.0113799372,0.00195906986
2012-08,0.0342102905,0.0248673803,-0.00111524232,0.00874744236,0.0342102905,0.0254379592,-0.00111524232,0.00874744236
2012-09,-9.04369683e-06,0.0210959008,-0.00250064055,0.0117407509,-9.04369683e-06,0.0231270024,-0.00250064055,0.0117407509
2012-10,-0.0221316483,-0.00175774991,-0.00175616311,-0.0041511405,-0.0221316483,-0.00487653963,-0.00175616311,-0.0041511405
2012-11,0.00670959295,0.0177028003,0.00588553264,-0.000349574425,0.00670959295,0.0196539721,0.00588553264,-0.000349574425
2012-12,-0.0255388976,0.0216984612,-0.00273809876,-0.000731357551,-0.0255388976,0.0250588279,-0.00273809876,-0.000731357551
2013-01,0.0194183037,0.0482623467,-0.0126854197,-0.0024510094,0.0194183037,0.0504989624,-0.0126854197,-0.0024510094
2013-02,-0.0242184365,0.00814023086,0.00983933309,-0.0217072236,-0.0242184365,0.006903815,0.00983933309,-0.0217072236
2013-03,0.00353216213,0.0224057859,0.00558890022,0.00288321148,0.00353216213,0.0275017864,0.00558890022,0.00288321148
2013-04,-0.0164992042,0.0263419333,0.00733245983,0.00801994913,-0.0164992042,0.0252958731,0.00733245983,0.00801994913
2013-05,-0.0194784418,0.0188266886,-0.0173993391,-0.0316362595,-0.0194784418,0.0242899497,-0.0173993391,-0.0316362595
2013-06,-0.0339230116,-0.0322244342,-0.0154781789,-0.00308421244,-0.0339230116,-0.0306016236,-0.0154781789,-0.00308421244
2013-07,0.0190790071,0.0507188719,0.00162172386,0.01153955,0.0190790071,0.0518252794,0.00162172386,0.01153955
2013-08,0.0282504659,-0.0195686999,-0.00846044646,-0.0105337548,0.0282504659,-0.0232700365,-0.00846044646,-0.0105337548
2013-09,-0.0135979336,0.046329681,0.00843133736,0.023900661,-0.0135979336,0.0497972029,0.00843133736,0.023900661
2013-10,-0.00651519551,0.0344158294,0.00641039461,0.00148684864,-0.00651519551,0.0318668285,0.00641039461,0.00148684864
2013-11,0.00434304186,0.025333971,-0.00469242675,-0.0104966942,0.00434304186,0.0313364991,-0.00469242675,-0.0104966942
2013-12,-0.00333740758,0.0160655352,-0.0122655076,0.00095058785,-0.00333740758,0.0180378536,-0.0122655076,0.00095058785
2014-01,0.0228597951,-0.0386508935,0.0205943936,-0.0124643635,0.0228597951,-0.0401313564,0.0205943936,-0.0124643635
2014-02,0.0816111326,0.0428386712,0.00207357954,0.0150467545,0.0816111326,0.042434369,0.00207357954,0.0150467545
2014-03,0.0189229618,-0.0053933776,-0.0013155885,0.00394277409,0.0189229618,-0.00834829641,-0.0013155885,0.00394277409
2014-04,0.0211522436,0.00319926091,0.00523928702,0.00642426565,0.0211522436,-0.0020819817,0.00523928702,0.00642426565
2014-05,-0.0273784159,0.0239411417,0.011152656,-0.000707116349,-0.0273784159,0.0259953054,0.011152656,-0.000707116349
2014-06,-0.00125668355,0.0097951388,-0.000123594249,0.0078441148,-0.00125668355,0.0158466274,-0.000123594249,0.0078441148
2014-07,-0.038397235,-0.00945621309,0.00141997683,-0.015449819,-0.038397235,-0.0106634119,0.00141997683,-0.015449819
2014-08,0.00125510573,0.0259949655,0.0124714637,-0.00467870941,0.00125510573,0.0273922179,0.0124714637,-0.00467870941
2014-09,-0.0489222219,-0.014914745,-0.0041825629,-0.0331508523,-0.0489222219,-0.0174408462,-0.0041825629,-0.0331508523
2014-10,0.00697796413,0.0155204042,0.00901220894,-0.00632923865,0.00697796413,0.0209453535,0.00901220894,-0.00632923865
2014-11,-0.0206941207,0.025788106,0.00978695956,-0.0204885136,-0.0206941207,0.0288424436,0.00978695956,-0.0204885136
2014-12,-0.0471829987,-0.00850327327,0.00469321502,-0.0218209901,-0.0471829987,-0.0072959247,0.00469321502,-0.0218209901
