,ZF,ZT,CC,KC,ZK,ZC,CT,ZU,ZG,ZZ,LB,DA,ZN,ZO,JO,ZA,ZP,ZB,ZR,ZI,ZM,ZL,ZS,SB,MW,ZW,AP,ZD,YM,XU,XX,CA,AX,HS,NK,ND,RL,MD,SP,LX,CB,DT,UB,UZ,US,TY,TU,FB,GS,SS,AN,BN,CN,FN,EC,JN,MP,SN
ZF,1,0.773338822,-0.0336316441,0.0393900591,0.0260757353,-0.226847977,-0.0601571472,0.0874294559,-0.170113083,0.280870184,0.156372051,0.0457352675,-0.0797608634,-0.13200156,0.0219262218,0.0322851827,0.0167481248,0.102575451,-0.072564928,-0.0978087043,-0.102751925,-0.00952202688,-0.0829734952,0.0187605529,-0.067284913,-0.119350539,0.0406038037,0.0255635358,-0.0262243204,0.112135549,0.0813876088,0.0978952988,0.0865972033,0.0824980521,0.124917056,0.0766138152,0.0652690238,0.105208724,0.0495427368,0.0274965763,-0.176401906,-0.131875538,-0.152560691,-0.156403941,-0.149042965,-0.220695845,-0.269442539,-0.253204115,-0.180225472,-0.204267472,0.0254341189,0.0567103048,0.0850895154,-0.0696771364,-0.150509418,-0.152781555,0.0320727465,-0.0585984725
ZT,0.773338822,1,-0.0162415382,0.0996203698,0.0796128369,-0.0311073256,-0.0227508289,0.0863931334,-0.111328954,0.359548687,0.185292088,0.0967623442,-0.0655810929,-0.00779801418,0.00507297642,0.082101641,0.0522311991,0.0598322957,0.0787888492,-0.0657635539,-0.0287996028,0.0540432457,0.00659366586,0.0487932435,0.0375942849,0.0207027905,0.0599790211,0.045555141,-0.00804860808,0.0827599928,0.0704375003,0.076539806,0.0835222054,0.101799745,0.0597353675,0.080508761,0.0807370062,0.113087137,0.047023465,0.0246412393,-0.108589185,-0.0922780253,-0.151968415,-0.198586964,-0.09788314,-0.197359116,-0.285562179,-0.252207842,-0.115378778,-0.268438706,0.0562521928,0.075755479,0.0252691284,-0.0459955296,-0.229377434,-0.143144163,-0.0108956485,-0.0844890222
CC,-0.0336316441,-0.0162415382,1,0.295136639,0.218519268,0.214220181,0.283818017,0.162121316,0.252821834,0.0343138494,0.129539068,0.0550407019,-0.0158851914,0.25139242,0.152183709,0.170679432,0.34211657,0.158323286,0.15453967,0.318442097,0.126027163,0.226564366,0.220934583,0.147171337,0.202317807,0.144821503,0.367857654,0.0559262001,0.0540322909,0.0406751973,0.0354047888,0.0265315201,0.00993559026,0.184183959,0.116943562,-0.0106224682,0.0390960474,0.08945257,0.082282093,0.0419880883,-0.0384994103,-0.0605441619,-0.0729183375,-0.0604129664,0.0136215201,0.0560273715,0.116491279,0.0672424475,-0.0769045617,0.0466224244,0.270760044,0.220677183,0.221544606,0.266842802,0.178392337,0.0476660177,0.156641123,0.213779863
KC,0.0393900591,0.0996203698,0.295136639,1,0.288952761,0.318321412,0.31688544,0.131337448,0.291677924,0.0583962825,0.138292028,0.142999894,0.0344495399,0.315296626,0.179187436,0.217162917,0.314177467,0.144187395,0.159557278,0.356573609,0.191966653,0.295287018,0.277984608,0.252965012,0.320612445,0.312046777,0.211142491,0.248850631,0.227002498,0.213882199,0.19524085,0.214379523,0.191024809,0.26476739,0.0450762872,0.191178258,0.144820093,0.198905243,0.257127702,0.228657294,-0.10666765,-0.18451839,-0.189373472,-0.162315591,-0.126398326,-0.13492527,-0.121738396,-0.12318632,-0.138662481,-0.141864913,0.308956081,0.289498399,0.234482867,0.229105592,-0.128332415,0.132856892,0.245182319,0.222850435
ZK,0.0260757353,0.0796128369,0.218519268,0.288952761,1,0.215246516,0.331986045,0.37970579,0.31933786,0.027715428,0.180754647,0.0927396251,0.0723327509,0.236773531,0.217020845,0.387339573,0.540779732,0.385885094,0.1833144,0.412265522,0.14082888,0.327488919,0.237453529,0.262018456,0.212432551,0.239559426,0.668789425,0.449725011,0.458034709,0.382670212,0.386950719,0.368260137,0.348737546,0.483770026,0.316562103,0.339312085,0.393055047,0.461549735,0.469910722,0.417097736,-0.221772781,-0.244181512,-0.259309901,-0.255803824,-0.26901648,-0.208485568,-0.180553622,-0.199034605,-0.244195066,-0.291669991,0.551723519,0.400954014,0.518852171,0.358101092,-0.150501996,-0.0182140323,0.431653234,0.284744718
ZC,-0.226847977,-0.0311073256,0.214220181,0.318321412,0.215246516,1,0.430653683,0.150137112,0.252859135,-0.0521266077,0.162409709,0.00806535498,0.132993553,0.496606453,0.225903402,0.224514991,0.302513205,0.13624621,0.412747904,0.29748405,0.643849645,0.569124645,0.69854934,0.135272794,0.537997884,0.612197189,0.377485055,0.264118182,0.271802632,0.155627361,0.183208266,0.1402105,0.127208323,0.191178054,0.0738560893,0.125951269,0.196148698,0.276263543,0.262836125,0.221871775,0.0531720983,-0.102830106,-0.122768739,-0.14315291,0.0664722169,0.0676808089,0.00912751084,0.0455675864,-0.0258659069,-0.108409835,0.373807109,0.198987866,0.217999313,0.312533624,0.00700317028,0.144027607,0.244703826,0.281729708
CT,-0.0601571472,-0.0227508289,0.283818017,0.31688544,0.331986045,0.430653683,1,0.208467874,0.148610046,-0.0843926628,0.173118784,-0.121091818,-0.00570472175,0.379382879,0.225873666,0.24888593,0.357842009,0.165110222,0.285921911,0.172657552,0.361449358,0.501252427,0.485563629,0.1820863,0.314409523,0.314066149,0.425732933,0.294972709,0.272301689,0.213072347,0.212977072,0.195883316,0.185096566,0.308343363,0.176292006,0.186401471,0.199786409,0.28384848,0.300590324,0.259179281,-0.146646251,-0.201069537,-0.21585898,-0.22183791,-0.118175114,-0.104125449,-0.0816779254,-0.0960146704,-0.175789962,-0.0864912935,0.356384318,0.17842248,0.296535372,0.259889046,-0.0695565822,0.0692086195,0.298766155,0.168982601
ZU,0.0874294559,0.0863931334,0.162121316,0.131337448,0.37970579,0.150137112,0.208467874,1,0.226199054,-0.0150351807,0.251006298,0.0893699386,0.353398549,0.189403967,0.176470569,0.304164728,0.407499161,0.827899876,0.0399140162,0.28799546,0.131891679,0.207886894,0.195706176,0.113137697,0.165180568,0.137543066,0.511355446,0.185553182,0.224670244,0.19722927,0.205349367,0.216838588,0.135574642,0.316324823,0.312408714,0.213973917,0.2864475,0.318279508,0.254277413,0.244340462,-0.182007311,-0.273535775,-0.269477151,-0.271586282,-0.141608938,-0.156189349,-0.141682692,-0.159154745,-0.23900513,-0.278067484,0.419636971,0.335237868,0.41232992,0.310079953,-0.173021015,-0.0317616861,0.347254158,0.23868726
ZG,-0.170113083,-0.111328954,0.252821834,0.291677924,0.31933786,0.252859135,0.148610046,0.226199054,1,0.0277351335,0.0561856713,0.0717022654,0.123522439,0.205628236,0.151782924,0.27585225,0.549217933,0.250414408,0.0654732966,0.753836352,0.124702436,0.232490797,0.181001676,0.140977492,0.254291255,0.270919667,0.166289735,0.0225159484,0.0601743889,-0.0500747751,-0.073930337,-0.0482234161,-0.0364799155,0.223316008,0.00315667494,0.0264377571,0.116478597,0.115359663,0.0552418342,0.0410564152,0.191575369,0.06932502,0.101974115,0.113568785,0.199065479,0.241622487,0.214993082,0.252628697,0.118882694,-0.107581817,0.424542598,0.308508899,0.398470746,0.39734382,0.0231264888,0.301536763,0.157564869,0.409952868
ZZ,0.280870184,0.359548687,0.0343138494,0.0583962825,0.027715428,-0.0521266077,-0.0843926628,-0.0150351807,0.0277351335,1,0.131401369,0.260631171,0.0537343447,-0.00878543688,0.0507457734,-0.0339670763,-0.0449770143,-0.00568113622,-0.0491616506,0.0315181889,-0.0981800581,0.0434567297,-0.0267908406,-0.0205682414,0.0652349325,0.0414392305,-0.0760039865,-0.0162637782,0.00649946791,-0.0462846679,-0.0557663741,-0.0858624346,-0.11274635,-0.0427655498,0.016028765,-0.0626865666,-0.047746902,-0.0405561458,-0.0274894149,-0.13749903,-0.0307987366,0.0492106593,0.0636359829,0.0502107216,0.0502963514,0.0486697443,0.00347166637,0.0376928075,-0.0222846063,-0.0589809004,0.0245636534,0.176324863,0.0253104938,0.0346259421,-0.0492739832,-0.0951048055,0.10680642,0.00157489861
LB,0.156372051,0.185292088,0.129539068,0.138292028,0.180754647,0.162409709,0.173118784,0.251006298,0.0561856713,0.131401369,1,0.16010753,-0.0760020312,0.0974410372,0.056512648,0.216064712,0.178978712,0.207253931,0.126406645,0.122263168,0.181384632,0.202723621,0.231286949,0.0351537773,0.0843811311,0.186663712,0.29040175,0.267405067,0.269640817,0.230300934,0.234185217,0.255025205,0.186381384,0.198751097,0.252779343,0.156958811,0.203584852,0.2451993,0.263857476,0.214821276,-0.0787339544,-0.0812089877,-0.118757232,-0.158273858,-0.0904665138,-0.124391281,-0.160671074,-0.153862144,-0.0763649675,-0.186969922,0.266147824,0.146562612,0.166949896,0.129842558,-0.101388976,-0.0404215809,0.164328168,0.054415488
DA,0.0457352675,0.0967623442,0.0550407019,0.142999894,0.0927396251,0.00806535498,-0.121091818,0.0893699386,0.0717022654,0.260631171,0.16010753,1,0.0508975273,0.0208767121,-0.0245236281,0.0263954739,0.00924357896,0.116437576,0.032313999,0.0815255447,-0.0579622246,-0.043215939,-0.0369163142,-0.0676018275,0.04350004,0.040054407,-0.0731502548,0.0723921341,0.0746899796,0.0832116288,0.0728686156,0.0575759801,0.0329187643,-5.95275262e-06,0.0471225657,0.0216743406,0.0308671152,0.0381883013,0.0631109033,0.0188779373,-0.0352122698,-0.0159992107,-0.049280254,-0.0855081267,-0.0571276184,-0.0411902757,-0.0910473491,-0.033851636,-0.0226697224,-0.155754507,0.0165387427,0.100422825,0.0548441857,-0.0364083107,-0.128765365,0.0781340031,0.0943338008,-0.024326803
ZN,-0.0797608634,-0.0655810929,-0.0158851914,0.0344495399,0.0723327509,0.132993553,-0.00570472175,0.353398549,0.123522439,0.0537343447,-0.0760020312,0.0508975273,1,0.128312003,0.0268942529,0.0999224912,0.206556909,0.374217078,-0.00778634858,0.0632108885,0.116837992,0.0544584447,0.100058608,0.0817202731,0.12116384,0.109802959,0.0499489366,-0.0162035056,-0.0334931656,0.0461061063,0.00207456334,0.0344124326,-0.0387836804,0.0502112316,0.088778906,-0.0407905467,0.0136385236,0.0706608158,-0.00865713535,0.0503889973,0.103015703,0.0521741985,0.0606710629,0.0295001418,0.106803887,0.104069362,0.0448720607,0.0907422933,0.0094027261,-0.0283810155,0.221794692,0.11526731,0.168117165,0.206940314,-0.0541119051,-0.0257138469,0.055614246,0.198900382
ZO,-0.13200156,-0.00779801418,0.25139242,0.315296626,0.236773531,0.496606453,0.379382879,0.189403967,0.205628236,-0.00878543688,0.0974410372,0.0208767121,0.128312003,1,0.269784149,0.184353402,0.277804326,0.146797439,0.224712579,0.239719353,0.386619514,0.514731666,0.492762984,0.268212829,0.414432721,0.38308565,0.369942739,0.118906496,0.120388572,0.0425414076,0.130784588,0.0641527981,0.00852698716,0.157852945,0.119641175,0.0393991686,0.0273554618,0.0933994067,0.130606195,0.120638342,-0.00403464037,-0.116894793,-0.114306049,-0.0986696967,-0.0269899899,0.0116597867,0.0561660711,0.0365076746,-0.0908543202,-0.0633715914,0.298111895,0.240874013,0.190521514,0.240603353,0.0488668106,0.0270451215,0.254918952,0.252032161
JO,0.0219262218,0.00507297642,0.152183709,0.179187436,0.217020845,0.225903402,0.225873666,0.176470569,0.151782924,0.0507457734,0.056512648,-0.0245236281,0.0268942529,0.269784149,1,0.209972717,0.21879996,0.134821857,0.0089263032,0.164898816,0.131067245,0.248028451,0.196543663,0.124401361,0.130313667,0.164872941,0.219871028,0.215386208,0.251270203,0.254221825,0.289769475,0.259964924,0.208238772,0.263022564,0.249275818,0.198881322,0.205084655,0.235185828,0.241343023,0.29689596,-0.0310554114,-0.134348514,-0.121022678,-0.12307425,-0.094277243,-0.035903682,-0.0140009685,-0.0061978036,-0.0765156421,0.0141739799,0.220727885,0.115729833,0.248281111,0.130229367,-0.0535529607,-0.0736158099,0.334007771,0.112741589
ZA,0.0322851827,0.082101641,0.170679432,0.217162917,0.387339573,0.224514991,0.24888593,0.304164728,0.27585225,-0.0339670763,0.216064712,0.0263954739,0.0999224912,0.184353402,0.209972717,1,0.599101605,0.280886553,0.00284091351,0.401124988,0.167953665,0.178874514,0.217802638,0.258515966,0.256554715,0.216038422,0.456197012,0.149431732,0.208498157,0.192778595,0.168074617,0.263917206,0.24826768,0.357582156,0.220614081,0.265031399,0.322285178,0.305975375,0.207650191,0.223861079,-0.0636854785,-0.142502572,-0.101591023,-0.0907062938,-0.0982259369,-0.0867510409,-0.074397687,-0.0524252766,-0.127191222,-0.0982475174,0.322713637,0.163048188,0.255706322,0.157159257,0.0260992643,-0.0988770175,0.235763844,0.156578682
ZP,0.0167481248,0.0522311991,0.34211657,0.314177467,0.540779732,0.302513205,0.357842009,0.407499161,0.549217933,-0.0449770143,0.178978712,0.00924357896,0.206556909,0.277804326,0.21879996,0.599101605,1,0.41603766,0.178603738,0.615845201,0.224445387,0.351325671,0.316005404,0.312975302,0.38013876,0.313708744,0.452463971,0.237482991,0.215175764,0.197920302,0.109523115,0.206772858,0.164965466,0.394484244,0.19119421,0.209733639,0.230423743,0.340257992,0.269897576,0.258363529,-0.0156194868,-0.188265406,-0.190136632,-0.171357063,-0.0525009884,-0.00322710106,-0.011886596,0.00662583123,-0.168041621,-0.167630418,0.5016299,0.321423267,0.386091156,0.39667621,0.0704195986,0.0592767496,0.343777392,0.337959954
ZB,0.102575451,0.0598322957,0.158323286,0.144187395,0.385885094,0.13624621,0.165110222,0.827899876,0.250414408,-0.00568113622,0.207253931,0.116437576,0.374217078,0.146797439,0.134821857,0.280886553,0.41603766,1,0.02356826,0.291623083,0.108938136,0.143387883,0.143110557,0.135634542,0.143443021,0.119932571,0.423112929,0.163917322,0.174221089,0.191064122,0.18762103,0.234816935,0.14464244,0.254377184,0.259607372,0.194437154,0.230761833,0.291137891,0.220634478,0.244587717,-0.242525238,-0.284266455,-0.290692281,-0.292448419,-0.22848365,-0.218201768,-0.209291389,-0.214069446,-0.276977373,-0.252702126,0.313057895,0.299515268,0.388964223,0.238811984,-0.222216735,-0.0384710703,0.288018854,0.178219948
ZR,-0.072564928,0.0787888492,0.15453967,0.159557278,0.1833144,0.412747904,0.285921911,0.0399140162,0.0654732966,-0.0491616506,0.126406645,0.032313999,-0.00778634858,0.224712579,0.0089263032,0.00284091351,0.178603738,0.02356826,1,0.0645125402,0.295658066,0.342491513,0.379147335,0.191537435,0.288695311,0.29162861,0.369637269,0.249898999,0.225385397,0.131643842,0.122070587,0.102973958,0.137749708,0.167271018,0.110346239,0.136142988,0.110207623,0.187514937,0.231199432,0.205905193,-0.0574620497,-0.0845971563,-0.137214389,-0.186294513,-0.0941385591,-0.0746789026,-0.0871715446,-0.0853906552,-0.0415582461,-0.234222596,0.196041902,0.0829690545,0.0971563141,0.253011913,-0.0922473379,0.0640762969,0.122700817,0.189731486
ZI,-0.0978087043,-0.0657635539,0.318442097,0.356573609,0.412265522,0.29748405,0.172657552,0.28799546,0.753836352,0.0315181889,0.122263168,0.0815255447,0.0632108885,0.239719353,0.164898816,0.401124988,0.615845201,0.291623083,0.0645125402,1,0.162732125,0.283479317,0.242094907,0.178615868,0.221968109,0.229569555,0.270380054,0.161325599,0.18019628,0.103226211,0.107877233,0.109004496,0.125023758,0.284218416,0.101939871,0.125301198,0.199021226,0.234982061,0.199879057,0.172611738,-0.00474441304,-0.134226731,-0.0735175603,-0.00976474535,-0.0528220825,0.0155903081,0.0885113472,0.056924788,-0.0930057217,-0.0740966957,0.444391217,0.353826869,0.404688945,0.357172234,0.0852559693,0.194724181,0.270827497,0.388986306
ZM,-0.102751925,-0.0287996028,0.126027163,0.191966653,0.14082888,0.643849645,0.361449358,0.131891679,0.124702436,-0.0981800581,0.181384632,-0.0579622246,0.116837992,0.386619514,0.131067245,0.167953665,0.224445387,0.108938136,0.295658066,0.162732125,1,0.517458991,0.908975068,0.128527265,0.437650631,0.499887086,0.391491858,0.203633724,0.20243436,0.129263739,0.151662024,0.116084808,0.13453975,0.202371242,0.169971432,0.160358151,0.204950933,0.256006435,0.226028693,0.186987138,-0.0353999357,-0.126704121,-0.113923459,-0.0835945294,0.0170662904,0.0281870778,0.00946441103,0.0240443834,-0.0981521416,-0.0341566411,0.284290329,0.151842961,0.197803332,0.192653008,0.0224459708,0.145353603,0.202413615,0.184992608
ZL,-0.00952202688,0.0540432457,0.226564366,0.295287018,0.327488919,0.569124645,0.501252427,0.207886894,0.232490797,0.0434567297,0.202723621,-0.043215939,0.0544584447,0.514731666,0.248028451,0.178874514,0.351325671,0.143387883,0.342491513,0.283479317,0.517458991,1,0.790961958,0.150240443,0.498098457,0.434325266,0.455937057,0.314156056,0.314604831,0.195324709,0.24751463,0.179370836,0.145347235,0.330597359,0.209887482,0.168429154,0.166506834,0.287183833,0.309504047,0.297657337,-0.0235306351,-0.147633944,-0.125841759,-0.0894575371,0.00504814441,0.0447713379,0.0567068905,0.0488498057,-0.148282792,-0.18925694,0.419700508,0.258431785,0.342648944,0.292783926,-0.0499962903,0.0637112917,0.301738429,0.22036822
ZS,-0.0829734952,0.00659366586,0.220934583,0.277984608,0.237453529,0.69854934,0.485563629,0.195706176,0.181001676,-0.0267908406,0.231286949,-0.0369163142,0.100058608,0.492762984,0.196543663,0.217802638,0.316005404,0.143110557,0.379147335,0.242094907,0.908975068,0.790961958,1,0.164078134,0.535006369,0.531017658,0.457977963,0.283298663,0.278980244,0.17070881,0.212099053,0.163134671,0.155309721,0.287000832,0.208439203,0.196170726,0.218418713,0.304680568,0.295548435,0.264116725,-0.0511216712,-0.162516726,-0.135332815,-0.0939367903,-0.00140579796,0.0229337189,0.0211290931,0.0260453344,-0.148949955,-0.103015257,0.387926543,0.226659506,0.286894036,0.272989654,-0.000392310214,0.122195343,0.269937215,0.228602595
SB,0.0187605529,0.0487932435,0.147171337,0.252965012,0.262018456,0.135272794,0.1820863,0.113137697,0.140977492,-0.0205682414,0.0351537773,-0.0676018275,0.0817202731,0.268212829,0.124401361,0.258515966,0.312975302,0.135634542,0.191537435,0.178615868,0.128527265,0.150240443,0.164078134,1,0.234733043,0.18928792,0.202246509,0.106182011,-0.00208963818,0.0849392456,0.00673637198,0.130617198,0.0475430599,0.172747317,0.0661726155,0.11656305,0.0638204157,0.13279556,0.116278251,0.154545194,-0.0811103882,-0.10858805,-0.104145605,-0.094169357,-0.128715308,-0.0691910821,-0.00105130557,-0.0154736821,-0.100696248,-0.00272428659,0.261869059,0.131747094,0.1281714,0.166078161,0.0308107641,0.0966820124,0.17459228,0.176852237
MW,-0.067284913,0.0375942849,0.202317807,0.320612445,0.212432551,0.537997884,0.314409523,0.165180568,0.254291255,0.0652349325,0.0843811311,0.04350004,0.12116384,0.414432721,0.130313667,0.256554715,0.38013876,0.143443021,0.288695311,0.221968109,0.437650631,0.498098457,0.535006369,0.234733043,1,0.833000764,0.202633394,0.100823572,0.073483315,0.030051823,0.0137171729,0.0166135422,-0.0240365216,0.135079772,0.0308852426,0.0454005979,0.0466263268,0.0899217285,0.106171891,0.0677276306,0.0642893758,-0.0535378892,-0.0327468106,0.0018025344,0.0567364478,0.0997272763,0.15825805,0.146189162,-0.0102019101,-0.116247439,0.309311552,0.213646615,0.246381354,0.252130899,0.104374146,0.135991774,0.162420649,0.22353434
ZW,-0.119350539,0.0207027905,0.144821503,0.312046777,0.239559426,0.612197189,0.314066149,0.137543066,0.270919667,0.0414392305,0.186663712,0.040054407,0.109802959,0.38308565,0.164872941,0.216038422,0.313708744,0.119932571,0.29162861,0.229569555,0.499887086,0.434325266,0.531017658,0.18928792,0.833000764,1,0.286450323,0.250078354,0.242640669,0.167134927,0.161507387,0.140696771,0.109036595,0.256418234,0.0752460689,0.145980932,0.156936423,0.204356433,0.240002297,0.193083847,0.104252738,-0.0298407379,-0.0565555094,-0.0649496102,0.107468982,0.133884516,0.109029481,0.144891649,0.0625999327,-0.123917958,0.359798411,0.25169689,0.310289988,0.325431534,0.0212434956,0.163584808,0.214631196,0.283929339
AP,0.0406038037,0.0599790211,0.367857654,0.211142491,0.668789425,0.377485055,0.425732933,0.511355446,0.166289735,-0.0760039865,0.29040175,-0.0731502548,0.0499489366,0.369942739,0.219871028,0.456197012,0.452463971,0.423112929,0.369637269,0.270380054,0.391491858,0.455937057,0.457977963,0.202246509,0.202633394,0.286450323,1,0.769418964,0.769829406,0.714262606,0.698365779,0.715440484,0.674703456,0.724502704,0.603723102,0.770182251,0.778217597,0.810663796,0.809317731,0.780304715,-0.23877678,-0.300385722,-0.368421745,-0.469226384,-0.158827108,-0.173124459,-0.262206239,-0.221046255,-0.206823602,-0.295603307,0.672043027,0.441729767,0.629580367,0.591843334,-0.125803536,-0.190528942,0.636528929,0.438617133
ZD,0.0255635358,0.045555141,0.0559262001,0.248850631,0.449725011,0.264118182,0.294972709,0.185553182,0.0225159484,-0.0162637782,0.267405067,0.0723921341,-0.0162035056,0.118906496,0.215386208,0.149431732,0.237482991,0.163917322,0.249898999,0.161325599,0.203633724,0.314156056,0.283298663,0.106182011,0.100823572,0.250078354,0.769418964,1,0.999968156,0.85181337,0.836569213,0.791513286,0.787903925,0.660757076,0.573694142,0.721185782,0.745131267,0.850421844,0.954683568,0.847574071,-0.230995405,-0.331303237,-0.382144294,-0.415082791,-0.253415691,-0.274936027,-0.331074854,-0.300674252,-0.237774359,-0.257795708,0.523748644,0.223158818,0.535713554,0.302750055,-0.21440018,-0.0372773056,0.553203221,0.133670347
YM,-0.0262243204,-0.00804860808,0.0540322909,0.227002498,0.458034709,0.271802632,0.272301689,0.224670244,0.0601743889,0.00649946791,0.269640817,0.0746899796,-0.0334931656,0.120388572,0.251270203,0.208498157,0.215175764,0.174221089,0.225385397,0.18019628,0.20243436,0.314604831,0.278980244,-0.00208963818,0.073483315,0.242640669,0.769829406,0.999968156,1,0.846765021,0.836756125,0.832560119,0.827640809,0.679684863,0.606960963,0.851524,0.841104193,0.876229311,0.972547333,0.849057231,-0.23288579,-0.3617751,-0.388072992,-0.425818757,-0.25440437,-0.271960475,-0.321163991,-0.293302453,-0.240042342,-0.233759708,0.517549413,0.261548251,0.556550536,0.373767272,-0.188127218,-0.15576202,0.616830712,0.189783656
XU,0.112135549,0.0827599928,0.0406751973,0.213882199,0.382670212,0.155627361,0.213072347,0.19722927,-0.0500747751,-0.0462846679,0.230300934,0.0832116288,0.0461061063,0.0425414076,0.254221825,0.192778595,0.197920302,0.191064122,0.131643842,0.103226211,0.129263739,0.195324709,0.17070881,0.0849392456,0.030051823,0.167134927,0.714262606,0.85181337,0.846765021,1,0.952328556,0.976567189,0.945869202,0.66666969,0.604986688,0.785582906,0.787683226,0.819181945,0.880962005,0.875501872,-0.291115395,-0.406753889,-0.465885355,-0.520406421,-0.342551888,-0.394156061,-0.460053777,-0.423080294,-0.304305893,-0.241665832,0.428542927,0.172221566,0.507589232,0.225518848,-0.268027558,-0.222987364,0.537795369,0.0400811497
XX,0.0813876088,0.0704375003,0.0354047888,0.19524085,0.386950719,0.183208266,0.212977072,0.205349367,-0.073930337,-0.0557663741,0.234185217,0.0728686156,0.00207456334,0.130784588,0.289769475,0.168074617,0.109523115,0.18762103,0.122070587,0.107877233,0.151662024,0.24751463,0.212099053,0.00673637198,0.0137171729,0.161507387,0.698365779,0.836569213,0.836756125,0.952328556,1,0.947426731,0.914822654,0.661987474,0.571587898,0.777268036,0.744056643,0.781647454,0.861701586,0.898128903,-0.284750601,-0.375208781,-0.405558181,-0.445930423,-0.346066998,-0.395632675,-0.460620569,-0.421165636,-0.298743315,-0.208335065,0.404218334,0.193487048,0.517477705,0.170363018,-0.249886707,-0.223344924,0.500248494,0.0280646675
CA,0.0978952988,0.076539806,0.0265315201,0.214379523,0.368260137,0.1402105,0.195883316,0.216838588,-0.0482234161,-0.0858624346,0.255025205,0.0575759801,0.0344124326,0.0641527981,0.259964924,0.263917206,0.206772858,0.234816935,0.102973958,0.109004496,0.116084808,0.179370836,0.163134671,0.130617198,0.0166135422,0.140696771,0.715440484,0.791513286,0.832560119,0.976567189,0.947426731,1,0.921986665,0.648098822,0.577113116,0.735430864,0.756770334,0.800152389,0.837671499,0.864997228,-0.265712267,-0.378827506,-0.444643243,-0.498529301,-0.331988637,-0.388805224,-0.44521605,-0.419462038,-0.279973256,-0.238034146,0.398940761,0.134399796,0.477507,0.179571716,-0.268101609,-0.20745978,0.481313981,0.0263146154
AX,0.0865972033,0.0835222054,0.00993559026,0.191024809,0.348737546,0.127208323,0.185096566,0.135574642,-0.0364799155,-0.11274635,0.186381384,0.0329187643,-0.0387836804,0.00852698716,0.208238772,0.24826768,0.164965466,0.14464244,0.137749708,0.125023758,0.13453975,0.145347235,0.155309721,0.0475430599,-0.0240365216,0.109036595,0.674703456,0.787903925,0.827640809,0.945869202,0.914822654,0.921986665,1,0.648081773,0.55915603,0.748877366,0.778088791,0.791977017,0.823181504,0.807332186,-0.288875993,-0.37974858,-0.437259655,-0.488958956,-0.34365272,-0.410589957,-0.465786266,-0.441436011,-0.266933672,-0.249453068,0.377983822,0.104039344,0.461451917,0.133669364,-0.271389634,-0.190723475,0.480063862,-0.000280659679
HS,0.0824980521,0.101799745,0.184183959,0.26476739,0.483770026,0.191178054,0.308343363,0.316324823,0.223316008,-0.0427655498,0.198751097,-5.95275262e-06,0.0502112316,0.157852945,0.263022564,0.357582156,0.394484244,0.254377184,0.167271018,0.284218416,0.202371242,0.330597359,0.287000832,0.172747317,0.135079772,0.256418234,0.724502704,0.660757076,0.679684863,0.66666969,0.661987474,0.648098822,0.648081773,1,0.557131259,0.670212674,0.675097078,0.706925202,0.713718564,0.681740408,-0.139337809,-0.23027454,-0.272956104,-0.314953364,-0.147765659,-0.164683939,-0.223359337,-0.183667469,-0.183449287,-0.233319675,0.653107437,0.405661006,0.61012746,0.405798846,-0.156675031,-0.0477305015,0.508356346,0.260218242
NK,0.124917056,0.0597353675,0.116943562,0.0450762872,0.316562103,0.0738560893,0.176292006,0.312408714,0.00315667494,0.016028765,0.252779343,0.0471225657,0.088778906,0.119641175,0.249275818,0.220614081,0.19119421,0.259607372,0.110346239,0.101939871,0.169971432,0.209887482,0.208439203,0.0661726155,0.0308852426,0.0752460689,0.603723102,0.573694142,0.606960963,0.604986688,0.571587898,0.577113116,0.55915603,0.557131259,1,0.578555581,0.64006065,0.640859998,0.630260558,0.563462102,-0.234790421,-0.273317195,-0.341018567,-0.384233883,-0.204110914,-0.265221103,-0.344781119,-0.309874079,-0.221185086,-0.264890922,0.410639236,0.190398478,0.411698885,0.202315152,-0.211140253,-0.317953476,0.421509029,0.0960185162
ND,0.0766138152,0.080508761,-0.0106224682,0.191178258,0.339312085,0.125951269,0.186401471,0.213973917,0.0264377571,-0.0626865666,0.156958811,0.0216743406,-0.0407905467,0.0393991686,0.198881322,0.265031399,0.209733639,0.194437154,0.136142988,0.125301198,0.160358151,0.168429154,0.196170726,0.11656305,0.0454005979,0.145980932,0.770182251,0.721185782,0.851524,0.785582906,0.777268036,0.735430864,0.748877366,0.670212674,0.578555581,1,0.789336188,0.786659529,0.826108541,0.706966176,-0.184807593,-0.274037166,-0.351603209,-0.3960065,-0.243665014,-0.293091096,-0.356897719,-0.323044583,-0.188150185,-0.247277313,0.430866733,0.109750073,0.449883119,0.162849236,-0.183166573,-0.0672971662,0.40590345,0.0404532153
RL,0.0652690238,0.0807370062,0.0390960474,0.144820093,0.393055047,0.196148698,0.199786409,0.2864475,0.116478597,-0.047746902,0.203584852,0.0308671152,0.0136385236,0.0273554618,0.205084655,0.322285178,0.230423743,0.230761833,0.110207623,0.199021226,0.204950933,0.166506834,0.218418713,0.0638204157,0.0466263268,0.156936423,0.778217597,0.745131267,0.841104193,0.787683226,0.744056643,0.756770334,0.778088791,0.675097078,0.64006065,0.789336188,1,0.926881064,0.828401562,0.721712983,-0.230004169,-0.353149102,-0.36625926,-0.388377107,-0.26245161,-0.309983812,-0.351796343,-0.33673745,-0.238946956,-0.27598565,0.516015088,0.219602087,0.56212726,0.32402955,-0.153371002,-0.14304404,0.513345547,0.18719069
MD,0.105208724,0.113087137,0.08945257,0.198905243,0.461549735,0.276263543,0.28384848,0.318279508,0.115359663,-0.0405561458,0.2451993,0.0381883013,0.0706608158,0.0933994067,0.235185828,0.305975375,0.340257992,0.291137891,0.187514937,0.234982061,0.256006435,0.287183833,0.304680568,0.13279556,0.0899217285,0.204356433,0.810663796,0.850421844,0.876229311,0.819181945,0.781647454,0.800152389,0.791977017,0.706925202,0.640859998,0.786659529,0.926881064,1,0.91267612,0.818490273,-0.2227995,-0.35068392,-0.403202072,-0.448305871,-0.245742896,-0.283857511,-0.365228793,-0.323281141,-0.252641167,-0.318169224,0.569441102,0.238492756,0.599938504,0.340629988,-0.215070264,-0.107195825,0.575827501,0.189330147
SP,0.0495427368,0.047023465,0.082282093,0.257127702,0.469910722,0.262836125,0.300590324,0.254277413,0.0552418342,-0.0274894149,0.263857476,0.0631109033,-0.00865713535,0.130606195,0.241343023,0.207650191,0.269897576,0.220634478,0.231199432,0.199879057,0.226028693,0.309504047,0.295548435,0.116278251,0.106171891,0.240002297,0.809317731,0.954683568,0.972547333,0.880962005,0.861701586,0.837671499,0.823181504,0.713718564,0.630260558,0.826108541,0.828401562,0.91267612,1,0.876843504,-0.221807179,-0.334981329,-0.397707241,-0.441410638,-0.258042537,-0.284274581,-0.354410725,-0.316206368,-0.235756652,-0.284199311,0.559750689,0.248250922,0.579504414,0.325573723,-0.217221648,-0.0525346919,0.578432747,0.161432651
LX,0.0274965763,0.0246412393,0.0419880883,0.228657294,0.417097736,0.221871775,0.259179281,0.244340462,0.0410564152,-0.13749903,0.214821276,0.0188779373,0.0503889973,0.120638342,0.29689596,0.223861079,0.258363529,0.244587717,0.205905193,0.172611738,0.186987138,0.297657337,0.264116725,0.154545194,0.0677276306,0.193083847,0.780304715,0.847574071,0.849057231,0.875501872,0.898128903,0.864997228,0.807332186,0.681740408,0.563462102,0.706966176,0.721712983,0.818490273,0.876843504,1,-0.149429696,-0.306056939,-0.371079969,-0.415841454,-0.226562552,-0.255324924,-0.335313889,-0.285233326,-0.205564786,-0.170780197,0.499888533,0.0712342249,0.510411013,0.271101984,-0.195628817,-0.0716052872,0.491078377,0.124232759
CB,-0.176401906,-0.108589185,-0.0384994103,-0.10666765,-0.221772781,0.0531720983,-0.146646251,-0.182007311,0.191575369,-0.0307987366,-0.0787339544,-0.0352122698,0.103015703,-0.00403464037,-0.0310554114,-0.0636854785,-0.0156194868,-0.242525238,-0.0574620497,-0.00474441304,-0.0353999357,-0.0235306351,-0.0511216712,-0.0811103882,0.0642893758,0.104252738,-0.23877678,-0.230995405,-0.23288579,-0.291115395,-0.284750601,-0.265712267,-0.288875993,-0.139337809,-0.234790421,-0.184807593,-0.230004169,-0.2227995,-0.221807179,-0.149429696,1,0.766795109,0.700616748,0.561668155,0.851981176,0.843179962,0.638683433,0.785786406,0.825244253,0.242338493,0.0508284351,-0.113670836,-0.201442788,0.135513461,0.278032607,0.379398533,-0.127596102,0.176816489
DT,-0.131875538,-0.0922780253,-0.0605441619,-0.18451839,-0.244181512,-0.102830106,-0.201069537,-0.273535775,0.06932502,0.0492106593,-0.0812089877,-0.0159992107,0.0521741985,-0.116894793,-0.134348514,-0.142502572,-0.188265406,-0.284266455,-0.0845971563,-0.134226731,-0.126704121,-0.147633944,-0.162516726,-0.10858805,-0.0535378892,-0.0298407379,-0.300385722,-0.331303237,-0.3617751,-0.406753889,-0.375208781,-0.378827506,-0.37974858,-0.23027454,-0.273317195,-0.274037166,-0.353149102,-0.35068392,-0.334981329,-0.306056939,0.766795109,1,0.920598496,0.72110166,0.780840996,0.752519224,0.560288436,0.695392046,0.864382862,0.271791176,-0.0974725847,-0.153566742,-0.209600964,-0.0977057734,0.208023797,0.291659316,-0.258394674,0.006016819
UB,-0.152560691,-0.151968415,-0.0729183375,-0.189373472,-0.259309901,-0.122768739,-0.21585898,-0.269477151,0.101974115,0.0636359829,-0.118757232,-0.049280254,0.0606710629,-0.114306049,-0.121022678,-0.101591023,-0.190136632,-0.290692281,-0.137214389,-0.0735175603,-0.113923459,-0.125841759,-0.135332815,-0.104145605,-0.0327468106,-0.0565555094,-0.368421745,-0.382144294,-0.388072992,-0.465885355,-0.405558181,-0.444643243,-0.437259655,-0.272956104,-0.341018567,-0.351603209,-0.36625926,-0.403202072,-0.397707241,-0.371079969,0.700616748,0.920598496,1,0.91021044,0.689464541,0.712360348,0.650240056,0.718817393,0.749789103,0.373569516,-0.119186802,-0.110123864,-0.19249948,-0.0946447679,0.321555963,0.327872427,-0.28434491,0.0650406997
UZ,-0.156403941,-0.198586964,-0.0604129664,-0.162315591,-0.255803824,-0.14315291,-0.22183791,-0.271586282,0.113568785,0.0502107216,-0.158273858,-0.0855081267,0.0295001418,-0.0986696967,-0.12307425,-0.0907062938,-0.171357063,-0.292448419,-0.186294513,-0.00976474535,-0.0835945294,-0.0894575371,-0.0939367903,-0.094169357,0.0018025344,-0.0649496102,-0.469226384,-0.415082791,-0.425818757,-0.520406421,-0.445930423,-0.498529301,-0.488958956,-0.314953364,-0.384233883,-0.3960065,-0.388377107,-0.448305871,-0.441410638,-0.415841454,0.561668155,0.72110166,0.91021044,1,0.53814967,0.604128231,0.693898892,0.668935591,0.556441111,0.448146668,-0.165888209,-0.0817425824,-0.187050013,-0.100726552,0.428792445,0.340935296,-0.319825988,0.0895300051
US,-0.149042965,-0.09788314,0.0136215201,-0.126398326,-0.26901648,0.0664722169,-0.118175114,-0.141608938,0.199065479,0.0502963514,-0.0904665138,-0.0571276184,0.106803887,-0.0269899899,-0.094277243,-0.0982259369,-0.0525009884,-0.22848365,-0.0941385591,-0.0528220825,0.0170662904,0.00504814441,-0.00140579796,-0.128715308,0.0567364478,0.107468982,-0.158827108,-0.253415691,-0.25440437,-0.342551888,-0.346066998,-0.331988637,-0.34365272,-0.147765659,-0.204110914,-0.243665014,-0.26245161,-0.245742896,-0.258042537,-0.226562552,0.851981176,0.780840996,0.689464541,0.53814967,1,0.931108458,0.649714908,0.83642299,0.805471109,0.217281966,0.0514001671,-0.0631252669,-0.124745507,0.111477555,0.211902897,0.323334324,-0.134420499,0.116600991
TY,-0.220695845,-0.197359116,0.0560273715,-0.13492527,-0.208485568,0.0676808089,-0.104125449,-0.156189349,0.241622487,0.0486697443,-0.124391281,-0.0411902757,0.104069362,0.0116597867,-0.035903682,-0.0867510409,-0.00322710106,-0.218201768,-0.0746789026,0.0155903081,0.0281870778,0.0447713379,0.0229337189,-0.0691910821,0.0997272763,0.133884516,-0.173124459,-0.274936027,-0.271960475,-0.394156061,-0.395632675,-0.388805224,-0.410589957,-0.164683939,-0.265221103,-0.293091096,-0.309983812,-0.283857511,-0.284274581,-0.255324924,0.843179962,0.752519224,0.712360348,0.604128231,0.931108458,1,0.82537425,0.965185102,0.761374373,0.282245563,0.0409298631,-0.00546494499,-0.110328058,0.180367779,0.325333246,0.39161404,-0.0839816448,0.198268966
TU,-0.269442539,-0.285562179,0.116491279,-0.121738396,-0.180553622,0.00912751084,-0.0816779254,-0.141682692,0.214993082,0.00347166637,-0.160671074,-0.0910473491,0.0448720607,0.0561660711,-0.0140009685,-0.074397687,-0.011886596,-0.209291389,-0.0871715446,0.0885113472,0.00946441103,0.0567068905,0.0211290931,-0.00105130557,0.15825805,0.109029481,-0.262206239,-0.331074854,-0.321163991,-0.460053777,-0.460620569,-0.44521605,-0.465786266,-0.223359337,-0.344781119,-0.356897719,-0.351796343,-0.365228793,-0.354410725,-0.335313889,0.638683433,0.560288436,0.650240056,0.693898892,0.649714908,0.82537425,1,0.916695212,0.525514922,0.397774187,-0.0125309019,0.0580788644,-0.109265848,0.21029096,0.571875566,0.398761001,-0.0988577257,0.280150712
FB,-0.253204115,-0.252207842,0.0672424475,-0.12318632,-0.199034605,0.0455675864,-0.0960146704,-0.159154745,0.252628697,0.0376928075,-0.153862144,-0.033851636,0.0907422933,0.0365076746,-0.0061978036,-0.0524252766,0.00662583123,-0.214069446,-0.0853906552,0.056924788,0.0240443834,0.0488498057,0.0260453344,-0.0154736821,0.146189162,0.144891649,-0.221046255,-0.300674252,-0.293302453,-0.423080294,-0.421165636,-0.419462038,-0.441436011,-0.183667469,-0.309874079,-0.323044583,-0.33673745,-0.323281141,-0.316206368,-0.285233326,0.785786406,0.695392046,0.718817393,0.668935591,0.83642299,0.965185102,0.916695212,1,0.679643395,0.361702171,0.0245948072,0.0347396211,-0.100928437,0.207604838,0.420433756,0.428911822,-0.0896785582,0.249006878
GS,-0.180225472,-0.115378778,-0.0769045617,-0.138662481,-0.244195066,-0.0258659069,-0.175789962,-0.23900513,0.118882694,-0.0222846063,-0.0763649675,-0.0226697224,0.0094027261,-0.0908543202,-0.0765156421,-0.127191222,-0.168041621,-0.276977373,-0.0415582461,-0.0930057217,-0.0981521416,-0.148282792,-0.148949955,-0.100696248,-0.0102019101,0.0625999327,-0.206823602,-0.237774359,-0.240042342,-0.304305893,-0.298743315,-0.279973256,-0.266933672,-0.183449287,-0.221185086,-0.188150185,-0.238946956,-0.252641167,-0.235756652,-0.205564786,0.825244253,0.864382862,0.749789103,0.556441111,0.805471109,0.761374373,0.525514922,0.679643395,1,0.291569718,-0.0297615778,-0.201772927,-0.203373063,0.0204023153,0.178394054,0.264225884,-0.18407674,0.103700344
SS,-0.204267472,-0.268438706,0.0466224244,-0.141864913,-0.291669991,-0.108409835,-0.0864912935,-0.278067484,-0.107581817,-0.0589809004,-0.186969922,-0.155754507,-0.0283810155,-0.0633715914,0.0141739799,-0.0982475174,-0.167630418,-0.252702126,-0.234222596,-0.0740966957,-0.0341566411,-0.18925694,-0.103015257,-0.00272428659,-0.116247439,-0.123917958,-0.295603307,-0.257795708,-0.233759708,-0.241665832,-0.208335065,-0.238034146,-0.249453068,-0.233319675,-0.264890922,-0.247277313,-0.27598565,-0.318169224,-0.284199311,-0.170780197,0.242338493,0.271791176,0.373569516,0.448146668,0.217281966,0.282245563,0.397774187,0.361702171,0.291569718,1,-0.164168037,-0.246169671,-0.252273051,-0.0369605168,0.619125926,0.232580624,-0.281590013,0.0805281212
AN,0.0254341189,0.0562521928,0.270760044,0.308956081,0.551723519,0.373807109,0.356384318,0.419636971,0.424542598,0.0245636534,0.266147824,0.0165387427,0.221794692,0.298111895,0.220727885,0.322713637,0.5016299,0.313057895,0.196041902,0.444391217,0.284290329,0.419700508,0.387926543,0.261869059,0.309311552,0.359798411,0.672043027,0.523748644,0.517549413,0.428542927,0.404218334,0.398940761,0.377983822,0.653107437,0.410639236,0.430866733,0.516015088,0.569441102,0.559750689,0.499888533,0.0508284351,-0.0974725847,-0.119186802,-0.165888209,0.0514001671,0.0409298631,-0.0125309019,0.0245948072,-0.0297615778,-0.164168037,1,0.567858795,0.703684647,0.70564509,0.0165922847,0.172435076,0.541599394,0.589015712
BN,0.0567103048,0.075755479,0.220677183,0.289498399,0.400954014,0.198987866,0.17842248,0.335237868,0.308508899,0.176324863,0.146562612,0.100422825,0.11526731,0.240874013,0.115729833,0.163048188,0.321423267,0.299515268,0.0829690545,0.353826869,0.151842961,0.258431785,0.226659506,0.131747094,0.213646615,0.25169689,0.441729767,0.223158818,0.261548251,0.172221566,0.193487048,0.134399796,0.104039344,0.405661006,0.190398478,0.109750073,0.219602087,0.238492756,0.248250922,0.0712342249,-0.113670836,-0.153566742,-0.110123864,-0.0817425824,-0.0631252669,-0.00546494499,0.0580788644,0.0347396211,-0.201772927,-0.246169671,0.567858795,1,0.497576036,0.66018738,-0.0239364349,0.129433587,0.373070373,0.584204074
CN,0.0850895154,0.0252691284,0.221544606,0.234482867,0.518852171,0.217999313,0.296535372,0.41232992,0.398470746,0.0253104938,0.166949896,0.0548441857,0.168117165,0.190521514,0.248281111,0.255706322,0.386091156,0.388964223,0.0971563141,0.404688945,0.197803332,0.342648944,0.286894036,0.1281714,0.246381354,0.310289988,0.629580367,0.535713554,0.556550536,0.507589232,0.517477705,0.477507,0.461451917,0.61012746,0.411698885,0.449883119,0.56212726,0.599938504,0.579504414,0.510411013,-0.201442788,-0.209600964,-0.19249948,-0.187050013,-0.124745507,-0.110328058,-0.109265848,-0.100928437,-0.203373063,-0.252273051,0.703684647,0.497576036,1,0.495909201,-0.138566649,0.0757789665,0.484547942,0.386403192
FN,-0.0696771364,-0.0459955296,0.266842802,0.229105592,0.358101092,0.312533624,0.259889046,0.310079953,0.39734382,0.0346259421,0.129842558,-0.0364083107,0.206940314,0.240603353,0.130229367,0.157159257,0.39667621,0.238811984,0.253011913,0.357172234,0.192653008,0.292783926,0.272989654,0.166078161,0.252130899,0.325431534,0.591843334,0.302750055,0.373767272,0.225518848,0.170363018,0.179571716,0.133669364,0.405798846,0.202315152,0.162849236,0.32402955,0.340629988,0.325573723,0.271101984,0.135513461,-0.0977057734,-0.0946447679,-0.100726552,0.111477555,0.180367779,0.21029096,0.207604838,0.0204023153,-0.0369605168,0.70564509,0.66018738,0.495909201,1,0.15645392,0.22246478,0.328743514,0.854698195
EC,-0.150509418,-0.229377434,0.178392337,-0.128332415,-0.150501996,0.00700317028,-0.0695565822,-0.173021015,0.0231264888,-0.0492739832,-0.101388976,-0.128765365,-0.0541119051,0.0488668106,-0.0535529607,0.0260992643,0.0704195986,-0.222216735,-0.0922473379,0.0852559693,0.0224459708,-0.0499962903,-0.000392310214,0.0308107641,0.104374146,0.0212434956,-0.125803536,-0.21440018,-0.188127218,-0.268027558,-0.249886707,-0.268101609,-0.271389634,-0.156675031,-0.211140253,-0.183166573,-0.153371002,-0.215070264,-0.217221648,-0.195628817,0.278032607,0.208023797,0.321555963,0.428792445,0.211902897,0.325333246,0.571875566,0.420433756,0.178394054,0.619125926,0.0165922847,-0.0239364349,-0.138566649,0.15645392,1,0.259904577,-0.121492872,0.293799965
JN,-0.152781555,-0.143144163,0.0476660177,0.132856892,-0.0182140323,0.144027607,0.0692086195,-0.0317616861,0.301536763,-0.0951048055,-0.0404215809,0.0781340031,-0.0257138469,0.0270451215,-0.0736158099,-0.0988770175,0.0592767496,-0.0384710703,0.0640762969,0.194724181,0.145353603,0.0637112917,0.122195343,0.0966820124,0.135991774,0.163584808,-0.190528942,-0.0372773056,-0.15576202,-0.222987364,-0.223344924,-0.20745978,-0.190723475,-0.0477305015,-0.317953476,-0.0672971662,-0.14304404,-0.107195825,-0.0525346919,-0.0716052872,0.379398533,0.291659316,0.327872427,0.340935296,0.323334324,0.39161404,0.398761001,0.428911822,0.264225884,0.232580624,0.172435076,0.129433587,0.0757789665,0.22246478,0.259904577,1,-0.159362971,0.335887125
MP,0.0320727465,-0.0108956485,0.156641123,0.245182319,0.431653234,0.244703826,0.298766155,0.347254158,0.157564869,0.10680642,0.164328168,0.0943338008,0.055614246,0.254918952,0.334007771,0.235763844,0.343777392,0.288018854,0.122700817,0.270827497,0.202413615,0.301738429,0.269937215,0.17459228,0.162420649,0.214631196,0.636528929,0.553203221,0.616830712,0.537795369,0.500248494,0.481313981,0.480063862,0.508356346,0.421509029,0.40590345,0.513345547,0.575827501,0.578432747,0.491078377,-0.127596102,-0.258394674,-0.28434491,-0.319825988,-0.134420499,-0.0839816448,-0.0988577257,-0.0896785582,-0.18407674,-0.281590013,0.541599394,0.373070373,0.484547942,0.328743514,-0.121492872,-0.159362971,1,0.221240123
SN,-0.0585984725,-0.0844890222,0.213779863,0.222850435,0.284744718,0.281729708,0.168982601,0.23868726,0.409952868,0.00157489861,0.054415488,-0.024326803,0.198900382,0.252032161,0.112741589,0.156578682,0.337959954,0.178219948,0.189731486,0.388986306,0.184992608,0.22036822,0.228602595,0.176852237,0.22353434,0.283929339,0.438617133,0.133670347,0.189783656,0.0400811497,0.0280646675,0.0263146154,-0.000280659679,0.260218242,0.0960185162,0.0404532153,0.18719069,0.189330147,0.161432651,0.124232759,0.176816489,0.006016819,0.0650406997,0.0895300051,0.116600991,0.198268966,0.280150712,0.249006878,0.103700344,0.0805281212,0.589015712,0.584204074,0.386403192,0.854698195,0.293799965,0.335887125,0.221240123,1
