ID_1,ID_2,correlation,months,class_1,class_2
ZD,YM,0.999968156,152,EQ,EQ
XU,CA,0.976567189,165,EQ,EQ
YM,SP,0.972547333,152,EQ,EQ
TY,FB,0.965185102,180,FI,FI
ZD,SP,0.954683568,180,EQ,EQ
XU,XX,0.952328556,150,EQ,EQ
XX,CA,0.947426731,150,EQ,EQ
XU,AX,0.945869202,165,EQ,EQ
US,TY,0.931108458,180,FI,FI
RL,MD,0.926881064,180,EQ,EQ
CA,AX,0.921986665,180,EQ,EQ
DT,UB,0.920598496,180,FI,FI
TU,FB,0.916695212,180,FI,FI
XX,AX,0.914822654,150,EQ,EQ
MD,SP,0.91267612,180,EQ,EQ
UB,UZ,0.91021044,180,FI,FI
ZM,ZS,0.908975068,180,COMM,COMM
XX,LX,0.898128903,150,EQ,EQ
XU,SP,0.880962005,165,EQ,EQ
SP,LX,0.876843504,180,EQ,EQ
YM,MD,0.876229311,152,EQ,EQ
XU,LX,0.875501872,165,EQ,EQ
CA,LX,0.864997228,180,EQ,EQ
DT,GS,0.864382862,180,FI,FI
XX,SP,0.861701586,150,EQ,EQ
FN,SN,0.854698195,180,FX,FX
CB,US,0.851981176,180,FI,FI
ZD,XU,0.85181337,165,EQ,EQ
YM,ND,0.851524,152,EQ,EQ
ZD,MD,0.850421844,180,EQ,EQ
YM,LX,0.849057231,152,EQ,EQ
ZD,LX,0.847574071,180,EQ,EQ
YM,XU,0.846765021,152,EQ,EQ
CB,TY,0.843179962,180,FI,FI
YM,RL,0.841104193,152,EQ,EQ
CA,SP,0.837671499,180,EQ,EQ
YM,XX,0.836756125,150,EQ,EQ
ZD,XX,0.836569213,150,EQ,EQ
US,FB,0.83642299,180,FI,FI
MW,ZW,0.833000764,180,COMM,COMM
YM,CA,0.832560119,152,EQ,EQ
RL,SP,0.828401562,180,EQ,EQ
ZU,ZB,0.827899876,180,COMM,COMM
YM,AX,0.827640809,152,EQ,EQ
ND,SP,0.826108541,180,EQ,EQ
TY,TU,0.82537425,180,FI,FI
CB,GS,0.825244253,180,FI,FI
AX,SP,0.823181504,180,EQ,EQ
XU,MD,0.819181945,165,EQ,EQ
MD,LX,0.818490273,180,EQ,EQ
AP,MD,0.810663796,75,EQ,EQ
AP,SP,0.809317731,75,EQ,EQ
AX,LX,0.807332186,180,EQ,EQ
US,GS,0.805471109,180,FI,FI
CA,MD,0.800152389,180,EQ,EQ
AX,MD,0.791977017,180,EQ,EQ
ZD,CA,0.791513286,180,EQ,EQ
ZL,ZS,0.790961958,180,COMM,COMM
ND,RL,0.789336188,180,EQ,EQ
ZD,AX,0.787903925,180,EQ,EQ
XU,RL,0.787683226,165,EQ,EQ
ND,MD,0.786659529,180,EQ,EQ
CB,FB,0.785786406,180,FI,FI
XU,ND,0.785582906,165,EQ,EQ
XX,MD,0.781647454,150,EQ,EQ
DT,US,0.780840996,180,FI,FI
AP,LX,0.780304715,75,EQ,EQ
AP,RL,0.778217597,75,EQ,EQ
AX,RL,0.778088791,180,EQ,EQ
XX,ND,0.777268036,150,EQ,EQ
ZF,ZT,0.773338822,180,COMM,COMM
AP,ND,0.770182251,75,EQ,EQ
AP,YM,0.769829406,75,EQ,EQ
AP,ZD,0.769418964,75,EQ,EQ
CB,DT,0.766795109,180,FI,FI
TY,GS,0.761374373,180,FI,FI
CA,RL,0.756770334,180,EQ,EQ
ZG,ZI,0.753836352,180,COMM,COMM
DT,TY,0.752519224,180,FI,FI
UB,GS,0.749789103,180,FI,FI
AX,ND,0.748877366,180,EQ,EQ
ZD,RL,0.745131267,180,EQ,EQ
XX,RL,0.744056643,150,EQ,EQ
CA,ND,0.735430864,180,EQ,EQ
AP,HS,0.724502704,75,EQ,EQ
RL,LX,0.721712983,180,EQ,EQ
ZD,ND,0.721185782,180,EQ,EQ
DT,UZ,0.72110166,180,FI,FI
UB,FB,0.718817393,180,FI,FI
AP,CA,0.715440484,75,EQ,EQ
AP,XU,0.714262606,75,EQ,EQ
HS,SP,0.713718564,180,EQ,EQ
UB,TY,0.712360348,180,FI,FI
ND,LX,0.706966176,180,EQ,EQ
HS,MD,0.706925202,180,EQ,EQ
AN,FN,0.70564509,180,FX,FX
AN,CN,0.703684647,180,FX,FX
CB,UB,0.700616748,180,FI,FI
ZC,ZS,0.69854934,180,COMM,COMM
AP,XX,0.698365779,75,EQ,EQ
DT,FB,0.695392046,180,FI,FI
UZ,TU,0.693898892,180,FI,FI
UB,US,0.689464541,180,FI,FI
HS,LX,0.681740408,180,EQ,EQ
YM,HS,0.679684863,152,EQ,EQ
FB,GS,0.679643395,180,FI,FI
HS,RL,0.675097078,180,EQ,EQ
AP,AX,0.674703456,75,EQ,EQ
AP,AN,0.672043027,75,EQ,FX
HS,ND,0.670212674,180,EQ,EQ
UZ,FB,0.668935591,180,FI,FI
ZK,AP,0.668789425,75,COMM,EQ
XU,HS,0.66666969,165,EQ,EQ
XX,HS,0.661987474,150,EQ,EQ
ZD,HS,0.660757076,180,EQ,EQ
BN,FN,0.66018738,180,FX,FX
HS,AN,0.653107437,180,EQ,FX
UB,TU,0.650240056,180,FI,FI
US,TU,0.649714908,180,FI,FI
CA,HS,0.648098822,180,EQ,EQ
AX,HS,0.648081773,180,EQ,EQ
ZC,ZM,0.643849645,180,COMM,COMM
NK,MD,0.640859998,180,EQ,EQ
NK,RL,0.64006065,180,EQ,EQ
CB,TU,0.638683433,180,FI,FI
AP,MP,0.636528929,75,EQ,FX
NK,SP,0.630260558,180,EQ,EQ
AP,CN,0.629580367,75,EQ,FX
SS,EC,0.619125926,180,FI,FX
YM,MP,0.616830712,152,EQ,FX
ZP,ZI,0.615845201,180,COMM,COMM
ZC,ZW,0.612197189,180,COMM,COMM
HS,CN,0.61012746,180,EQ,FX
YM,NK,0.606960963,152,EQ,EQ
XU,NK,0.604986688,165,EQ,EQ
UZ,TY,0.604128231,180,FI,FI
AP,NK,0.603723102,75,EQ,EQ
MD,CN,0.599938504,180,EQ,FX
ZA,ZP,0.599101605,180,COMM,COMM
AP,FN,0.591843334,75,EQ,FX
AN,SN,0.589015712,180,FX,FX
BN,SN,0.584204074,180,FX,FX
SP,CN,0.579504414,180,EQ,FX
NK,ND,0.578555581,180,EQ,EQ
SP,MP,0.578432747,180,EQ,FX
CA,NK,0.577113116,180,EQ,EQ
MD,MP,0.575827501,180,EQ,FX
ZD,NK,0.573694142,180,EQ,EQ
TU,EC,0.571875566,180,FI,FX
XX,NK,0.571587898,150,EQ,EQ
MD,AN,0.569441102,180,EQ,FX
ZC,ZL,0.569124645,180,COMM,COMM
AN,BN,0.567858795,180,FX,FX
NK,LX,0.563462102,180,EQ,EQ
RL,CN,0.56212726,180,EQ,FX
CB,UZ,0.561668155,180,FI,FI
DT,TU,0.560288436,180,FI,FI
SP,AN,0.559750689,180,EQ,FX
AX,NK,0.55915603,180,EQ,EQ
HS,NK,0.557131259,180,EQ,EQ
YM,CN,0.556550536,152,EQ,FX
UZ,GS,0.556441111,180,FI,FI
ZD,MP,0.553203221,180,EQ,FX
ZK,AN,0.551723519,180,COMM,FX
ZG,ZP,0.549217933,180,COMM,COMM
AN,MP,0.541599394,180,FX,FX
ZK,ZP,0.540779732,180,COMM,COMM
UZ,US,0.53814967,180,FI,FI
ZC,MW,0.537997884,180,COMM,COMM
XU,MP,0.537795369,165,EQ,FX
ZD,CN,0.535713554,180,EQ,FX
ZS,MW,0.535006369,180,COMM,COMM
ZS,ZW,0.531017658,180,COMM,COMM
TU,GS,0.525514922,180,FI,FI
ZD,AN,0.523748644,180,EQ,FX
ZK,CN,0.518852171,180,COMM,FX
YM,AN,0.517549413,152,EQ,FX
XX,CN,0.517477705,150,EQ,FX
ZM,ZL,0.517458991,180,COMM,COMM
RL,AN,0.516015088,180,EQ,FX
ZO,ZL,0.514731666,180,COMM,COMM
RL,MP,0.513345547,180,EQ,FX
ZU,AP,0.511355446,75,COMM,EQ
LX,CN,0.510411013,180,EQ,FX
HS,MP,0.508356346,180,EQ,FX
XU,CN,0.507589232,165,EQ,FX
ZP,AN,0.5016299,180,COMM,FX
CT,ZL,0.501252427,180,COMM,COMM
XX,MP,0.500248494,150,EQ,FX
LX,AN,0.499888533,180,EQ,FX
ZM,ZW,0.499887086,180,COMM,COMM
ZL,MW,0.498098457,180,COMM,COMM
BN,CN,0.497576036,180,FX,FX
ZC,ZO,0.496606453,180,COMM,COMM
CN,FN,0.495909201,180,FX,FX
ZO,ZS,0.492762984,180,COMM,COMM
LX,MP,0.491078377,180,EQ,FX
CT,ZS,0.485563629,180,COMM,COMM
CN,MP,0.484547942,180,FX,FX
ZK,HS,0.483770026,180,COMM,EQ
CA,MP,0.481313981,180,EQ,FX
AX,MP,0.480063862,180,EQ,FX
CA,CN,0.477507,180,EQ,FX
ZK,SP,0.469910722,180,COMM,EQ
ZK,MD,0.461549735,180,COMM,EQ
AX,CN,0.461451917,180,EQ,FX
ZK,YM,0.458034709,152,COMM,EQ
ZS,AP,0.457977963,75,COMM,EQ
ZA,AP,0.456197012,75,COMM,EQ
ZL,AP,0.455937057,75,COMM,EQ
ZP,AP,0.452463971,75,COMM,EQ
ND,CN,0.449883119,180,EQ,FX
ZK,ZD,0.449725011,180,COMM,EQ
UZ,SS,0.448146668,180,FI,FI
ZI,AN,0.444391217,180,COMM,FX
AP,BN,0.441729767,75,EQ,FX
AP,SN,0.438617133,75,EQ,FX
ZM,MW,0.437650631,180,COMM,COMM
ZL,ZW,0.434325266,180,COMM,COMM
ZK,MP,0.431653234,180,COMM,FX
ND,AN,0.430866733,180,EQ,FX
ZC,CT,0.430653683,180,COMM,COMM
FB,JN,0.428911822,180,FI,FX
UZ,EC,0.428792445,180,FI,FX
XU,AN,0.428542927,165,EQ,FX
CT,AP,0.425732933,75,COMM,EQ
ZG,AN,0.424542598,180,COMM,FX
ZB,AP,0.423112929,75,COMM,EQ
NK,MP,0.421509029,180,EQ,FX
FB,EC,0.420433756,180,FI,FX
ZL,AN,0.419700508,180,COMM,FX
ZU,AN,0.419636971,180,COMM,FX
ZK,LX,0.417097736,180,COMM,EQ
ZP,ZB,0.41603766,180,COMM,COMM
ZO,MW,0.414432721,180,COMM,COMM
ZC,ZR,0.412747904,180,COMM,COMM
ZU,CN,0.41232992,180,COMM,FX
ZK,ZI,0.412265522,180,COMM,COMM
NK,CN,0.411698885,180,EQ,FX
NK,AN,0.410639236,180,EQ,FX
ZG,SN,0.409952868,180,COMM,FX
ZU,ZP,0.407499161,180,COMM,COMM
ND,MP,0.40590345,180,EQ,FX
HS,FN,0.405798846,180,EQ,FX
HS,BN,0.405661006,180,EQ,FX
ZI,CN,0.404688945,180,COMM,FX
XX,AN,0.404218334,150,EQ,FX
ZA,ZI,0.401124988,180,COMM,COMM
ZK,BN,0.400954014,180,COMM,FX
CA,AN,0.398940761,180,EQ,FX
TU,JN,0.398761001,180,FI,FX
ZG,CN,0.398470746,180,COMM,FX
TU,SS,0.397774187,180,FI,FI
ZG,FN,0.39734382,180,COMM,FX
ZP,FN,0.39667621,180,COMM,FX
ZP,HS,0.394484244,180,COMM,EQ
ZK,RL,0.393055047,180,COMM,EQ
TY,JN,0.39161404,180,FI,FX
ZM,AP,0.391491858,75,COMM,EQ
ZI,SN,0.388986306,180,COMM,FX
ZB,CN,0.388964223,180,COMM,FX
ZS,AN,0.387926543,180,COMM,FX
ZK,ZA,0.387339573,180,COMM,COMM
ZK,XX,0.386950719,150,COMM,EQ
ZO,ZM,0.386619514,180,COMM,COMM
CN,SN,0.386403192,180,FX,FX
ZP,CN,0.386091156,180,COMM,FX
ZK,ZB,0.385885094,180,COMM,COMM
ZO,ZW,0.38308565,180,COMM,COMM
ZK,XU,0.382670212,165,COMM,EQ
ZP,MW,0.38013876,180,COMM,COMM
ZK,ZU,0.37970579,180,COMM,COMM
CB,JN,0.379398533,180,FI,FX
CT,ZO,0.379382879,180,COMM,COMM
ZR,ZS,0.379147335,180,COMM,COMM
AX,AN,0.377983822,180,EQ,FX
ZC,AP,0.377485055,75,COMM,EQ
ZN,ZB,0.374217078,180,COMM,COMM
ZC,AN,0.373807109,180,COMM,FX
YM,FN,0.373767272,152,EQ,FX
UB,SS,0.373569516,180,FI,FI
BN,MP,0.373070373,180,FX,FX
ZO,AP,0.369942739,75,COMM,EQ
ZR,AP,0.369637269,75,COMM,EQ
ZK,CA,0.368260137,180,COMM,EQ
CC,AP,0.367857654,75,COMM,EQ
FB,SS,0.361702171,180,FI,FI
CT,ZM,0.361449358,180,COMM,COMM
ZW,AN,0.359798411,180,COMM,FX
ZT,ZZ,0.359548687,180,COMM,COMM
ZK,FN,0.358101092,180,COMM,FX
CT,ZP,0.357842009,180,COMM,COMM
ZA,HS,0.357582156,180,COMM,EQ
ZI,FN,0.357172234,180,COMM,FX
KC,ZI,0.356573609,180,COMM,COMM
CT,AN,0.356384318,180,COMM,FX
ZI,BN,0.353826869,180,COMM,FX
ZU,ZN,0.353398549,180,COMM,COMM
ZP,ZL,0.351325671,180,COMM,COMM
ZK,AX,0.348737546,180,COMM,EQ
ZU,MP,0.347254158,180,COMM,FX
ZP,MP,0.343777392,180,COMM,FX
ZL,CN,0.342648944,180,COMM,FX
ZR,ZL,0.342491513,180,COMM,COMM
CC,ZP,0.34211657,180,COMM,COMM
UZ,JN,0.340935296,180,FI,FX
MD,FN,0.340629988,180,EQ,FX
ZP,MD,0.340257992,180,COMM,EQ
ZK,ND,0.339312085,180,COMM,EQ
ZP,SN,0.337959954,180,COMM,FX
JN,SN,0.335887125,180,FX,FX
ZU,BN,0.335237868,180,COMM,FX
JO,MP,0.334007771,180,COMM,FX
ZK,CT,0.331986045,180,COMM,COMM
ZL,HS,0.330597359,180,COMM,EQ
FN,MP,0.328743514,180,FX,FX
UB,JN,0.327872427,180,FI,FX
ZK,ZL,0.327488919,180,COMM,COMM
SP,FN,0.325573723,180,EQ,FX
ZW,FN,0.325431534,180,COMM,FX
TY,EC,0.325333246,180,FI,FX
RL,FN,0.32402955,180,EQ,FX
US,JN,0.323334324,180,FI,FX
ZA,AN,0.322713637,180,COMM,FX
ZA,RL,0.322285178,180,COMM,EQ
UB,EC,0.321555963,180,FI,FX
ZP,BN,0.321423267,180,COMM,FX
KC,MW,0.320612445,180,COMM,COMM
ZK,ZG,0.31933786,180,COMM,COMM
CC,ZI,0.318442097,180,COMM,COMM
KC,ZC,0.318321412,180,COMM,COMM
ZU,MD,0.318279508,180,COMM,EQ
KC,CT,0.31688544,180,COMM,COMM
ZK,NK,0.316562103,180,COMM,EQ
ZU,HS,0.316324823,180,COMM,EQ
ZP,ZS,0.316005404,180,COMM,COMM
KC,ZO,0.315296626,180,COMM,COMM
ZL,YM,0.314604831,152,COMM,EQ
CT,MW,0.314409523,180,COMM,COMM
KC,ZP,0.314177467,180,COMM,COMM
ZL,ZD,0.314156056,180,COMM,EQ
CT,ZW,0.314066149,180,COMM,COMM
ZP,ZW,0.313708744,180,COMM,COMM
ZB,AN,0.313057895,180,COMM,FX
ZP,SB,0.312975302,180,COMM,COMM
ZC,FN,0.312533624,180,COMM,FX
ZU,NK,0.312408714,180,COMM,EQ
KC,ZW,0.312046777,180,COMM,COMM
ZW,CN,0.310289988,180,COMM,FX
ZU,FN,0.310079953,180,COMM,FX
ZL,SP,0.309504047,180,COMM,EQ
MW,AN,0.309311552,180,COMM,FX
KC,AN,0.308956081,180,COMM,FX
ZG,BN,0.308508899,180,COMM,FX
CT,HS,0.308343363,180,COMM,EQ
ZA,MD,0.305975375,180,COMM,EQ
ZS,MD,0.304680568,180,COMM,EQ
ZU,ZA,0.304164728,180,COMM,COMM
ZD,FN,0.302750055,180,EQ,FX
ZC,ZP,0.302513205,180,COMM,COMM
ZL,MP,0.301738429,180,COMM,FX
ZG,JN,0.301536763,180,COMM,FX
CT,SP,0.300590324,180,COMM,EQ
ZB,BN,0.299515268,180,COMM,FX
CT,MP,0.298766155,180,COMM,FX
ZO,AN,0.298111895,180,COMM,FX
ZL,LX,0.297657337,180,COMM,EQ
ZC,ZI,0.29748405,180,COMM,COMM
JO,LX,0.29689596,180,COMM,EQ
CT,CN,0.296535372,180,COMM,FX
ZR,ZM,0.295658066,180,COMM,COMM
ZS,SP,0.295548435,180,COMM,EQ
KC,ZL,0.295287018,180,COMM,COMM
CC,KC,0.295136639,180,COMM,COMM
CT,ZD,0.294972709,180,COMM,EQ
EC,SN,0.293799965,180,FX,FX
ZL,FN,0.292783926,180,COMM,FX
KC,ZG,0.291677924,180,COMM,COMM
DT,JN,0.291659316,180,FI,FX
ZR,ZW,0.29162861,180,COMM,COMM
ZB,ZI,0.291623083,180,COMM,COMM
GS,SS,0.291569718,180,FI,FI
ZB,MD,0.291137891,180,COMM,EQ
LB,AP,0.29040175,75,COMM,EQ
JO,XX,0.289769475,150,COMM,EQ
KC,BN,0.289498399,180,COMM,FX
KC,ZK,0.288952761,180,COMM,COMM
ZR,MW,0.288695311,180,COMM,COMM
ZB,MP,0.288018854,180,COMM,FX
ZU,ZI,0.28799546,180,COMM,COMM
ZL,MD,0.287183833,180,COMM,EQ
ZS,HS,0.287000832,180,COMM,EQ
ZS,CN,0.286894036,180,COMM,FX
ZW,AP,0.286450323,75,COMM,EQ
ZU,RL,0.2864475,180,COMM,EQ
CT,ZR,0.285921911,180,COMM,COMM
ZK,SN,0.284744718,180,COMM,FX
ZM,AN,0.284290329,180,COMM,FX
ZI,HS,0.284218416,180,COMM,EQ
ZW,SN,0.283929339,180,COMM,FX
CT,MD,0.28384848,180,COMM,EQ
CC,CT,0.283818017,180,COMM,COMM
ZI,ZL,0.283479317,180,COMM,COMM
ZS,ZD,0.283298663,180,COMM,EQ
TY,SS,0.282245563,180,FI,FI
ZC,SN,0.281729708,180,COMM,FX
ZA,ZB,0.280886553,180,COMM,COMM
ZF,ZZ,0.280870184,180,COMM,COMM
TU,SN,0.280150712,180,FI,FX
ZS,YM,0.278980244,152,COMM,EQ
CB,EC,0.278032607,180,FI,FX
KC,ZS,0.277984608,180,COMM,COMM
ZO,ZP,0.277804326,180,COMM,COMM
ZC,MD,0.276263543,180,COMM,EQ
ZG,ZA,0.27585225,180,COMM,COMM
ZS,FN,0.272989654,180,COMM,FX
CT,YM,0.272301689,152,COMM,EQ
ZC,YM,0.271802632,152,COMM,EQ
DT,SS,0.271791176,180,FI,FI
LX,FN,0.271101984,180,EQ,FX
ZG,ZW,0.270919667,180,COMM,COMM
ZI,MP,0.270827497,180,COMM,FX
CC,AN,0.270760044,180,COMM,FX
ZI,AP,0.270380054,75,COMM,EQ
ZS,MP,0.269937215,180,COMM,FX
ZP,SP,0.269897576,180,COMM,EQ
ZO,JO,0.269784149,180,COMM,COMM
LB,YM,0.269640817,152,COMM,EQ
ZO,SB,0.268212829,180,COMM,COMM
LB,ZD,0.267405067,180,COMM,EQ
CC,FN,0.266842802,180,COMM,FX
LB,AN,0.266147824,180,COMM,FX
ZA,ND,0.265031399,180,COMM,EQ
KC,HS,0.26476739,180,COMM,EQ
GS,JN,0.264225884,180,FI,FX
ZC,ZD,0.264118182,180,COMM,EQ
ZS,LX,0.264116725,180,COMM,EQ
ZA,CA,0.263917206,180,COMM,EQ
LB,SP,0.263857476,180,COMM,EQ
JO,HS,0.263022564,180,COMM,EQ
ZC,SP,0.262836125,180,COMM,EQ
ZK,SB,0.262018456,180,COMM,COMM
SB,AN,0.261869059,180,COMM,FX
YM,BN,0.261548251,152,EQ,FX
ZZ,DA,0.260631171,180,COMM,COMM
HS,SN,0.260218242,180,EQ,FX
JO,CA,0.259964924,180,COMM,EQ
EC,JN,0.259904577,180,FX,FX
CT,FN,0.259889046,180,COMM,FX
ZB,NK,0.259607372,180,COMM,EQ
CT,LX,0.259179281,180,COMM,EQ
ZA,SB,0.258515966,180,COMM,COMM
ZL,BN,0.258431785,180,COMM,FX
ZP,LX,0.258363529,180,COMM,EQ
KC,SP,0.257127702,180,COMM,EQ
ZA,MW,0.256554715,180,COMM,COMM
ZW,HS,0.256418234,180,COMM,EQ
ZM,MD,0.256006435,180,COMM,EQ
ZA,CN,0.255706322,180,COMM,FX
LB,CA,0.255025205,180,COMM,EQ
ZO,MP,0.254918952,180,COMM,FX
ZB,HS,0.254377184,180,COMM,EQ
ZG,MW,0.254291255,180,COMM,COMM
ZU,SP,0.254277413,180,COMM,EQ
JO,XU,0.254221825,165,COMM,EQ
ZR,FN,0.253011913,180,COMM,FX
KC,SB,0.252965012,180,COMM,COMM
ZC,ZG,0.252859135,180,COMM,COMM
CC,ZG,0.252821834,180,COMM,COMM
LB,NK,0.252779343,180,COMM,EQ
ZG,FB,0.252628697,180,COMM,FI
MW,FN,0.252130899,180,COMM,FX
ZO,SN,0.252032161,180,COMM,FX
ZW,BN,0.25169689,180,COMM,FX
CC,ZO,0.25139242,180,COMM,COMM
JO,YM,0.251270203,152,COMM,EQ
ZU,LB,0.251006298,180,COMM,COMM
ZG,ZB,0.250414408,180,COMM,COMM
ZW,ZD,0.250078354,180,COMM,EQ
ZR,ZD,0.249898999,180,COMM,EQ
JO,NK,0.249275818,180,COMM,EQ
FB,SN,0.249006878,180,FI,FX
CT,ZA,0.24888593,180,COMM,COMM
KC,ZD,0.248850631,180,COMM,EQ
JO,CN,0.248281111,180,COMM,FX
ZA,AX,0.24826768,180,COMM,EQ
SP,BN,0.248250922,180,EQ,FX
JO,ZL,0.248028451,180,COMM,COMM
ZL,XX,0.24751463,150,COMM,EQ
MW,CN,0.246381354,180,COMM,FX
LB,MD,0.2451993,180,COMM,EQ
KC,MP,0.245182319,180,COMM,FX
ZC,MP,0.244703826,180,COMM,FX
ZB,LX,0.244587717,180,COMM,EQ
ZU,LX,0.244340462,180,COMM,EQ
ZW,YM,0.242640669,152,COMM,EQ
CB,SS,0.242338493,180,FI,FI
ZI,ZS,0.242094907,180,COMM,COMM
ZG,TY,0.241622487,180,COMM,FI
JO,SP,0.241343023,180,COMM,EQ
ZO,BN,0.240874013,180,COMM,FX
ZO,FN,0.240603353,180,COMM,FX
ZW,SP,0.240002297,180,COMM,EQ
ZO,ZI,0.239719353,180,COMM,COMM
ZK,ZW,0.239559426,180,COMM,COMM
ZB,FN,0.238811984,180,COMM,FX
ZU,SN,0.23868726,180,COMM,FX
MD,BN,0.238492756,180,EQ,FX
ZP,ZD,0.237482991,180,COMM,EQ
ZK,ZS,0.237453529,180,COMM,COMM
ZK,ZO,0.236773531,180,COMM,COMM
ZA,MP,0.235763844,180,COMM,FX
JO,MD,0.235185828,180,COMM,EQ
ZI,MD,0.234982061,180,COMM,EQ
ZB,CA,0.234816935,180,COMM,EQ
SB,MW,0.234733043,180,COMM,COMM
KC,CN,0.234482867,180,COMM,FX
LB,XX,0.234185217,150,COMM,EQ
SS,JN,0.232580624,180,FI,FX
ZG,ZL,0.232490797,180,COMM,COMM
LB,ZS,0.231286949,180,COMM,COMM
ZR,SP,0.231199432,180,COMM,EQ
ZB,RL,0.230761833,180,COMM,EQ
ZP,RL,0.230423743,180,COMM,EQ
LB,XU,0.230300934,165,COMM,EQ
ZI,ZW,0.229569555,180,COMM,COMM
KC,FN,0.229105592,180,COMM,FX
KC,LX,0.228657294,180,COMM,EQ
ZS,SN,0.228602595,180,COMM,FX
KC,YM,0.227002498,152,COMM,EQ
ZS,BN,0.226659506,180,COMM,FX
CC,ZL,0.226564366,180,COMM,COMM
ZU,ZG,0.226199054,180,COMM,COMM
ZM,SP,0.226028693,180,COMM,EQ
ZC,JO,0.225903402,180,COMM,COMM
CT,JO,0.225873666,180,COMM,COMM
XU,FN,0.225518848,165,EQ,FX
ZR,YM,0.225385397,152,COMM,EQ
ZO,ZR,0.224712579,180,COMM,COMM
ZU,YM,0.224670244,152,COMM,EQ
ZC,ZA,0.224514991,180,COMM,COMM
ZP,ZM,0.224445387,180,COMM,COMM
ZA,LX,0.223861079,180,COMM,EQ
MW,SN,0.22353434,180,COMM,FX
ZG,HS,0.223316008,180,COMM,EQ
ZD,BN,0.223158818,180,EQ,FX
KC,SN,0.222850435,180,COMM,FX
FN,JN,0.22246478,180,FX,FX
ZI,MW,0.221968109,180,COMM,COMM
ZC,LX,0.221871775,180,COMM,EQ
ZN,AN,0.221794692,180,COMM,FX
CC,CN,0.221544606,180,COMM,FX
MP,SN,0.221240123,180,FX,FX
CC,ZS,0.220934583,180,COMM,COMM
JO,AN,0.220727885,180,COMM,FX
CC,BN,0.220677183,180,COMM,FX
ZB,SP,0.220634478,180,COMM,EQ
ZA,NK,0.220614081,180,COMM,EQ
ZL,SN,0.22036822,180,COMM,FX
JO,AP,0.219871028,75,COMM,EQ
RL,BN,0.219602087,180,EQ,FX
JO,ZP,0.21879996,180,COMM,COMM
CC,ZK,0.218519268,180,COMM,COMM
ZS,RL,0.218418713,180,COMM,EQ
ZC,CN,0.217999313,180,COMM,FX
ZA,ZS,0.217802638,180,COMM,COMM
US,SS,0.217281966,180,FI,FI
KC,ZA,0.217162917,180,COMM,COMM
ZK,JO,0.217020845,180,COMM,COMM
ZU,CA,0.216838588,180,COMM,EQ
LB,ZA,0.216064712,180,COMM,COMM
ZA,ZW,0.216038422,180,COMM,COMM
JO,ZD,0.215386208,180,COMM,EQ
ZK,ZC,0.215246516,180,COMM,COMM
ZP,YM,0.215175764,152,COMM,EQ
ZG,TU,0.214993082,180,COMM,FI
LB,LX,0.214821276,180,COMM,EQ
ZW,MP,0.214631196,180,COMM,FX
KC,CA,0.214379523,180,COMM,EQ
CC,ZC,0.214220181,180,COMM,COMM
ZU,ND,0.213973917,180,COMM,EQ
KC,XU,0.213882199,165,COMM,EQ
CC,SN,0.213779863,180,COMM,FX
MW,BN,0.213646615,180,COMM,FX
CT,XU,0.213072347,165,COMM,EQ
CT,XX,0.212977072,150,COMM,EQ
ZK,MW,0.212432551,180,COMM,COMM
ZS,XX,0.212099053,150,COMM,EQ
US,EC,0.211902897,180,FI,FX
KC,AP,0.211142491,75,COMM,EQ
TU,FN,0.21029096,180,FI,FX
JO,ZA,0.209972717,180,COMM,COMM
ZL,NK,0.209887482,180,COMM,EQ
ZP,ND,0.209733639,180,COMM,EQ
ZA,YM,0.208498157,152,COMM,EQ
CT,ZU,0.208467874,180,COMM,COMM
ZS,NK,0.208439203,180,COMM,EQ
JO,AX,0.208238772,180,COMM,EQ
DT,EC,0.208023797,180,FI,FX
ZU,ZL,0.207886894,180,COMM,COMM
ZA,SP,0.207650191,180,COMM,EQ
FB,FN,0.207604838,180,FI,FX
LB,ZB,0.207253931,180,COMM,COMM
ZN,FN,0.206940314,180,COMM,FX
ZP,CA,0.206772858,180,COMM,EQ
ZN,ZP,0.206556909,180,COMM,COMM
ZR,LX,0.205905193,180,COMM,EQ
ZG,ZO,0.205628236,180,COMM,COMM
ZU,XX,0.205349367,150,COMM,EQ
JO,RL,0.205084655,180,COMM,EQ
ZM,RL,0.204950933,180,COMM,EQ
ZW,MD,0.204356433,180,COMM,EQ
ZM,ZD,0.203633724,180,COMM,EQ
LB,RL,0.203584852,180,COMM,EQ
LB,ZL,0.202723621,180,COMM,COMM
MW,AP,0.202633394,75,COMM,EQ
ZM,YM,0.20243436,152,COMM,EQ
ZM,MP,0.202413615,180,COMM,FX
ZM,HS,0.202371242,180,COMM,EQ
CC,MW,0.202317807,180,COMM,COMM
NK,FN,0.202315152,180,EQ,FX
SB,AP,0.202246509,75,COMM,EQ
ZI,SP,0.199879057,180,COMM,EQ
CT,RL,0.199786409,180,COMM,EQ
ZG,US,0.199065479,180,COMM,FI
ZI,RL,0.199021226,180,COMM,EQ
ZC,BN,0.198987866,180,COMM,FX
KC,MD,0.198905243,180,COMM,EQ
ZN,SN,0.198900382,180,COMM,FX
JO,ND,0.198881322,180,COMM,EQ
LB,HS,0.198751097,180,COMM,EQ
TY,SN,0.198268966,180,FI,FX
ZP,XU,0.197920302,165,COMM,EQ
ZM,CN,0.197803332,180,COMM,FX
ZU,XU,0.19722927,165,COMM,EQ
JO,ZS,0.196543663,180,COMM,COMM
ZS,ND,0.196170726,180,COMM,EQ
ZC,RL,0.196148698,180,COMM,EQ
ZR,AN,0.196041902,180,COMM,FX
CT,CA,0.195883316,180,COMM,EQ
ZU,ZS,0.195706176,180,COMM,COMM
ZL,XU,0.195324709,165,COMM,EQ
KC,XX,0.19524085,150,COMM,EQ
ZI,JN,0.194724181,180,COMM,FX
ZB,ND,0.194437154,180,COMM,EQ
XX,BN,0.193487048,150,EQ,FX
ZW,LX,0.193083847,180,COMM,EQ
ZA,XU,0.192778595,165,COMM,EQ
ZM,FN,0.192653008,180,COMM,FX
KC,ZM,0.191966653,180,COMM,COMM
ZG,CB,0.191575369,180,COMM,FI
ZR,SB,0.191537435,180,COMM,COMM
ZP,NK,0.19119421,180,COMM,EQ
KC,ND,0.191178258,180,COMM,EQ
ZC,HS,0.191178054,180,COMM,EQ
ZB,XU,0.191064122,165,COMM,EQ
KC,AX,0.191024809,180,COMM,EQ
ZO,CN,0.190521514,180,COMM,FX
NK,BN,0.190398478,180,EQ,FX
YM,SN,0.189783656,152,EQ,FX
ZR,SN,0.189731486,180,COMM,FX
ZU,ZO,0.189403967,180,COMM,COMM
MD,SN,0.189330147,180,EQ,FX
SB,ZW,0.18928792,180,COMM,COMM
ZB,XX,0.18762103,150,COMM,EQ
ZR,MD,0.187514937,180,COMM,EQ
RL,SN,0.18719069,180,EQ,FX
ZM,LX,0.186987138,180,COMM,EQ
LB,ZW,0.186663712,180,COMM,COMM
CT,ND,0.186401471,180,COMM,EQ
LB,AX,0.186381384,180,COMM,EQ
ZU,ZD,0.185553182,180,COMM,EQ
ZT,LB,0.185292088,180,COMM,COMM
CT,AX,0.185096566,180,COMM,EQ
ZM,SN,0.184992608,180,COMM,FX
ZO,ZA,0.184353402,180,COMM,COMM
CC,HS,0.184183959,180,COMM,EQ
ZK,ZR,0.1833144,180,COMM,COMM
ZC,XX,0.183208266,150,COMM,EQ
CT,SB,0.1820863,180,COMM,COMM
LB,ZM,0.181384632,180,COMM,COMM
ZG,ZS,0.181001676,180,COMM,COMM
ZK,LB,0.180754647,180,COMM,COMM
TY,FN,0.180367779,180,FI,FX
ZI,YM,0.18019628,152,COMM,EQ
CA,FN,0.179571716,180,EQ,FX
ZL,CA,0.179370836,180,COMM,EQ
KC,JO,0.179187436,180,COMM,COMM
LB,ZP,0.178978712,180,COMM,COMM
ZA,ZL,0.178874514,180,COMM,COMM
ZI,SB,0.178615868,180,COMM,COMM
ZP,ZR,0.178603738,180,COMM,COMM
CT,BN,0.17842248,180,COMM,FX
GS,EC,0.178394054,180,FI,FX
CC,EC,0.178392337,180,COMM,FX
ZB,SN,0.178219948,180,COMM,FX
SB,SN,0.176852237,180,COMM,FX
CB,SN,0.176816489,180,FI,FX
ZU,JO,0.176470569,180,COMM,COMM
ZZ,BN,0.176324863,180,COMM,FX
CT,NK,0.176292006,180,COMM,EQ
SB,MP,0.17459228,180,COMM,FX
ZB,YM,0.174221089,152,COMM,EQ
CT,LB,0.173118784,180,COMM,COMM
SB,HS,0.172747317,180,COMM,EQ
CT,ZI,0.172657552,180,COMM,COMM
ZI,LX,0.172611738,180,COMM,EQ
AN,JN,0.172435076,180,FX,FX
XU,BN,0.172221566,165,EQ,FX
ZS,XU,0.17070881,165,COMM,EQ
CC,ZA,0.170679432,180,COMM,COMM
XX,FN,0.170363018,150,EQ,FX
ZM,NK,0.169971432,180,COMM,EQ
CT,SN,0.168982601,180,COMM,FX
ZL,ND,0.168429154,180,COMM,EQ
ZN,CN,0.168117165,180,COMM,FX
ZA,XX,0.168074617,150,COMM,EQ
ZA,ZM,0.167953665,180,COMM,COMM
ZR,HS,0.167271018,180,COMM,EQ
ZW,XU,0.167134927,165,COMM,EQ
LB,CN,0.166949896,180,COMM,FX
ZL,RL,0.166506834,180,COMM,EQ
ZG,AP,0.166289735,75,COMM,EQ
SB,FN,0.166078161,180,COMM,FX
ZU,MW,0.165180568,180,COMM,COMM
CT,ZB,0.165110222,180,COMM,COMM
ZP,AX,0.164965466,180,COMM,EQ
JO,ZI,0.164898816,180,COMM,COMM
JO,ZW,0.164872941,180,COMM,COMM
LB,MP,0.164328168,180,COMM,FX
ZS,SB,0.164078134,180,COMM,COMM
ZB,ZD,0.163917322,180,COMM,EQ
ZW,JN,0.163584808,180,COMM,FX
ZS,CA,0.163134671,180,COMM,EQ
ZA,BN,0.163048188,180,COMM,FX
ND,FN,0.162849236,180,EQ,FX
ZI,ZM,0.162732125,180,COMM,COMM
MW,MP,0.162420649,180,COMM,FX
ZC,LB,0.162409709,180,COMM,COMM
CC,ZU,0.162121316,180,COMM,COMM
ZW,XX,0.161507387,150,COMM,EQ
SP,SN,0.161432651,180,EQ,FX
ZI,ZD,0.161325599,180,COMM,EQ
ZM,ND,0.160358151,180,COMM,EQ
LB,DA,0.16010753,180,COMM,COMM
KC,ZR,0.159557278,180,COMM,COMM
CC,ZB,0.158323286,180,COMM,COMM
MW,TU,0.15825805,180,COMM,FI
ZO,HS,0.157852945,180,COMM,EQ
ZG,MP,0.157564869,180,COMM,FX
ZA,FN,0.157159257,180,COMM,FX
LB,ND,0.156958811,180,COMM,EQ
ZW,RL,0.156936423,180,COMM,EQ
CC,MP,0.156641123,180,COMM,FX
ZA,SN,0.156578682,180,COMM,FX
FN,EC,0.15645392,180,FX,FX
ZF,LB,0.156372051,180,COMM,COMM
ZC,XU,0.155627361,165,COMM,EQ
ZS,AX,0.155309721,180,COMM,EQ
SB,LX,0.154545194,180,COMM,EQ
CC,ZR,0.15453967,180,COMM,COMM
CC,JO,0.152183709,180,COMM,COMM
ZM,BN,0.151842961,180,COMM,FX
ZG,JO,0.151782924,180,COMM,COMM
ZM,XX,0.151662024,150,COMM,EQ
ZL,SB,0.150240443,180,COMM,COMM
ZC,ZU,0.150137112,180,COMM,COMM
ZA,ZD,0.149431732,180,COMM,EQ
CT,ZG,0.148610046,180,COMM,COMM
CC,SB,0.147171337,180,COMM,COMM
ZO,ZB,0.146797439,180,COMM,COMM
LB,BN,0.146562612,180,COMM,FX
MW,FB,0.146189162,180,COMM,FI
ZW,ND,0.145980932,180,COMM,EQ
ZM,JN,0.145353603,180,COMM,FX
ZL,AX,0.145347235,180,COMM,EQ
ZW,FB,0.144891649,180,COMM,FI
CC,ZW,0.144821503,180,COMM,COMM
KC,RL,0.144820093,180,COMM,EQ
ZB,AX,0.14464244,180,COMM,EQ
KC,ZB,0.144187395,180,COMM,COMM
ZC,JN,0.144027607,180,COMM,FX
ZB,MW,0.143443021,180,COMM,COMM
ZB,ZL,0.143387883,180,COMM,COMM
ZB,ZS,0.143110557,180,COMM,COMM
KC,DA,0.142999894,180,COMM,COMM
ZG,SB,0.140977492,180,COMM,COMM
ZK,ZM,0.14082888,180,COMM,COMM
ZW,CA,0.140696771,180,COMM,EQ
ZC,CA,0.1402105,180,COMM,EQ
KC,LB,0.138292028,180,COMM,COMM
ZR,AX,0.137749708,180,COMM,EQ
ZU,ZW,0.137543066,180,COMM,COMM
ZC,ZB,0.13624621,180,COMM,COMM
ZR,ND,0.136142988,180,COMM,EQ
MW,JN,0.135991774,180,COMM,FX
ZB,SB,0.135634542,180,COMM,COMM
ZU,AX,0.135574642,180,COMM,EQ
CB,FN,0.135513461,180,FI,FX
ZC,SB,0.135272794,180,COMM,COMM
MW,HS,0.135079772,180,COMM,EQ
JO,ZB,0.134821857,180,COMM,COMM
ZM,AX,0.13453975,180,COMM,EQ
CA,BN,0.134399796,180,EQ,FX
ZW,TY,0.133884516,180,COMM,FI
ZD,SN,0.133670347,180,EQ,FX
AX,FN,0.133669364,180,EQ,FX
ZC,ZN,0.132993553,180,COMM,COMM
KC,JN,0.132856892,180,COMM,FX
SB,MD,0.13279556,180,COMM,EQ
ZU,ZM,0.131891679,180,COMM,COMM
SB,BN,0.131747094,180,COMM,FX
ZR,XU,0.131643842,165,COMM,EQ
ZZ,LB,0.131401369,180,COMM,COMM
KC,ZU,0.131337448,180,COMM,COMM
JO,ZM,0.131067245,180,COMM,COMM
ZO,XX,0.130784588,150,COMM,EQ
SB,CA,0.130617198,180,COMM,EQ
ZO,SP,0.130606195,180,COMM,EQ
JO,MW,0.130313667,180,COMM,COMM
JO,FN,0.130229367,180,COMM,FX
LB,FN,0.129842558,180,COMM,FX
CC,LB,0.129539068,180,COMM,COMM
BN,JN,0.129433587,180,FX,FX
ZM,XU,0.129263739,165,COMM,EQ
ZM,SB,0.128527265,180,COMM,COMM
ZN,ZO,0.128312003,180,COMM,COMM
SB,CN,0.1281714,180,COMM,FX
ZC,AX,0.127208323,180,COMM,EQ
LB,ZR,0.126406645,180,COMM,COMM
CC,ZM,0.126027163,180,COMM,COMM
ZC,ND,0.125951269,180,COMM,EQ
ZI,ND,0.125301198,180,COMM,EQ
ZI,AX,0.125023758,180,COMM,EQ
ZF,NK,0.124917056,180,COMM,EQ
ZG,ZM,0.124702436,180,COMM,COMM
JO,SB,0.124401361,180,COMM,COMM
LX,SN,0.124232759,180,EQ,FX
ZG,ZN,0.123522439,180,COMM,COMM
ZR,MP,0.122700817,180,COMM,FX
LB,ZI,0.122263168,180,COMM,COMM
ZS,JN,0.122195343,180,COMM,FX
ZR,XX,0.122070587,150,COMM,EQ
ZN,MW,0.12116384,180,COMM,COMM
ZO,LX,0.120638342,180,COMM,EQ
ZO,YM,0.120388572,152,COMM,EQ
ZB,ZW,0.119932571,180,COMM,COMM
ZO,NK,0.119641175,180,COMM,EQ
ZO,ZD,0.118906496,180,COMM,EQ
ZG,GS,0.118882694,180,COMM,FI
CC,NK,0.116943562,180,COMM,EQ
ZN,ZM,0.116837992,180,COMM,COMM
US,SN,0.116600991,180,FI,FX
SB,ND,0.11656305,180,COMM,EQ
CC,TU,0.116491279,180,COMM,FI
ZG,RL,0.116478597,180,COMM,EQ
DA,ZB,0.116437576,180,COMM,COMM
SB,SP,0.116278251,180,COMM,EQ
ZM,CA,0.116084808,180,COMM,EQ
JO,BN,0.115729833,180,COMM,FX
ZG,MD,0.115359663,180,COMM,EQ
ZN,BN,0.11526731,180,COMM,FX
ZG,UZ,0.113568785,180,COMM,FI
ZU,SB,0.113137697,180,COMM,COMM
ZT,MD,0.113087137,180,COMM,EQ
JO,SN,0.112741589,180,COMM,FX
ZF,XU,0.112135549,165,COMM,EQ
US,FN,0.111477555,180,FI,FX
ZR,NK,0.110346239,180,COMM,EQ
ZR,RL,0.110207623,180,COMM,EQ
ZN,ZW,0.109802959,180,COMM,COMM
ND,BN,0.109750073,180,EQ,FX
ZP,XX,0.109523115,150,COMM,EQ
ZW,AX,0.109036595,180,COMM,EQ
ZW,TU,0.109029481,180,COMM,FI
ZI,CA,0.109004496,180,COMM,EQ
ZB,ZM,0.108938136,180,COMM,COMM
ZI,XX,0.107877233,150,COMM,EQ
ZW,US,0.107468982,180,COMM,FI
ZZ,MP,0.10680642,180,COMM,FX
ZN,US,0.106803887,180,COMM,FI
SB,ZD,0.106182011,180,COMM,EQ
MW,SP,0.106171891,180,COMM,EQ
ZF,MD,0.105208724,180,COMM,EQ
MW,EC,0.104374146,180,COMM,FX
ZW,CB,0.104252738,180,COMM,FI
ZN,TY,0.104069362,180,COMM,FI
AX,BN,0.104039344,180,EQ,FX
GS,SN,0.103700344,180,FI,FX
ZI,XU,0.103226211,165,COMM,EQ
ZN,CB,0.103015703,180,COMM,FI
ZR,CA,0.102973958,180,COMM,EQ
ZF,ZB,0.102575451,180,COMM,COMM
ZG,UB,0.101974115,180,COMM,FI
ZI,NK,0.101939871,180,COMM,EQ
ZT,HS,0.101799745,180,COMM,EQ
MW,ZD,0.100823572,180,COMM,EQ
DA,BN,0.100422825,180,COMM,FX
ZN,ZS,0.100058608,180,COMM,COMM
ZN,ZA,0.0999224912,180,COMM,COMM
MW,TY,0.0997272763,180,COMM,FI
ZT,KC,0.0996203698,180,COMM,COMM
ZF,CA,0.0978952988,180,COMM,EQ
LB,ZO,0.0974410372,180,COMM,COMM
ZR,CN,0.0971563141,180,COMM,FX
ZT,DA,0.0967623442,180,COMM,COMM
SB,JN,0.0966820124,180,COMM,FX
NK,SN,0.0960185162,180,EQ,FX
DA,MP,0.0943338008,180,COMM,FX
ZO,MD,0.0933994067,180,COMM,EQ
ZK,DA,0.0927396251,180,COMM,COMM
ZN,FB,0.0907422933,180,COMM,FI
MW,MD,0.0899217285,180,COMM,EQ
UZ,SN,0.0895300051,180,FI,FX
CC,MD,0.08945257,180,COMM,EQ
ZU,DA,0.0893699386,180,COMM,COMM
ZN,NK,0.088778906,180,COMM,EQ
ZI,TU,0.0885113472,180,COMM,FI
ZF,ZU,0.0874294559,180,COMM,COMM
ZF,AX,0.0865972033,180,COMM,EQ
ZT,ZU,0.0863931334,180,COMM,COMM
ZI,EC,0.0852559693,180,COMM,FX
ZF,CN,0.0850895154,180,COMM,FX
SB,XU,0.0849392456,165,COMM,EQ
LB,MW,0.0843811311,180,COMM,COMM
ZT,AX,0.0835222054,180,COMM,EQ
DA,XU,0.0832116288,165,COMM,EQ
ZR,BN,0.0829690545,180,COMM,FX
ZT,XU,0.0827599928,165,COMM,EQ
ZF,HS,0.0824980521,180,COMM,EQ
CC,SP,0.082282093,180,COMM,EQ
ZT,ZA,0.082101641,180,COMM,COMM
ZN,SB,0.0817202731,180,COMM,COMM
DA,ZI,0.0815255447,180,COMM,COMM
ZF,XX,0.0813876088,150,COMM,EQ
ZT,RL,0.0807370062,180,COMM,EQ
SS,SN,0.0805281212,180,FI,FX
ZT,ND,0.080508761,180,COMM,EQ
ZT,ZK,0.0796128369,180,COMM,COMM
ZT,ZR,0.0787888492,180,COMM,COMM
DA,JN,0.0781340031,180,COMM,FX
ZF,ND,0.0766138152,180,COMM,EQ
ZT,CA,0.076539806,180,COMM,EQ
CN,JN,0.0757789665,180,FX,FX
ZT,BN,0.075755479,180,COMM,FX
ZW,NK,0.0752460689,180,COMM,EQ
DA,YM,0.0746899796,152,COMM,EQ
ZC,NK,0.0738560893,180,COMM,EQ
MW,YM,0.073483315,152,COMM,EQ
DA,XX,0.0728686156,150,COMM,EQ
DA,ZD,0.0723921341,180,COMM,EQ
ZK,ZN,0.0723327509,180,COMM,COMM
ZG,DA,0.0717022654,180,COMM,COMM
LX,BN,0.0712342249,180,EQ,FX
ZN,MD,0.0706608158,180,COMM,EQ
ZT,XX,0.0704375003,150,COMM,EQ
ZP,EC,0.0704195986,180,COMM,FX
ZG,DT,0.06932502,180,COMM,FI
CT,JN,0.0692086195,180,COMM,FX
MW,LX,0.0677276306,180,COMM,EQ
ZC,TY,0.0676808089,180,COMM,FI
CC,FB,0.0672424475,180,COMM,FI
ZC,US,0.0664722169,180,COMM,FI
SB,NK,0.0661726155,180,COMM,EQ
ZG,ZR,0.0654732966,180,COMM,COMM
ZF,RL,0.0652690238,180,COMM,EQ
ZZ,MW,0.0652349325,180,COMM,COMM
UB,SN,0.0650406997,180,FI,FX
ZR,ZI,0.0645125402,180,COMM,COMM
MW,CB,0.0642893758,180,COMM,FI
ZO,CA,0.0641527981,180,COMM,EQ
ZR,JN,0.0640762969,180,COMM,FX
SB,RL,0.0638204157,180,COMM,EQ
ZL,JN,0.0637112917,180,COMM,FX
ZZ,UB,0.0636359829,180,COMM,FI
ZN,ZI,0.0632108885,180,COMM,COMM
DA,SP,0.0631109033,180,COMM,EQ
ZW,GS,0.0625999327,180,COMM,FI
ZN,UB,0.0606710629,180,COMM,FI
ZG,YM,0.0601743889,152,COMM,EQ
ZT,AP,0.0599790211,75,COMM,EQ
ZT,ZB,0.0598322957,180,COMM,COMM
ZT,NK,0.0597353675,180,COMM,EQ
ZP,JN,0.0592767496,180,COMM,FX
KC,ZZ,0.0583962825,180,COMM,COMM
TU,BN,0.0580788644,180,FI,FX
DA,CA,0.0575759801,180,COMM,EQ
ZI,FB,0.056924788,180,COMM,FI
MW,US,0.0567364478,180,COMM,FI
ZF,BN,0.0567103048,180,COMM,FX
ZL,TU,0.0567068905,180,COMM,FI
LB,JO,0.056512648,180,COMM,COMM
ZT,AN,0.0562521928,180,COMM,FX
ZG,LB,0.0561856713,180,COMM,COMM
ZO,TU,0.0561660711,180,COMM,FI
CC,TY,0.0560273715,180,COMM,FI
CC,ZD,0.0559262001,180,COMM,EQ
ZN,MP,0.055614246,180,COMM,FX
ZG,SP,0.0552418342,180,COMM,EQ
CC,DA,0.0550407019,180,COMM,COMM
DA,CN,0.0548441857,180,COMM,FX
ZN,ZL,0.0544584447,180,COMM,COMM
LB,SN,0.054415488,180,COMM,FX
ZT,ZL,0.0540432457,180,COMM,COMM
CC,YM,0.0540322909,152,COMM,EQ
ZZ,ZN,0.0537343447,180,COMM,COMM
ZC,CB,0.0531720983,180,COMM,FI
ZT,ZP,0.0522311991,180,COMM,COMM
ZN,DT,0.0521741985,180,COMM,FI
US,AN,0.0514001671,180,FI,FX
DA,ZN,0.0508975273,180,COMM,COMM
CB,AN,0.0508284351,180,FI,FX
ZZ,JO,0.0507457734,180,COMM,COMM
ZN,LX,0.0503889973,180,COMM,EQ
ZZ,US,0.0502963514,180,COMM,FI
ZN,HS,0.0502112316,180,COMM,EQ
ZZ,UZ,0.0502107216,180,COMM,FI
ZN,AP,0.0499489366,75,COMM,EQ
ZF,SP,0.0495427368,180,COMM,EQ
ZZ,DT,0.0492106593,180,COMM,FI
ZO,EC,0.0488668106,180,COMM,FX
ZL,FB,0.0488498057,180,COMM,FI
ZT,SB,0.0487932435,180,COMM,COMM
ZZ,TY,0.0486697443,180,COMM,FI
CC,JN,0.0476660177,180,COMM,FX
SB,AX,0.0475430599,180,COMM,EQ
DA,NK,0.0471225657,180,COMM,EQ
ZT,SP,0.047023465,180,COMM,EQ
MW,RL,0.0466263268,180,COMM,EQ
CC,SS,0.0466224244,180,COMM,FI
ZN,XU,0.0461061063,165,COMM,EQ
ZF,DA,0.0457352675,180,COMM,COMM
ZC,FB,0.0455675864,180,COMM,FI
ZT,ZD,0.045555141,180,COMM,EQ
MW,ND,0.0454005979,180,COMM,EQ
KC,NK,0.0450762872,180,COMM,EQ
ZN,TU,0.0448720607,180,COMM,FI
ZL,TY,0.0447713379,180,COMM,FI
DA,MW,0.04350004,180,COMM,COMM
ZZ,ZL,0.0434567297,180,COMM,COMM
ZO,XU,0.0425414076,165,COMM,EQ
CC,LX,0.0419880883,180,COMM,EQ
ZZ,ZW,0.0414392305,180,COMM,COMM
ZG,LX,0.0410564152,180,COMM,EQ
TY,AN,0.0409298631,180,FI,FX
CC,XU,0.0406751973,165,COMM,EQ
ZF,AP,0.0406038037,75,COMM,EQ
ND,SN,0.0404532153,180,EQ,FX
XU,SN,0.0400811497,165,EQ,FX
DA,ZW,0.040054407,180,COMM,COMM
ZU,ZR,0.0399140162,180,COMM,COMM
ZO,ND,0.0393991686,180,COMM,EQ
ZF,KC,0.0393900591,180,COMM,COMM
CC,RL,0.0390960474,180,COMM,EQ
DA,MD,0.0381883013,180,COMM,EQ
ZZ,FB,0.0376928075,180,COMM,FI
ZT,MW,0.0375942849,180,COMM,COMM
ZO,FB,0.0365076746,180,COMM,FI
CC,XX,0.0354047888,150,COMM,EQ
LB,SB,0.0351537773,180,COMM,COMM
FB,BN,0.0347396211,180,FI,FX
ZZ,FN,0.0346259421,180,COMM,FX
KC,ZN,0.0344495399,180,COMM,COMM
ZN,CA,0.0344124326,180,COMM,EQ
CC,ZZ,0.0343138494,180,COMM,COMM
DA,AX,0.0329187643,180,COMM,EQ
DA,ZR,0.032313999,180,COMM,COMM
ZF,ZA,0.0322851827,180,COMM,COMM
ZF,MP,0.0320727465,180,COMM,FX
ZZ,ZI,0.0315181889,180,COMM,COMM
MW,NK,0.0308852426,180,COMM,EQ
DA,RL,0.0308671152,180,COMM,EQ
SB,EC,0.0308107641,180,COMM,FX
MW,XU,0.030051823,165,COMM,EQ
ZN,UZ,0.0295001418,180,COMM,FI
ZM,TY,0.0281870778,180,COMM,FI
XX,SN,0.0280646675,150,EQ,FX
ZG,ZZ,0.0277351335,180,COMM,COMM
ZK,ZZ,0.027715428,180,COMM,COMM
ZF,LX,0.0274965763,180,COMM,EQ
ZO,RL,0.0273554618,180,COMM,EQ
ZO,JN,0.0270451215,180,COMM,FX
ZN,JO,0.0268942529,180,COMM,COMM
CC,CA,0.0265315201,180,COMM,EQ
ZG,ND,0.0264377571,180,COMM,EQ
DA,ZA,0.0263954739,180,COMM,COMM
CA,SN,0.0263146154,180,EQ,FX
ZA,EC,0.0260992643,180,COMM,FX
ZF,ZK,0.0260757353,180,COMM,COMM
ZS,FB,0.0260453344,180,COMM,FI
ZF,ZD,0.0255635358,180,COMM,EQ
ZF,AN,0.0254341189,180,COMM,FX
ZZ,CN,0.0253104938,180,COMM,FX
ZT,CN,0.0252691284,180,COMM,FX
ZT,LX,0.0246412393,180,COMM,EQ
FB,AN,0.0245948072,180,FI,FX
ZZ,AN,0.0245636534,180,COMM,FX
ZM,FB,0.0240443834,180,COMM,FI
ZB,ZR,0.02356826,180,COMM,COMM
ZG,EC,0.0231264888,180,COMM,FX
ZS,TY,0.0229337189,180,COMM,FI
ZG,ZD,0.0225159484,180,COMM,EQ
ZM,EC,0.0224459708,180,COMM,FX
ZF,JO,0.0219262218,180,COMM,COMM
DA,ND,0.0216743406,180,COMM,EQ
ZW,EC,0.0212434956,180,COMM,FX
ZS,TU,0.0211290931,180,COMM,FI
DA,ZO,0.0208767121,180,COMM,COMM
ZT,ZW,0.0207027905,180,COMM,COMM
GS,FN,0.0204023153,180,FI,FX
DA,LX,0.0188779373,180,COMM,EQ
ZF,SB,0.0187605529,180,COMM,COMM
ZM,US,0.0170662904,180,COMM,FI
ZF,ZP,0.0167481248,180,COMM,COMM
MW,CA,0.0166135422,180,COMM,EQ
AN,EC,0.0165922847,180,FX,FX
DA,AN,0.0165387427,180,COMM,FX
ZZ,NK,0.016028765,180,COMM,EQ
ZI,TY,0.0155903081,180,COMM,FI
JO,SS,0.0141739799,180,COMM,FI
MW,XX,0.0137171729,150,COMM,EQ
ZN,RL,0.0136385236,180,COMM,EQ
CC,US,0.0136215201,180,COMM,FI
ZO,TY,0.0116597867,180,COMM,FI
CC,AX,0.00993559026,180,COMM,EQ
ZM,TU,0.00946441103,180,COMM,FI
ZN,GS,0.0094027261,180,COMM,FI
DA,ZP,0.00924357896,180,COMM,COMM
ZC,TU,0.00912751084,180,COMM,FI
JO,ZR,0.0089263032,180,COMM,COMM
ZO,AX,0.00852698716,180,COMM,EQ
ZC,DA,0.00806535498,180,COMM,COMM
ZC,EC,0.00700317028,180,COMM,FX
SB,XX,0.00673637198,150,COMM,EQ
ZP,FB,0.00662583123,180,COMM,FI
ZT,ZS,0.00659366586,180,COMM,COMM
ZZ,YM,0.00649946791,152,COMM,EQ
DT,SN,0.006016819,180,FI,FX
ZT,JO,0.00507297642,180,COMM,COMM
ZL,US,0.00504814441,180,COMM,FI
ZZ,TU,0.00347166637,180,COMM,FI
ZG,NK,0.00315667494,180,COMM,EQ
ZA,ZR,0.00284091351,180,COMM,COMM
ZN,XX,0.00207456334,150,COMM,EQ
MW,UZ,0.0018025344,180,COMM,FI
ZZ,SN,0.00157489861,180,COMM,FX
DA,HS,-5.95275262e-06,180,COMM,EQ
AX,SN,-0.000280659679,180,EQ,FX
ZS,EC,-0.000392310214,180,COMM,FX
SB,TU,-0.00105130557,180,COMM,FI
ZS,US,-0.00140579796,180,COMM,FI
SB,YM,-0.00208963818,152,COMM,EQ
SB,SS,-0.00272428659,180,COMM,FI
ZP,TY,-0.00322710106,180,COMM,FI
ZO,CB,-0.00403464037,180,COMM,FI
ZI,CB,-0.00474441304,180,COMM,FI
TY,BN,-0.00546494499,180,FI,FX
ZZ,ZB,-0.00568113622,180,COMM,COMM
CT,ZN,-0.00570472175,180,COMM,COMM
JO,FB,-0.0061978036,180,COMM,FI
ZN,ZR,-0.00778634858,180,COMM,COMM
ZT,ZO,-0.00779801418,180,COMM,COMM
ZT,YM,-0.00804860808,152,COMM,EQ
ZN,SP,-0.00865713535,180,COMM,EQ
ZZ,ZO,-0.00878543688,180,COMM,COMM
ZF,ZL,-0.00952202688,180,COMM,COMM
ZI,UZ,-0.00976474535,180,COMM,FI
MW,GS,-0.0102019101,180,COMM,FI
CC,ND,-0.0106224682,180,COMM,EQ
ZT,MP,-0.0108956485,180,COMM,FX
ZP,TU,-0.011886596,180,COMM,FI
TU,AN,-0.0125309019,180,FI,FX
JO,TU,-0.0140009685,180,COMM,FI
ZU,ZZ,-0.0150351807,180,COMM,COMM
SB,FB,-0.0154736821,180,COMM,FI
ZP,CB,-0.0156194868,180,COMM,FI
CC,ZN,-0.0158851914,180,COMM,COMM
DA,DT,-0.0159992107,180,COMM,FI
ZN,ZD,-0.0162035056,180,COMM,EQ
ZT,CC,-0.0162415382,180,COMM,COMM
ZZ,ZD,-0.0162637782,180,COMM,EQ
ZK,JN,-0.0182140323,180,COMM,FX
ZZ,SB,-0.0205682414,180,COMM,COMM
ZZ,GS,-0.0222846063,180,COMM,FI
DA,GS,-0.0226697224,180,COMM,FI
ZT,CT,-0.0227508289,180,COMM,COMM
ZL,CB,-0.0235306351,180,COMM,FI
BN,EC,-0.0239364349,180,FX,FX
MW,AX,-0.0240365216,180,COMM,EQ
DA,SN,-0.024326803,180,COMM,FX
DA,JO,-0.0245236281,180,COMM,COMM
ZN,JN,-0.0257138469,180,COMM,FX
ZC,GS,-0.0258659069,180,COMM,FI
ZF,YM,-0.0262243204,152,COMM,EQ
ZZ,ZS,-0.0267908406,180,COMM,COMM
ZO,US,-0.0269899899,180,COMM,FI
ZZ,SP,-0.0274894149,180,COMM,EQ
ZN,SS,-0.0283810155,180,COMM,FI
ZT,ZM,-0.0287996028,180,COMM,COMM
GS,AN,-0.0297615778,180,FI,FX
ZW,DT,-0.0298407379,180,COMM,FI
ZZ,CB,-0.0307987366,180,COMM,FI
JO,CB,-0.0310554114,180,COMM,FI
ZT,ZC,-0.0311073256,180,COMM,COMM
ZU,JN,-0.0317616861,180,COMM,FX
MW,UB,-0.0327468106,180,COMM,FI
ZN,YM,-0.0334931656,152,COMM,EQ
ZF,CC,-0.0336316441,180,COMM,COMM
DA,FB,-0.033851636,180,COMM,FI
ZZ,ZA,-0.0339670763,180,COMM,COMM
ZM,SS,-0.0341566411,180,COMM,FI
DA,CB,-0.0352122698,180,COMM,FI
ZM,CB,-0.0353999357,180,COMM,FI
JO,TY,-0.035903682,180,COMM,FI
DA,FN,-0.0364083107,180,COMM,FX
ZG,AX,-0.0364799155,180,COMM,EQ
DA,ZS,-0.0369163142,180,COMM,COMM
SS,FN,-0.0369605168,180,FI,FX
ZD,JN,-0.0372773056,180,EQ,FX
ZB,JN,-0.0384710703,180,COMM,FX
CC,CB,-0.0384994103,180,COMM,FI
ZN,AX,-0.0387836804,180,COMM,EQ
LB,JN,-0.0404215809,180,COMM,FX
ZZ,MD,-0.0405561458,180,COMM,EQ
ZN,ND,-0.0407905467,180,COMM,EQ
DA,TY,-0.0411902757,180,COMM,FI
ZR,GS,-0.0415582461,180,COMM,FI
ZZ,HS,-0.0427655498,180,COMM,EQ
DA,ZL,-0.043215939,180,COMM,COMM
ZZ,ZP,-0.0449770143,180,COMM,COMM
ZT,FN,-0.0459955296,180,COMM,FX
ZZ,XU,-0.0462846679,165,COMM,EQ
HS,JN,-0.0477305015,180,EQ,FX
ZZ,RL,-0.047746902,180,COMM,EQ
ZG,CA,-0.0482234161,180,COMM,EQ
ZZ,ZR,-0.0491616506,180,COMM,COMM
ZZ,EC,-0.0492739832,180,COMM,FX
DA,UB,-0.049280254,180,COMM,FI
ZL,EC,-0.0499962903,180,COMM,FX
ZG,XU,-0.0500747751,165,COMM,EQ
ZS,CB,-0.0511216712,180,COMM,FI
ZC,ZZ,-0.0521266077,180,COMM,COMM
ZA,FB,-0.0524252766,180,COMM,FI
ZP,US,-0.0525009884,180,COMM,FI
SP,JN,-0.0525346919,180,EQ,FX
ZI,US,-0.0528220825,180,COMM,FI
MW,DT,-0.0535378892,180,COMM,FI
JO,EC,-0.0535529607,180,COMM,FX
ZN,EC,-0.0541119051,180,COMM,FX
ZZ,XX,-0.0557663741,150,COMM,EQ
ZW,UB,-0.0565555094,180,COMM,FI
DA,US,-0.0571276184,180,COMM,FI
ZR,CB,-0.0574620497,180,COMM,FI
DA,ZM,-0.0579622246,180,COMM,COMM
ZF,SN,-0.0585984725,180,COMM,FX
ZZ,SS,-0.0589809004,180,COMM,FI
ZF,CT,-0.0601571472,180,COMM,COMM
CC,UZ,-0.0604129664,180,COMM,FI
CC,DT,-0.0605441619,180,COMM,FI
ZZ,ND,-0.0626865666,180,COMM,EQ
US,BN,-0.0631252669,180,FI,FX
ZO,SS,-0.0633715914,180,COMM,FI
ZA,CB,-0.0636854785,180,COMM,FI
ZW,UZ,-0.0649496102,180,COMM,FI
ZT,ZN,-0.0655810929,180,COMM,COMM
ZT,ZI,-0.0657635539,180,COMM,COMM
ZF,MW,-0.067284913,180,COMM,COMM
ND,JN,-0.0672971662,180,EQ,FX
DA,SB,-0.0676018275,180,COMM,COMM
SB,TY,-0.0691910821,180,COMM,FI
CT,EC,-0.0695565822,180,COMM,FX
ZF,FN,-0.0696771364,180,COMM,FX
LX,JN,-0.0716052872,180,EQ,FX
ZF,ZR,-0.072564928,180,COMM,COMM
CC,UB,-0.0729183375,180,COMM,FI
DA,AP,-0.0731502548,75,COMM,EQ
ZI,UB,-0.0735175603,180,COMM,FI
JO,JN,-0.0736158099,180,COMM,FX
ZG,XX,-0.073930337,150,COMM,EQ
ZI,SS,-0.0740966957,180,COMM,FI
ZA,TU,-0.074397687,180,COMM,FI
ZR,TY,-0.0746789026,180,COMM,FI
LB,ZN,-0.0760020312,180,COMM,COMM
ZZ,AP,-0.0760039865,75,COMM,EQ
LB,GS,-0.0763649675,180,COMM,FI
JO,GS,-0.0765156421,180,COMM,FI
CC,GS,-0.0769045617,180,COMM,FI
LB,CB,-0.0787339544,180,COMM,FI
ZF,ZN,-0.0797608634,180,COMM,COMM
SB,CB,-0.0811103882,180,COMM,FI
LB,DT,-0.0812089877,180,COMM,FI
CT,TU,-0.0816779254,180,COMM,FI
UZ,BN,-0.0817425824,180,FI,FX
ZF,ZS,-0.0829734952,180,COMM,COMM
ZM,UZ,-0.0835945294,180,COMM,FI
TY,MP,-0.0839816448,180,FI,FX
CT,ZZ,-0.0843926628,180,COMM,COMM
ZT,SN,-0.0844890222,180,COMM,FX
ZR,DT,-0.0845971563,180,COMM,FI
ZR,FB,-0.0853906552,180,COMM,FI
DA,UZ,-0.0855081267,180,COMM,FI
ZZ,CA,-0.0858624346,180,COMM,EQ
CT,SS,-0.0864912935,180,COMM,FI
ZA,TY,-0.0867510409,180,COMM,FI
ZR,TU,-0.0871715446,180,COMM,FI
ZL,UZ,-0.0894575371,180,COMM,FI
FB,MP,-0.0896785582,180,FI,FX
LB,US,-0.0904665138,180,COMM,FI
ZA,UZ,-0.0907062938,180,COMM,FI
ZO,GS,-0.0908543202,180,COMM,FI
DA,TU,-0.0910473491,180,COMM,FI
ZR,EC,-0.0922473379,180,COMM,FX
ZT,DT,-0.0922780253,180,COMM,FI
ZI,GS,-0.0930057217,180,COMM,FI
ZS,UZ,-0.0939367903,180,COMM,FI
ZR,US,-0.0941385591,180,COMM,FI
SB,UZ,-0.094169357,180,COMM,FI
JO,US,-0.094277243,180,COMM,FI
UB,FN,-0.0946447679,180,FI,FX
ZZ,JN,-0.0951048055,180,COMM,FX
CT,FB,-0.0960146704,180,COMM,FI
DT,AN,-0.0974725847,180,FI,FX
DT,FN,-0.0977057734,180,FI,FX
ZF,ZI,-0.0978087043,180,COMM,COMM
ZT,US,-0.09788314,180,COMM,FI
ZM,GS,-0.0981521416,180,COMM,FI
ZZ,ZM,-0.0981800581,180,COMM,COMM
ZA,US,-0.0982259369,180,COMM,FI
ZA,SS,-0.0982475174,180,COMM,FI
ZO,UZ,-0.0986696967,180,COMM,FI
TU,MP,-0.0988577257,180,FI,FX
ZA,JN,-0.0988770175,180,COMM,FX
SB,GS,-0.100696248,180,COMM,FI
UZ,FN,-0.100726552,180,FI,FX
FB,CN,-0.100928437,180,FI,FX
LB,EC,-0.101388976,180,COMM,FX
ZA,UB,-0.101591023,180,COMM,FI
ZF,ZM,-0.102751925,180,COMM,COMM
ZC,DT,-0.102830106,180,COMM,FI
ZS,SS,-0.103015257,180,COMM,FI
CT,TY,-0.104125449,180,COMM,FI
SB,UB,-0.104145605,180,COMM,FI
KC,CB,-0.10666765,180,COMM,FI
MD,JN,-0.107195825,180,EQ,FX
ZG,SS,-0.107581817,180,COMM,FI
ZC,SS,-0.108409835,180,COMM,FI
SB,DT,-0.10858805,180,COMM,FI
ZT,CB,-0.108589185,180,COMM,FI
TU,CN,-0.109265848,180,FI,FX
UB,BN,-0.110123864,180,FI,FX
TY,CN,-0.110328058,180,FI,FX
ZT,ZG,-0.111328954,180,COMM,COMM
ZZ,AX,-0.11274635,180,COMM,EQ
CB,BN,-0.113670836,180,FI,FX
ZM,UB,-0.113923459,180,COMM,FI
ZO,UB,-0.114306049,180,COMM,FI
ZT,GS,-0.115378778,180,COMM,FI
MW,SS,-0.116247439,180,COMM,FI
ZO,DT,-0.116894793,180,COMM,FI
CT,US,-0.118175114,180,COMM,FI
LB,UB,-0.118757232,180,COMM,FI
UB,AN,-0.119186802,180,FI,FX
ZF,ZW,-0.119350539,180,COMM,COMM
JO,UB,-0.121022678,180,COMM,FI
CT,DA,-0.121091818,180,COMM,COMM
EC,MP,-0.121492872,180,FX,FX
KC,TU,-0.121738396,180,COMM,FI
ZC,UB,-0.122768739,180,COMM,FI
JO,UZ,-0.12307425,180,COMM,FI
KC,FB,-0.12318632,180,COMM,FI
ZW,SS,-0.123917958,180,COMM,FI
LB,TY,-0.124391281,180,COMM,FI
US,CN,-0.124745507,180,FI,FX
AP,EC,-0.125803536,75,EQ,FX
ZL,UB,-0.125841759,180,COMM,FI
KC,US,-0.126398326,180,COMM,FI
ZM,DT,-0.126704121,180,COMM,FI
ZA,GS,-0.127191222,180,COMM,FI
CB,MP,-0.127596102,180,FI,FX
KC,EC,-0.128332415,180,COMM,FX
SB,US,-0.128715308,180,COMM,FI
DA,EC,-0.128765365,180,COMM,FX
ZF,DT,-0.131875538,180,COMM,FI
ZF,ZO,-0.13200156,180,COMM,COMM
ZI,DT,-0.134226731,180,COMM,FI
JO,DT,-0.134348514,180,COMM,FI
US,MP,-0.134420499,180,FI,FX
KC,TY,-0.13492527,180,COMM,FI
ZS,UB,-0.135332815,180,COMM,FI
ZR,UB,-0.137214389,180,COMM,FI
ZZ,LX,-0.13749903,180,COMM,EQ
CN,EC,-0.138566649,180,FX,FX
KC,GS,-0.138662481,180,COMM,FI
HS,CB,-0.139337809,180,EQ,FI
ZU,US,-0.141608938,180,COMM,FI
ZU,TU,-0.141682692,180,COMM,FI
KC,SS,-0.141864913,180,COMM,FI
ZA,DT,-0.142502572,180,COMM,FI
RL,JN,-0.14304404,180,EQ,FX
ZT,JN,-0.143144163,180,COMM,FX
ZC,UZ,-0.14315291,180,COMM,FI
CT,CB,-0.146646251,180,COMM,FI
ZL,DT,-0.147633944,180,COMM,FI
HS,US,-0.147765659,180,EQ,FI
ZL,GS,-0.148282792,180,COMM,FI
ZS,GS,-0.148949955,180,COMM,FI
ZF,US,-0.149042965,180,COMM,FI
LX,CB,-0.149429696,180,EQ,FI
ZK,EC,-0.150501996,180,COMM,FX
ZF,EC,-0.150509418,180,COMM,FX
ZT,UB,-0.151968415,180,COMM,FI
ZF,UB,-0.152560691,180,COMM,FI
ZF,JN,-0.152781555,180,COMM,FX
RL,EC,-0.153371002,180,EQ,FX
DT,BN,-0.153566742,180,FI,FX
LB,FB,-0.153862144,180,COMM,FI
DA,SS,-0.155754507,180,COMM,FI
YM,JN,-0.15576202,152,EQ,FX
ZU,TY,-0.156189349,180,COMM,FI
ZF,UZ,-0.156403941,180,COMM,FI
HS,EC,-0.156675031,180,EQ,FX
LB,UZ,-0.158273858,180,COMM,FI
AP,US,-0.158827108,75,EQ,FI
ZU,FB,-0.159154745,180,COMM,FI
JN,MP,-0.159362971,180,FX,FX
LB,TU,-0.160671074,180,COMM,FI
KC,UZ,-0.162315591,180,COMM,FI
ZS,DT,-0.162516726,180,COMM,FI
SS,AN,-0.164168037,180,FI,FX
HS,TY,-0.164683939,180,EQ,FI
UZ,AN,-0.165888209,180,FI,FX
ZP,SS,-0.167630418,180,COMM,FI
ZP,GS,-0.168041621,180,COMM,FI
ZF,ZG,-0.170113083,180,COMM,COMM
LX,SS,-0.170780197,180,EQ,FI
ZP,UZ,-0.171357063,180,COMM,FI
ZU,EC,-0.173021015,180,COMM,FX
AP,TY,-0.173124459,75,EQ,FI
CT,GS,-0.175789962,180,COMM,FI
ZF,CB,-0.176401906,180,COMM,FI
ZF,GS,-0.180225472,180,COMM,FI
ZK,TU,-0.180553622,180,COMM,FI
ZU,CB,-0.182007311,180,COMM,FI
ND,EC,-0.183166573,180,EQ,FX
HS,GS,-0.183449287,180,EQ,FI
HS,FB,-0.183667469,180,EQ,FI
GS,MP,-0.18407674,180,FI,FX
KC,DT,-0.18451839,180,COMM,FI
ND,CB,-0.184807593,180,EQ,FI
ZR,UZ,-0.186294513,180,COMM,FI
LB,SS,-0.186969922,180,COMM,FI
UZ,CN,-0.187050013,180,FI,FX
YM,EC,-0.188127218,152,EQ,FX
ND,GS,-0.188150185,180,EQ,FI
ZP,DT,-0.188265406,180,COMM,FI
ZL,SS,-0.18925694,180,COMM,FI
KC,UB,-0.189373472,180,COMM,FI
ZP,UB,-0.190136632,180,COMM,FI
AP,JN,-0.190528942,75,EQ,FX
AX,JN,-0.190723475,180,EQ,FX
UB,CN,-0.19249948,180,FI,FX
LX,EC,-0.195628817,180,EQ,FX
ZT,TY,-0.197359116,180,COMM,FI
ZT,UZ,-0.198586964,180,COMM,FI
ZK,FB,-0.199034605,180,COMM,FI
CT,DT,-0.201069537,180,COMM,FI
CB,CN,-0.201442788,180,FI,FX
GS,BN,-0.201772927,180,FI,FX
GS,CN,-0.203373063,180,FI,FX
NK,US,-0.204110914,180,EQ,FI
ZF,SS,-0.204267472,180,COMM,FI
LX,GS,-0.205564786,180,EQ,FI
AP,GS,-0.206823602,75,EQ,FI
CA,JN,-0.20745978,180,EQ,FX
XX,SS,-0.208335065,150,EQ,FI
ZK,TY,-0.208485568,180,COMM,FI
ZB,TU,-0.209291389,180,COMM,FI
DT,CN,-0.209600964,180,FI,FX
NK,EC,-0.211140253,180,EQ,FX
ZB,FB,-0.214069446,180,COMM,FI
ZD,EC,-0.21440018,180,EQ,FX
MD,EC,-0.215070264,180,EQ,FX
CT,UB,-0.21585898,180,COMM,FI
SP,EC,-0.217221648,180,EQ,FX
ZB,TY,-0.218201768,180,COMM,FI
ZF,TY,-0.220695845,180,COMM,FI
AP,FB,-0.221046255,75,EQ,FI
NK,GS,-0.221185086,180,EQ,FI
ZK,CB,-0.221772781,180,COMM,FI
SP,CB,-0.221807179,180,EQ,FI
CT,UZ,-0.22183791,180,COMM,FI
ZB,EC,-0.222216735,180,COMM,FX
MD,CB,-0.2227995,180,EQ,FI
XU,JN,-0.222987364,165,EQ,FX
XX,JN,-0.223344924,150,EQ,FX
HS,TU,-0.223359337,180,EQ,FI
LX,US,-0.226562552,180,EQ,FI
ZF,ZC,-0.226847977,180,COMM,COMM
ZB,US,-0.22848365,180,COMM,FI
ZT,EC,-0.229377434,180,COMM,FX
RL,CB,-0.230004169,180,EQ,FI
HS,DT,-0.23027454,180,EQ,FI
ZD,CB,-0.230995405,180,EQ,FI
YM,CB,-0.23288579,152,EQ,FI
HS,SS,-0.233319675,180,EQ,FI
YM,SS,-0.233759708,152,EQ,FI
ZR,SS,-0.234222596,180,COMM,FI
NK,CB,-0.234790421,180,EQ,FI
SP,GS,-0.235756652,180,EQ,FI
ZD,GS,-0.237774359,180,EQ,FI
CA,SS,-0.238034146,180,EQ,FI
AP,CB,-0.23877678,75,EQ,FI
RL,GS,-0.238946956,180,EQ,FI
ZU,GS,-0.23900513,180,COMM,FI
YM,GS,-0.240042342,152,EQ,FI
XU,SS,-0.241665832,165,EQ,FI
ZB,CB,-0.242525238,180,COMM,FI
ND,US,-0.243665014,180,EQ,FI
ZK,DT,-0.244181512,180,COMM,FI
ZK,GS,-0.244195066,180,COMM,FI
MD,US,-0.245742896,180,EQ,FI
SS,BN,-0.246169671,180,FI,FX
ND,SS,-0.247277313,180,EQ,FI
AX,SS,-0.249453068,180,EQ,FI
XX,EC,-0.249886707,150,EQ,FX
ZT,FB,-0.252207842,180,COMM,FI
SS,CN,-0.252273051,180,FI,FX
MD,GS,-0.252641167,180,EQ,FI
ZB,SS,-0.252702126,180,COMM,FI
ZF,FB,-0.253204115,180,COMM,FI
ZD,US,-0.253415691,180,EQ,FI
YM,US,-0.25440437,152,EQ,FI
LX,TY,-0.255324924,180,EQ,FI
ZK,UZ,-0.255803824,180,COMM,FI
ZD,SS,-0.257795708,180,EQ,FI
SP,US,-0.258042537,180,EQ,FI
DT,MP,-0.258394674,180,FI,FX
ZK,UB,-0.259309901,180,COMM,FI
AP,TU,-0.262206239,75,EQ,FI
RL,US,-0.26245161,180,EQ,FI
NK,SS,-0.264890922,180,EQ,FI
NK,TY,-0.265221103,180,EQ,FI
CA,CB,-0.265712267,180,EQ,FI
AX,GS,-0.266933672,180,EQ,FI
XU,EC,-0.268027558,165,EQ,FX
CA,EC,-0.268101609,180,EQ,FX
ZT,SS,-0.268438706,180,COMM,FI
ZK,US,-0.26901648,180,COMM,FI
ZF,TU,-0.269442539,180,COMM,FI
ZU,UB,-0.269477151,180,COMM,FI
AX,EC,-0.271389634,180,EQ,FX
ZU,UZ,-0.271586282,180,COMM,FI
YM,TY,-0.271960475,152,EQ,FI
HS,UB,-0.272956104,180,EQ,FI
NK,DT,-0.273317195,180,EQ,FI
ZU,DT,-0.273535775,180,COMM,FI
ND,DT,-0.274037166,180,EQ,FI
ZD,TY,-0.274936027,180,EQ,FI
RL,SS,-0.27598565,180,EQ,FI
ZB,GS,-0.276977373,180,COMM,FI
ZU,SS,-0.278067484,180,COMM,FI
CA,GS,-0.279973256,180,EQ,FI
SS,MP,-0.281590013,180,FI,FX
MD,TY,-0.283857511,180,EQ,FI
SP,SS,-0.284199311,180,EQ,FI
ZB,DT,-0.284266455,180,COMM,FI
SP,TY,-0.284274581,180,EQ,FI
UB,MP,-0.28434491,180,FI,FX
XX,CB,-0.284750601,150,EQ,FI
LX,FB,-0.285233326,180,EQ,FI
ZT,TU,-0.285562179,180,COMM,FI
AX,CB,-0.288875993,180,EQ,FI
ZB,UB,-0.290692281,180,COMM,FI
XU,CB,-0.291115395,165,EQ,FI
ZK,SS,-0.291669991,180,COMM,FI
ZB,UZ,-0.292448419,180,COMM,FI
ND,TY,-0.293091096,180,EQ,FI
YM,FB,-0.293302453,152,EQ,FI
AP,SS,-0.295603307,75,EQ,FI
XX,GS,-0.298743315,150,EQ,FI
AP,DT,-0.300385722,75,EQ,FI
ZD,FB,-0.300674252,180,EQ,FI
XU,GS,-0.304305893,165,EQ,FI
LX,DT,-0.306056939,180,EQ,FI
NK,FB,-0.309874079,180,EQ,FI
RL,TY,-0.309983812,180,EQ,FI
HS,UZ,-0.314953364,180,EQ,FI
SP,FB,-0.316206368,180,EQ,FI
NK,JN,-0.317953476,180,EQ,FX
MD,SS,-0.318169224,180,EQ,FI
UZ,MP,-0.319825988,180,FI,FX
YM,TU,-0.321163991,152,EQ,FI
ND,FB,-0.323044583,180,EQ,FI
MD,FB,-0.323281141,180,EQ,FI
ZD,TU,-0.331074854,180,EQ,FI
ZD,DT,-0.331303237,180,EQ,FI
CA,US,-0.331988637,180,EQ,FI
SP,DT,-0.334981329,180,EQ,FI
LX,TU,-0.335313889,180,EQ,FI
RL,FB,-0.33673745,180,EQ,FI
NK,UB,-0.341018567,180,EQ,FI
XU,US,-0.342551888,165,EQ,FI
AX,US,-0.34365272,180,EQ,FI
NK,TU,-0.344781119,180,EQ,FI
XX,US,-0.346066998,150,EQ,FI
MD,DT,-0.35068392,180,EQ,FI
ND,UB,-0.351603209,180,EQ,FI
RL,TU,-0.351796343,180,EQ,FI
RL,DT,-0.353149102,180,EQ,FI
SP,TU,-0.354410725,180,EQ,FI
ND,TU,-0.356897719,180,EQ,FI
YM,DT,-0.3617751,152,EQ,FI
MD,TU,-0.365228793,180,EQ,FI
RL,UB,-0.36625926,180,EQ,FI
AP,UB,-0.368421745,75,EQ,FI
LX,UB,-0.371079969,180,EQ,FI
XX,DT,-0.375208781,150,EQ,FI
CA,DT,-0.378827506,180,EQ,FI
AX,DT,-0.37974858,180,EQ,FI
ZD,UB,-0.382144294,180,EQ,FI
NK,UZ,-0.384233883,180,EQ,FI
YM,UB,-0.388072992,152,EQ,FI
RL,UZ,-0.388377107,180,EQ,FI
CA,TY,-0.388805224,180,EQ,FI
XU,TY,-0.394156061,165,EQ,FI
XX,TY,-0.395632675,150,EQ,FI
ND,UZ,-0.3960065,180,EQ,FI
SP,UB,-0.397707241,180,EQ,FI
MD,UB,-0.403202072,180,EQ,FI
XX,UB,-0.405558181,150,EQ,FI
XU,DT,-0.406753889,165,EQ,FI
AX,TY,-0.410589957,180,EQ,FI
ZD,UZ,-0.415082791,180,EQ,FI
LX,UZ,-0.415841454,180,EQ,FI
CA,FB,-0.419462038,180,EQ,FI
XX,FB,-0.421165636,150,EQ,FI
XU,FB,-0.423080294,165,EQ,FI
YM,UZ,-0.425818757,152,EQ,FI
AX,UB,-0.437259655,180,EQ,FI
SP,UZ,-0.441410638,180,EQ,FI
AX,FB,-0.441436011,180,EQ,FI
CA,UB,-0.444643243,180,EQ,FI
CA,TU,-0.44521605,180,EQ,FI
XX,UZ,-0.445930423,150,EQ,FI
MD,UZ,-0.448305871,180,EQ,FI
XU,TU,-0.460053777,165,EQ,FI
XX,TU,-0.460620569,150,EQ,FI
AX,TU,-0.465786266,180,EQ,FI
XU,UB,-0.465885355,165,EQ,FI
AP,UZ,-0.469226384,75,EQ,FI
AX,UZ,-0.488958956,180,EQ,FI
CA,UZ,-0.498529301,180,EQ,FI
XU,UZ,-0.520406421,165,EQ,FI
