,Name,Ccy,AssetClass,first,last,months,leading_missing,trailing_missing,internal_missing,zero_months,longest_zero_run,comparison_months
AN,AustrialianDollar,USD,FX,1988-02,2014-12,323,229,0,0,0,0,180
AP,AustralianEquity,AUD,EQ,2008-10,2014-12,75,477,0,0,0,0,75
AX,GermanDaxEquity,EUR,EQ,1997-12,2014-12,205,347,0,0,0,0,180
BN,BritishPound,USD,FX,1976-02,2014-12,467,85,0,0,0,0,180
CA,FranceCAC40Equity,EUR,EQ,1999-02,2014-12,191,361,0,0,0,0,180
CB,Canada10yearBond,CND,FI,1994-07,2014-12,246,306,0,0,0,0,180
CC,Cocoa,USD,COMM,1981-02,2014-12,407,145,0,0,0,0,180
CN,CanadianDollar,USD,FX,1978-02,2014-12,443,109,0,0,1,1,180
CT,Cotton,USD,COMM,1973-02,2014-12,503,49,0,0,1,1,180
DA,Milk,USD,COMM,1997-10,2014-12,207,345,0,0,2,1,180
DT,EuropeEuroBondBund,EUR,FI,1989-12,2014-12,299,251,0,2,1,1,180
EC,EuroDollar,USD,FX,1982-03,2014-12,394,158,0,0,10,3,180
FB,TNotes5year,USD,FI,1989-02,2014-12,311,241,0,0,1,1,180
FN,Euro,USD,FX,1975-03,2014-12,478,74,0,0,0,0,180
GS,UKGiltLongBond,BPN,FI,1989-12,2014-12,299,251,0,2,1,1,180
HS,HongKongHSIEquity,HDK,EQ,1997-11,2014-12,206,346,0,0,0,0,180
JN,JapaneseYen,USD,FX,1978-02,2014-12,443,109,0,0,0,0,180
JO,OrangeJuice,USD,COMM,1973-02,2014-12,503,49,0,0,0,0,180
KC,Coffee,USD,COMM,1974-02,2014-12,491,61,0,0,1,1,180
LB,Lumber,USD,COMM,1974-02,2014-12,491,61,0,0,0,0,180
LX,UKFTSE100Equity,BPN,EQ,1990-02,2014-12,297,253,0,2,1,1,180
MD,SP400Mini,USD,EQ,1992-03,2014-12,274,278,0,0,0,0,180
MP,MexicanPeso,USD,FX,1995-06,2014-12,235,317,0,0,2,1,180
MW,Wheat,USD,COMM,1981-02,2014-12,407,145,0,0,3,1,180
ND,Nasdaq100Equity,USD,EQ,1996-05,2014-12,224,328,0,0,0,0,180
NK,JapanNikkeiEquity,USD,EQ,1991-02,2014-12,287,265,0,0,1,1,180
RL,Russell2000,USD,EQ,1993-03,2014-12,262,290,0,0,2,1,180
SB,Sugar,USD,COMM,1975-02,2014-12,479,73,0,0,2,1,180
SN,SwissFranc,USD,FX,1976-02,2014-12,467,85,0,0,2,1,180
SP,SP500,USD,EQ,1982-05,2014-12,392,160,0,0,1,1,180
SS,UKSterlingShort,BPN,FI,1991-10,2014-12,261,273,0,18,7,1,180
TU,TNotes2year,USD,FI,1990-10,2014-12,291,261,0,0,2,1,180
TY,TNotes10year,USD,FI,1983-02,2014-12,383,169,0,0,2,1,180
UB,GermanyEuroBobl,EUR,FI,1999-02,2014-12,191,361,0,0,0,0,180
US,TBonds,USD,FI,1978-02,2014-12,443,109,0,0,0,0,180
UZ,GermanyEuroSchatz,EUR,FI,1999-02,2014-12,191,361,0,0,3,1,180
XU,EuroDJEuroStoxx50Equity,EUR,EQ,2001-04,2014-12,165,387,0,0,1,1,165
XX,EuroDJStoxx50Equity,USD,EQ,2002-07,2014-12,150,402,0,0,0,0,150
YM,DowJonesMini,USD,EQ,2002-05,2014-12,152,400,0,0,0,0,152
ZA,Palladium,USD,COMM,1983-02,2014-12,383,169,0,0,0,0,180
ZB,RbobOil,USD,COMM,1985-02,2014-12,359,193,0,0,0,0,180
ZC,Corn,USD,COMM,1970-02,2014-12,539,13,0,0,1,1,180
ZD,DowJones,USD,EQ,1998-05,2014-12,200,352,0,0,0,0,180
ZF,CattleFeeder,USD,COMM,1978-02,2014-12,443,109,0,0,4,1,180
ZG,Gold,USD,COMM,1975-02,2014-12,479,73,0,0,1,1,180
ZI,Silver,USD,COMM,1973-02,2014-12,503,49,0,0,1,1,180
ZK,Copper,USD,COMM,1989-02,2014-12,311,241,0,0,0,0,180
ZL,SoybeanOil,USD,COMM,1969-02,2014-12,551,1,0,0,2,1,180
ZM,SoybeanMeal,USD,COMM,1969-02,2014-12,551,1,0,0,0,0,180
ZN,NaturalGas,USD,COMM,1991-02,2014-12,287,265,0,0,0,0,180
ZO,Oats,USD,COMM,1975-02,2014-12,479,73,0,0,4,1,180
ZP,Platinum,USD,COMM,1973-02,2014-12,503,49,0,0,0,0,180
ZR,RiceRough,USD,COMM,1987-02,2014-12,335,217,0,0,1,1,180
ZS,Soybeans,USD,COMM,1969-02,2014-12,551,1,0,0,1,1,180
ZT,CattleLive,USD,COMM,1971-02,2014-12,527,25,0,0,0,0,180
ZU,CrudeOil,USD,COMM,1984-02,2014-12,371,181,0,0,1,1,180
ZW,WheatElectronic,USD,COMM,1969-02,2014-12,551,1,0,0,0,0,180
ZZ,LeanHogs,USD,COMM,1970-02,2014-12,539,13,0,0,1,1,180
