ID,horizon_months,blocks,mean_per_block,std_per_block,lag_one_pairs,lag_one_pearson,lag_one_spearman
AN,1,180,0.004079794621903738,0.038324354522413395,179,0.05480413948206385,0.04768271504195176
AP,1,75,0.0032747332866969597,0.042993180036792866,74,0.08605988347528878,0.02661236579044794
AX,1,180,0.0020972169527986536,0.06257151558236038,179,0.08481488375235476,0.06738434498775975
BN,1,180,0.0008885035314089635,0.024878762261737433,179,0.07646713115785994,0.010018203502604963
CA,1,180,0.00035192723096048596,0.052889970582924425,179,0.10389777873739682,0.08026698470487299
CB,1,180,0.003671569283161424,0.015057681339090918,179,-0.003982441505571482,0.0003640700520996527
CC,1,180,0.0077479514793578645,0.09129317457603948,179,-0.19447215380086635,-0.20115288849831564
CN,1,180,0.0016934014674346355,0.026146191141414282,179,-0.0764550589200748,-0.06746385453936767
CT,1,180,-0.0019331758338781405,0.08909015393421846,179,-0.051026238465845336,-0.09184190153369745
DA,1,180,0.005108482395645323,0.08282914943739526,179,0.14680190365549287,0.1424706546983868
DT,1,180,0.00397963633384053,0.015418316022492325,179,0.03265735393211406,0.039758960517230664
EC,1,180,0.0006030912544261518,0.0022232475654845527,179,0.1216400484032123,0.26930243506918106
FB,1,180,0.0030725847257885557,0.011873072839345624,179,0.05167854004203855,0.0748519657690457
FN,1,180,0.0013453989882447046,0.03029653269520683,179,0.004573059090167826,0.06503672085870316
GS,1,180,0.0028897374813759745,0.017017575668311264,179,0.03320392571366754,0.04980436465591195
HS,1,180,0.004729835789653046,0.06333048105924886,179,0.10684649644110757,0.0397171133848054
JN,1,180,-0.002299643896294715,0.028093473179130978,179,0.06633034208150798,0.11785617140585426
JO,1,180,0.0030160054815385603,0.08739019355204851,179,-0.13439084876243668,-0.10997426401355846
KC,1,180,-0.006754068137354257,0.0930774140525736,179,-0.09773948446114036,-0.07032619839725482
LB,1,180,-0.012278784109307423,0.08865189191377172,179,0.013702900482088826,0.018720314690435762
LX,1,180,0.0006919509051362102,0.041933102714594925,179,0.005777614986071338,-0.09102169773816267
MD,1,180,0.006902380171462391,0.05112488991479369,179,0.1342310557871502,0.053648023769171264
MP,1,180,0.0021758700246695367,0.02884036087391225,179,0.11018734433280085,0.10355188369832788
MW,1,180,0.007292736942649159,0.08952229401190995,179,0.08866362384556949,0.02800828573222021
ND,1,180,0.0021661509916323066,0.07439824197286266,179,0.08625045789581043,0.019856464335781338
NK,1,180,0.0015408408936091694,0.05920739904437972,179,0.12740919709238302,0.10588579917561167
RL,1,180,0.006217405021911195,0.05929027938091671,179,0.050952202090701795,-0.016820454878329463
SB,1,180,0.0066833861386544485,0.09837933383738963,179,0.17923251304655602,0.14525139664804454
SN,1,180,0.001965626675298761,0.03174385333419167,179,-0.09517558847311824,-0.015180047287259682
SP,1,180,0.002400012094702089,0.044389555472896206,179,0.1375120945228394,0.0832695164563848
SS,1,180,0.000354023703355434,0.002113910744308679,179,0.29565341115020005,0.14053718126310413
TU,1,180,0.0013654479583370676,0.0045474159413139694,179,0.12048282745755219,0.16002971146402184
TY,1,180,0.004245740972347195,0.017849302891720768,179,0.025393391381676744,0.03685686188353947
UB,1,180,0.0024486854585537244,0.009545595846006632,179,0.084496718059386,0.07725399117025508
US,1,180,0.005308013693987198,0.028939995866194463,179,0.003354337043581286,-0.006496767309020057
UZ,1,180,0.000894119606392229,0.003931030064149897,179,0.16994317851464086,0.13908490304491786
XU,1,165,0.0011897237139471997,0.05542053183403645,164,0.1248654420008083,0.11219240134397983
XX,1,150,0.002230655188308932,0.04469737532415534,149,0.10616577110566879,0.05105024487574828
YM,1,152,0.005153384767657487,0.04078917726785445,151,0.11060153094677407,0.08832694318577893
ZA,1,180,0.007351096180044486,0.1089919289491613,179,0.03444190466674894,0.06715627811604201
ZB,1,180,0.011922104596102316,0.10316340766421007,179,0.13083930905844096,0.053786119306174475
ZC,1,180,-0.002583017483352329,0.0855928520616014,179,0.02351152038867431,-0.001684347080116314
ZD,1,180,0.003325320694358122,0.042308484491648084,179,0.0741610779657207,0.061783106312639995
ZF,1,180,0.004837347363313338,0.043015308455194017,179,0.11329015062838468,0.17845291151423837
ZG,1,180,0.007077506161275572,0.050884754014157055,179,-0.15216353798346446,-0.08922645575711924
ZI,1,180,0.007820439915228523,0.09225815102630412,179,-0.05818839569302603,-0.02070596112401394
ZK,1,180,0.008885488729170901,0.08023218988011854,179,0.15508373499746492,0.05300148557320111
ZL,1,180,0.0028293970249279998,0.07844369116944186,179,-0.11915310403429351,-0.08358336994957412
ZM,1,180,0.017411796138559157,0.0862350043039815,179,-0.06856589417218156,-0.009798506057372461
ZN,1,180,-0.011531240067366277,0.1574133664676714,179,0.003578431015028436,0.04489988073567257
ZO,1,180,0.008838251485639789,0.0989129687160221,179,-0.020288925965397758,-0.013330404034063548
ZP,1,180,0.008775024899872632,0.06570558382233777,179,0.1951572927156624,0.055125227543782594
ZR,1,180,-0.004950928404330158,0.07486565479411181,179,-0.10570247109446701,-0.09722762747682721
ZS,1,180,0.010370287656643096,0.07829449355907465,179,-0.030565552373378154,0.007568053899106553
ZT,1,180,0.0025103535664293746,0.04091702913466765,179,-0.002942906350534139,0.039625049693469666
ZU,1,180,0.004145280115736653,0.0944888189790633,179,0.17984772569129134,0.0966082899169335
ZW,1,180,-0.0036761800994080398,0.08816333702765124,179,-0.05011216804961471,-0.08776808319209926
ZZ,1,180,-0.0001864942045409342,0.07428116183556828,179,-0.127475855042711,-0.08740192078337837
CLASS_COMM,1,180,0.0034126556896635005,0.04068035374072086,179,0.06932216645240698,0.022181072542004035
CLASS_EQ,1,180,0.0023103788783664153,0.047136514577066066,179,0.1463533247320265,0.07007093088946091
CLASS_FI,1,180,0.002822955921713904,0.011263246855564762,179,0.07201123289511879,0.053798673445902105
CLASS_FX,1,180,0.0013065053333864486,0.01871397989804949,179,0.030926374619199285,0.037492938296403176
AN,3,60,0.012288397278066186,0.06712203291957279,59,0.08704930036981832,0.05990648743424898
AP,3,25,0.010614661009869382,0.08537031167018988,24,0.1624129135926495,0.08521739130434788
AX,3,60,0.008542337575655829,0.12523338952678947,59,-0.01352414829356104,-0.018410286382232563
BN,3,60,0.0028385637147621268,0.04688905686233839,59,0.15524973750132204,0.08953828170660424
CA,3,60,0.0025660179865334217,0.10467649910560639,59,0.0662530296775635,0.0205143191116306
CB,3,60,0.011111697398881466,0.028620415302330424,59,-0.07137319091504388,-0.1118059614260666
CC,3,60,0.01832167128708926,0.12511227721300083,59,-0.05024364023133217,-0.0389246054938632
CN,3,60,0.005034128691807352,0.04431168895065856,59,0.16397881559069608,0.051315020455873744
CT,3,60,-0.007890721188076107,0.1433316326525784,59,0.3915643966718082,0.22910578609000593
DA,3,60,0.017897357420918802,0.16665873668257322,59,0.2675517041231612,0.308533021624781
DT,3,60,0.012039877134721867,0.02909504568389331,59,0.09434157435017902,0.061601402688486254
EC,3,60,0.0018156018074044064,0.005082511243992256,59,0.04560786378158402,0.16732904734073661
FB,3,60,0.009291050461429,0.023038943235064845,59,-0.03478329451322899,-0.09783752191700762
FN,3,60,0.0040021371242244105,0.05233578215406955,59,-0.03725007053795211,-0.013909994155464647
GS,3,60,0.00877080892442848,0.03247654082219115,59,0.12793164649574826,0.08819403857393333
HS,3,60,0.01417509098982626,0.11107911099383078,59,0.15585762448470952,0.14021040327293985
JN,3,60,-0.00655040388030322,0.05561362503314573,59,-0.010074005322268275,0.02758620689655173
JO,3,60,0.007069537813492146,0.13618177156615924,59,0.006582414336156656,0.0062536528345995554
KC,3,60,-0.021989676913067826,0.14895127566464664,59,0.12728630434542362,0.18287551139684408
LB,3,60,-0.036325971554060914,0.1497401500097959,59,0.05353753394403655,0.08796025715955583
LX,3,60,0.002362510794466299,0.07668664790972074,59,0.12078966038922992,0.07299824663939215
MD,3,60,0.02179353865667764,0.09897585826319172,59,0.0222123198906111,-0.03793103448275864
MP,3,60,0.006717168624200217,0.05274802277183337,59,-0.05156943578810021,-0.2133839859731152
MW,3,60,0.02172216666916641,0.15713994474485302,59,0.09957254347197368,0.04196376388077151
ND,3,60,0.00882349987818662,0.1416518327031361,59,0.00828839429999995,-0.0025715955581531134
NK,3,60,0.005124111446010332,0.10803221872679293,59,0.23261172735655664,0.2445353594389246
RL,3,60,0.01940905275218179,0.10908579787930651,59,-0.0031899956136591735,-0.0014611338398596977
SB,3,60,0.020796953012815464,0.179005225193076,59,0.16042534129955435,0.09596727060198713
SN,3,60,0.005701542260537016,0.05180698310941016,59,-0.1359322106689251,-0.11122150789012272
SP,3,60,0.008032301747273235,0.08670111686082015,59,0.159276255994969,0.09345412039742841
SS,3,60,0.0010690722166435925,0.00523642908214101,59,0.09561763461473871,0.35885447106955015
TU,3,60,0.004112615227444864,0.009232965506821775,59,0.07264952428118347,0.01694915254237294
TY,3,60,0.012842183291200203,0.033159506377804286,59,-0.06874766589921208,-0.12577440093512562
UB,3,60,0.007406673029177637,0.019167147772495667,59,0.0497928051866837,0.006838106370543557
US,3,60,0.016084097832275646,0.05314668642272239,59,-0.091660981372283,-0.13495032144944488
UZ,3,60,0.0026941407473071942,0.008138426433951932,59,0.06072707250857602,0.04120397428404438
XU,3,55,0.005172776231174447,0.10952023752078222,54,0.04255809468666989,-0.027787307032590046
XX,3,50,0.007763871229473935,0.08905704071411318,49,0.10154701386933516,0.061938775510204096
YM,3,50,0.01782268172910849,0.07877207980389529,49,0.07346825411164776,0.018877551020408126
ZA,3,60,0.02464482587999739,0.19437555552639707,59,0.06577104193962141,0.07597895967270608
ZB,3,60,0.03944391092444053,0.1888946571760701,59,-0.14204008766069862,-0.22501461133839856
ZC,3,60,-0.007106955982244558,0.15328925849638297,59,0.07297830234806392,0.04792518994739913
ZD,3,60,0.010606113641995032,0.08123708677242777,59,0.05525286897106089,0.01946230274693166
ZF,3,60,0.01522336875041591,0.08585122531152427,59,-0.020469881720996317,-0.1289888953828171
ZG,3,60,0.019800797465960713,0.0679259494027129,59,0.00011134441121976142,0.021390999415546435
ZI,3,60,0.020834991766981222,0.14356112823729558,59,0.01658764488834746,0.011981297486849824
ZK,3,60,0.030638839743062665,0.1617035106504331,59,0.16534627768764332,0.14061952074810052
ZL,3,60,0.006386979365361339,0.1189135576371344,59,0.14695200221636803,0.17463471654003518
ZM,3,60,0.05275248166729621,0.14855056108856432,59,-0.18882292560685465,-0.1572180011689071
ZN,3,60,-0.03468903240791322,0.27314251367966713,59,0.08888025435334926,0.18907071887784918
ZO,3,60,0.02485580667155378,0.1584825195007697,59,0.14617889311424484,0.08135593220338981
ZP,3,60,0.028269266160741522,0.12261547206144333,59,0.03109030127323147,0.014669783752191558
ZR,3,60,-0.016523738968165516,0.11670821258647046,59,0.1826181333294871,0.21098772647574515
ZS,3,60,0.03105741071105613,0.13436431747552727,59,-0.04873903012972516,-0.007714786674459382
ZT,3,60,0.007727124619271373,0.0751744011589516,59,-0.14670757088471076,-0.1786674459380479
ZU,3,60,0.016005625539366176,0.17341495297558104,59,0.0871089100757775,-0.020689655172413834
ZW,3,60,-0.012259718653850688,0.14788952247356363,59,0.10766845858488883,0.04313267095265926
ZZ,3,60,-0.0022695770119341894,0.11591863788650636,59,-0.04098609791734948,-0.013150204558737557
CLASS_COMM,3,60,0.010662133147501751,0.0754409387582087,59,0.15535238409023713,0.05113968439509056
CLASS_EQ,3,60,0.008016390251487322,0.09325787401613032,59,0.08830847199821557,0.04342489772063125
CLASS_FI,3,60,0.008541795280208877,0.022225673726620033,59,-0.01813397193829771,-0.10391583869082407
CLASS_FX,3,60,0.0039012708770820876,0.03200046941089059,59,0.14014710911339123,0.12752776154295736
AN,6,30,0.02584934465075098,0.10789373148490977,29,-0.13865043445668931,-0.09261083743842366
AP,6,12,0.038899051106530795,0.10804279751339403,11,-0.2981663255996987,-0.2090909090909091
AX,6,30,0.012456848866253863,0.1518508856807206,29,0.31922722648746743,0.2645320197044336
BN,6,30,0.006325944376871377,0.07397691896907911,29,-0.21375759086325397,-0.05418719211822661
CA,6,30,0.002873212014224776,0.13501656611122384,29,0.32025898860941787,0.2586206896551724
CB,6,30,0.022245414244459156,0.038525878487370394,29,-0.12713636078372673,-0.13201970443349756
CC,6,30,0.03838368391951215,0.18825468391806563,29,-0.06555421277436585,-0.1019704433497536
CN,6,30,0.010439448738581169,0.06895530361806515,29,-0.10073631943992972,-0.20344827586206893
CT,6,30,-0.010455387023838325,0.2421994166295325,29,0.0636258708559814,0.02660098522167487
DA,6,30,0.04367389646852296,0.27683385507058256,29,0.3214296892386815,0.4078817733990147
DT,6,30,0.024311411397940373,0.044394353856122455,29,-0.07846750656025103,-0.0645320197044335
EC,6,30,0.0036320104082417483,0.006892181839719779,29,0.6179361873622982,0.5901477832512316
FB,6,30,0.018572110546164,0.029976467213613373,29,-0.014714747682726912,0.058128078817733936
FN,6,30,0.0084134128031124,0.07907254983344178,29,-0.04768949579866954,0.032512315270936065
GS,6,30,0.017883064189543402,0.052821878728232276,29,-0.151282422120509,-0.07536945812807878
HS,6,30,0.028626214180734893,0.15878327443917115,29,0.04383211414274617,0.08472906403940889
JN,6,30,-0.013194109591871244,0.07671519241881171,29,0.17816207466050976,0.25369458128078815
JO,6,30,0.01735007222307076,0.2059683664047457,29,0.18638000053706508,0.20295566502463058
KC,6,30,-0.04129044474207152,0.21546290414218822,29,0.2699022501104416,0.3571428571428571
LB,6,30,-0.07090707499146444,0.20972628758205725,29,-0.11518099053849752,-0.08177339901477827
LX,6,30,0.004320474295245995,0.1074903985407653,29,0.20898834152166174,0.3571428571428572
MD,6,30,0.04115872107797417,0.11903993757358436,29,0.1358904232535457,0.1773399014778325
MP,6,30,0.013634070916016532,0.07652511790980135,29,-0.2676800774780414,-0.1167487684729064
MW,6,30,0.04200263991909125,0.2259082427240321,29,0.08381270255724868,0.06896551724137932
ND,6,30,0.013212891482494597,0.17947392473600696,29,0.3089038776167781,0.21773399014778322
NK,6,30,0.011378934455476209,0.16267938203099963,29,0.18561437169875894,0.1970443349753694
RL,6,30,0.03465529491736525,0.12639764740888088,29,0.209868485932735,0.25566502463054186
SB,6,30,0.04999099282233684,0.3130098721829648,29,-0.2101778330614558,-0.11034482758620687
SN,6,30,0.011433817000468001,0.07350149542885838,29,-0.06564038931656077,-0.06995073891625624
SP,6,30,0.015184733626455596,0.11615093640274493,29,0.31173139205963685,0.3532019704433497
SS,6,30,0.0021422073165846584,0.007870946982551091,29,-0.03642808004557952,0.3901477832512314
TU,6,30,0.008239152069622453,0.013000131070077385,29,0.2883989190389957,0.3137931034482759
TY,6,30,0.02563743730083602,0.04284381148572292,29,-0.05970152206753736,0.0591133004926108
UB,6,30,0.014921447694247868,0.029743245188882515,29,-0.17013791683973234,-0.06995073891625624
US,6,30,0.032302811975523045,0.0746201331100214,29,-0.15303084963924246,-0.07438423645320198
UZ,6,30,0.005406967339470977,0.01267447913332675,29,-0.14681649364755261,-0.04334975369458124
XU,6,27,0.006620481649459144,0.13946588177010727,26,0.2719271536936338,0.09538461538461532
XX,6,25,0.014439753294107915,0.11781152046170183,24,0.23068816298922085,0.045217391304347786
YM,6,25,0.03501219989189766,0.10563885668220672,24,0.1517975322218419,-0.01565217391304347
ZA,6,30,0.05293676687920477,0.3024417142923452,29,0.10390043543469185,0.15615763546798037
ZB,6,30,0.0850712794735795,0.27478294392824437,29,-0.411054902472344,-0.3556650246305419
ZC,6,30,-0.012938313624082065,0.22761184338885804,29,-0.20525270339403537,-0.21280788177339896
ZD,6,30,0.01978875449960495,0.10362998285771495,29,0.24306991777023915,0.2517241379310345
ZF,6,30,0.030685564992979343,0.12987551215797322,29,0.05091698637111585,0.07586206896551727
ZG,6,30,0.04082200412488134,0.10677595534771116,29,0.03914056328829865,0.012807881773399046
ZI,6,30,0.041094911800121654,0.20263311613848933,29,0.01774731881742424,0.05911330049261084
ZK,6,30,0.07330719004421435,0.2818548280761909,29,-0.16910201285722662,-0.17881773399014775
ZL,6,30,0.01793043051904579,0.19619532795009068,29,-0.12093779250472818,-0.029064039408866992
ZM,6,30,0.10287095025387447,0.19539064325479916,29,-0.2920852981409942,-0.26945812807881775
ZN,6,30,-0.051725518029095134,0.4181325063288635,29,0.08636430780707774,0.09064039408866993
ZO,6,30,0.05547710253102265,0.2546401362809821,29,-0.09507443950044828,-0.17241379310344834
ZP,6,30,0.05907257433939488,0.18355687461273892,29,-0.21077695740809166,0.004433497536945922
ZR,6,30,-0.0280442003365263,0.1916735516290937,29,-0.11867144558246652,-0.052216748768472855
ZS,6,30,0.06201682122941636,0.19345848301911753,29,-0.24178703754472536,-0.2133004926108375
ZT,6,30,0.014542858148725446,0.09730889157691866,29,0.1749589702542113,0.1157635467980295
ZU,6,30,0.03871389975198574,0.255015446901798,29,-0.17047559604674797,-0.0004926108374383488
ZW,6,30,-0.02985991854025267,0.1764708384155157,29,-0.08396661953692768,0.13448275862068965
ZZ,6,30,-0.004205136062596637,0.1651207031135226,29,-0.12820410904222856,-0.07192118226600984
CLASS_COMM,6,30,0.023970778694229467,0.12587173138450827,29,-0.24259734364329147,-0.12167487684729066
CLASS_EQ,6,30,0.014167175805510739,0.1187059175066239,29,0.3051905868350051,0.2669950738916256
CLASS_FI,6,30,0.017147958622279875,0.03176756260145214,29,-0.16641869366096454,-0.12561576354679801
CLASS_FX,6,30,0.008105659228663454,0.05143547288190508,29,-0.15398767724047357,-0.06600985221674875
AN,12,15,0.05224134292218851,0.16306256499863778,14,0.09175351180509347,0.11648351648351649
AP,12,6,0.07934003624256507,0.1650970517598602,5,,
AX,12,15,0.03685268012783647,0.25803377796648935,14,-0.08113458132777579,-0.14285714285714288
BN,12,15,0.012412437977738182,0.10527910118651082,14,-0.18502379646364556,-0.1384615384615385
CA,12,15,0.01297694772038258,0.21994244989707668,14,0.004251242666185664,-0.07252747252747249
CB,12,15,0.04476780715179014,0.051977285755755456,14,-0.3599761898501723,-0.3230769230769231
CC,12,15,0.07734147640438514,0.2822178410045874,14,0.12432862548723178,0.07692307692307691
CN,12,15,0.022051896967722414,0.11174000406383745,14,-0.24689526061843683,-0.041758241758241804
CT,12,15,-0.013031481679833827,0.36638369646460345,14,-0.05490112372617094,-0.2527472527472527
DA,12,15,0.11792112719069783,0.5144788525346718,14,-0.22755705722088762,-0.22637362637362643
DT,12,15,0.04889617139126426,0.05930498555848661,14,-0.25357864021144244,-0.21758241758241767
EC,12,15,0.007313934010968929,0.01342069846030477,14,0.29112031633844687,0.6571428571428571
FB,12,15,0.03750220924374335,0.044198682835817786,14,0.04462829619008784,0.06813186813186814
FN,12,15,0.01581991444493828,0.10634996174654202,14,0.14469536145966658,0.05494505494505493
GS,12,15,0.035735128423244604,0.07127840354678744,14,-0.3060774533063909,-0.3846153846153846
HS,12,15,0.071882802456158,0.28520788274742753,14,-0.2865708363375718,-0.2043956043956044
JN,12,15,-0.024581274112972246,0.1241139139605325,14,0.2951741111388356,0.3054945054945055
JO,12,15,0.042793208934573404,0.32187350135900067,14,-0.11932224608588644,0.04175824175824177
KC,12,15,-0.06644471614724515,0.33756577994923465,14,0.14591908262825587,0.10329670329670332
LB,12,15,-0.13047115406133392,0.2991173829422138,14,0.1636921212951812,0.054945054945055055
LX,12,15,0.012181247880825826,0.1698606161436507,14,0.04497200093401743,-0.06813186813186811
MD,12,15,0.08836082871154814,0.19927594198071255,14,-0.1377178490021407,-0.010989010989010967
MP,12,15,0.026021376620060203,0.1003813861071499,14,-0.20445491745852432,-0.2131868131868132
MW,12,15,0.0767574809003122,0.3103874143629822,14,0.01082602074527342,0.04175824175824175
ND,12,15,0.041352501335394316,0.31442369286415195,14,0.0577626216920758,0.032967032967032954
NK,12,15,0.031195098365278864,0.2733666162943262,14,0.2562861167131067,0.2175824175824176
RL,12,15,0.07730391141787236,0.22231471970782427,14,-0.0744414130630353,-0.03296703296703294
SB,12,15,0.07857622483033942,0.37755056212904936,14,-0.11109647859382604,-0.1912087912087911
SN,12,15,0.021282282624716476,0.08717641863830757,14,-0.02081899497075306,0.1340659340659341
SP,12,15,0.037127307433888666,0.19963689895586906,14,0.06855891316671506,0.1120879120879121
SS,12,15,0.004266429886252772,0.008878871403988103,14,0.15036023312441474,0.4021978021978022
TU,12,15,0.016580633508783093,0.020765530286376562,14,0.44950299796912035,0.5384615384615384
TY,12,15,0.051963345874514774,0.06373465800148445,14,-0.19937324619242688,-0.30109890109890114
UB,12,15,0.029673958343878138,0.031369288777583944,14,-0.045646662820816,-0.02857142857142861
US,12,15,0.06555197933018982,0.10824619617861796,14,-0.43176800068604576,-0.4197802197802199
UZ,12,15,0.010755351280546839,0.011953167298737698,14,0.3281691906714579,0.29230769230769227
XU,12,13,0.03186427721053297,0.22886740021305152,12,-0.26279780201003833,-0.32867132867132864
XX,12,12,0.05388684194338561,0.17774674231319243,11,-0.19147295132579586,-0.1363636363636364
YM,12,12,0.0852945490370282,0.16413367531549794,11,-0.12541558495875135,-0.09090909090909095
ZA,12,15,0.13602102502198896,0.5519688481229604,14,-0.021840251413567217,-0.0989010989010989
ZB,12,15,0.15994371366234367,0.3915455240095727,14,-0.6320460839229516,-0.652747252747253
ZC,12,15,-0.052968743484851116,0.20623557434426323,14,-0.0759719783185535,-0.12527472527472527
ZD,12,15,0.0437371640696022,0.17008196361843866,14,-0.03870008939375495,-0.006593406593406666
ZF,12,15,0.06374166698304648,0.1995834094667635,14,0.18478014941359094,0.05494505494505498
ZG,12,15,0.08277196206196723,0.1520915111679263,14,0.2874452218607464,0.24835164835164847
ZI,12,15,0.08339779872200444,0.31212125630973986,14,0.19267127561757394,0.23076923076923067
ZK,12,15,0.14505422073698082,0.4467377907455019,14,-0.0422727470936329,0.1516483516483516
ZL,12,15,0.02770745916237536,0.26255892083580745,14,-0.034710118597245126,-0.002197802197802241
ZM,12,15,0.20899971002898268,0.27448097081306055,14,-0.487386575061187,-0.47252747252747257
ZN,12,15,-0.02368186904494914,0.9000045918884509,14,-0.5307807878105101,-0.43736263736263736
ZO,12,15,0.09041891324032043,0.2992430042281955,14,0.06803957340822875,0.03296703296703297
ZP,12,15,0.11626344624396374,0.28010871865453507,14,-0.35042297853365284,-0.3098901098901099
ZR,12,15,-0.06488237468903497,0.2410812528579563,14,-0.06783653561861268,0.18681318681318684
ZS,12,15,0.11890867211887744,0.2606587764392908,14,-0.34631876145975093,-0.4373626373626374
ZT,12,15,0.02887997975115763,0.1377084654807227,14,0.30503346172544965,0.2879120879120879
ZU,12,15,0.052607974300337305,0.33239047115865883,14,-0.33884203809360436,-0.23956043956043957
ZW,12,15,-0.057290519444782737,0.2531377032701962,14,-0.21112094370375503,-0.32307692307692315
ZZ,12,15,-0.011099420879483176,0.24280684622761325,14,-0.04898854493994761,0.23956043956043951
CLASS_COMM,12,15,0.04157533605488317,0.14428015391326138,14,-0.27033910857039456,-0.23956043956043963
CLASS_EQ,12,15,0.03606191016054369,0.20687669742804943,14,-0.044318650847642534,-0.11648351648351639
CLASS_FI,12,15,0.034420903337895825,0.0419457051505353,14,-0.30624087308730014,-0.25274725274725274
CLASS_FX,12,15,0.0158464266729768,0.0690073000409046,14,0.12172243152829489,0.12527472527472533
