month,ID,return,robust_z,Name,Ccy,AssetClass
1980-03,ZI,-0.475784029,-6.85933014,Silver,USD,COMM
2008-10,ZB,-0.397033593,-5.1203025,RbobOil,USD,COMM
1980-03,ZP,-0.393138489,-6.27235353,Platinum,USD,COMM
2001-01,ZN,-0.386091472,-2.91758211,NaturalGas,USD,COMM
2003-03,ZN,-0.374809958,-2.8297909,NaturalGas,USD,COMM
2008-10,ZK,-0.364706189,-5.49808326,Copper,USD,COMM
2008-09,ZA,-0.339315855,-4.9982226,Palladium,USD,COMM
1980-04,ZI,-0.336066442,-4.81466501,Silver,USD,COMM
2008-10,ZU,-0.328720581,-3.97388733,CrudeOil,USD,COMM
2008-07,ZN,-0.321461412,-2.41463976,NaturalGas,USD,COMM
2008-09,ZP,-0.315306867,-5.0324645,Platinum,USD,COMM
1997-06,KC,-0.309056468,-3.40766897,Coffee,USD,COMM
2008-10,MP,-0.149001467,-7.36941623,MexicanPeso,USD,FX
2008-10,CN,-0.116899434,-7.88039821,CanadianDollar,USD,FX
1982-06,EC,-0.0187575197,-9.51310233,EuroDollar,USD,FX
1984-05,EC,-0.0137439476,-7.01119283,EuroDollar,USD,FX
1992-11,SS,-0.00739197192,-6.3267496,UKSterlingShort,BPN,FI
2008-12,SS,0.00740213374,6.15785999,UKSterlingShort,BPN,FI
2008-11,SS,0.00928841643,7.74967659,UKSterlingShort,BPN,FI
2008-10,EC,0.0125332682,6.10185589,EuroDollar,USD,FX
1984-07,EC,0.0126625021,6.16634713,EuroDollar,USD,FX
1983-09,EC,0.0129301033,6.29988745,EuroDollar,USD,FX
1985-05,EC,0.0137567895,6.71242646,EuroDollar,USD,FX
2008-01,EC,0.0138883379,6.77807266,EuroDollar,USD,FX
1984-10,EC,0.014020266,6.84390839,EuroDollar,USD,FX
1982-12,EC,0.0144281289,7.04744316,EuroDollar,USD,FX
1992-10,SS,0.0167714885,14.0645722,UKSterlingShort,BPN,FI
2008-10,SS,0.0176902644,14.8399188,UKSterlingShort,BPN,FI
1982-09,EC,0.0178158151,8.73799112,EuroDollar,USD,FX
1982-10,EC,0.020005337,9.83062239,EuroDollar,USD,FX
1982-07,EC,0.0224416678,11.046418,EuroDollar,USD,FX
1982-08,EC,0.0230825255,11.3662236,EuroDollar,USD,FX
1992-09,SS,0.0305335616,25.6782591,UKSterlingShort,BPN,FI
2009-05,CN,0.0905398183,6.00692585,CanadianDollar,USD,FX
2014-10,ZM,0.301453287,4.91000403,SoybeanMeal,USD,COMM
2009-05,ZB,0.302816085,3.64310997,RbobOil,USD,COMM
1997-02,KC,0.303146914,3.54342933,Coffee,USD,COMM
1999-11,KC,0.303172635,3.54372137,Coffee,USD,COMM
2006-07,ZN,0.305234731,2.46222456,NaturalGas,USD,COMM
2010-06,ZO,0.307365793,4.34748606,Oats,USD,COMM
2001-10,ZN,0.307810762,2.48227089,NaturalGas,USD,COMM
2009-08,SB,0.310810811,3.44456268,Sugar,USD,COMM
2001-11,CC,0.310909091,4.43704831,Cocoa,USD,COMM
1976-06,CT,0.31121866,4.80469781,Cotton,USD,COMM
1974-07,ZC,0.31201457,5.55405544,Corn,USD,COMM
2004-11,DA,0.312780989,4.2956715,Milk,USD,COMM
1997-05,KC,0.313685819,3.66309048,Coffee,USD,COMM
1974-06,ZZ,0.314441176,4.14269853,LeanHogs,USD,COMM
1981-09,KC,0.316791505,3.69835316,Coffee,USD,COMM
1981-07,CC,0.31723962,4.52492944,Cocoa,USD,COMM
2006-04,ZK,0.319718699,4.7299235,Copper,USD,COMM
2002-09,ZZ,0.320941893,4.2294063,LeanHogs,USD,COMM
1973-02,ZS,0.323606417,5.9617347,Soybeans,USD,COMM
1973-05,ZC,0.324478235,5.77011014,Corn,USD,COMM
2008-01,MW,0.324968894,6.3266212,Wheat,USD,COMM
1973-04,ZS,0.325673615,5.99976404,Soybeans,USD,COMM
1989-06,SB,0.326436782,3.61426482,Sugar,USD,COMM
1978-10,ZP,0.326732673,5.1954835,Platinum,USD,COMM
1990-08,ZU,0.329486346,3.77386391,CrudeOil,USD,COMM
1981-07,KC,0.338079731,3.94006459,Coffee,USD,COMM
1972-12,ZM,0.339876253,5.5434032,SoybeanMeal,USD,COMM
1986-08,ZP,0.340237181,5.41061573,Platinum,USD,COMM
1986-04,ZB,0.341922696,4.13279707,RbobOil,USD,COMM
2010-07,MW,0.342601171,6.66734446,Wheat,USD,COMM
1979-09,ZP,0.342698332,5.44982287,Platinum,USD,COMM
2001-01,CC,0.345605701,4.91871065,Cocoa,USD,COMM
1998-10,HS,0.348283445,5.61300303,HongKongHSIEquity,HDK,EQ
1980-01,SB,0.349468944,3.86440013,Sugar,USD,COMM
2002-05,ZO,0.350326212,4.94390759,Oats,USD,COMM
2005-08,ZB,0.351213449,4.24913449,RbobOil,USD,COMM
1988-06,SB,0.353424658,3.90736022,Sugar,USD,COMM
1996-01,KC,0.3551109,4.1334404,Coffee,USD,COMM
1994-01,ZN,0.35604804,2.85764684,NaturalGas,USD,COMM
1973-07,ZW,0.358208746,5.06645372,WheatElectronic,USD,COMM
1999-03,ZB,0.360131641,4.36080674,RbobOil,USD,COMM
1974-09,ZL,0.361407134,5.19867501,SoybeanOil,USD,COMM
1991-10,JO,0.361696161,5.27405909,OrangeJuice,USD,COMM
2004-03,DA,0.361924686,4.99641174,Milk,USD,COMM
1999-03,ZU,0.367650093,4.22308923,CrudeOil,USD,COMM
2002-03,ZN,0.374075095,2.99793094,NaturalGas,USD,COMM
2000-05,ZN,0.37696645,3.02043107,NaturalGas,USD,COMM
2010-07,ZW,0.37740762,5.33499503,WheatElectronic,USD,COMM
1973-04,ZM,0.379049973,6.18917846,SoybeanMeal,USD,COMM
1974-01,ZL,0.382013634,5.49276725,SoybeanOil,USD,COMM
1995-12,ZN,0.385557732,3.08728726,NaturalGas,USD,COMM
1979-06,KC,0.395930113,4.59691116,Coffee,USD,COMM
1973-08,CT,0.400185557,6.18362541,Cotton,USD,COMM
1986-08,ZB,0.404612159,4.91778511,RbobOil,USD,COMM
1994-05,KC,0.407808064,4.73177615,Coffee,USD,COMM
2008-02,MW,0.411952162,8.0074718,Wheat,USD,COMM
1974-02,ZP,0.413424867,6.576525,Platinum,USD,COMM
2014-02,KC,0.416719071,4.83295377,Coffee,USD,COMM
1980-05,SB,0.417567804,4.60397159,Sugar,USD,COMM
1983-08,ZL,0.424389351,6.09754582,SoybeanOil,USD,COMM
1985-12,KC,0.431478199,5.00053232,Coffee,USD,COMM
1974-02,ZI,0.432666848,6.43518671,Silver,USD,COMM
1973-07,ZC,0.441803109,7.80390908,Corn,USD,COMM
1986-08,ZU,0.443043674,5.11054679,CrudeOil,USD,COMM
1973-08,ZW,0.446109556,6.29595289,WheatElectronic,USD,COMM
2008-02,ZA,0.450475825,6.39695071,Palladium,USD,COMM
2005-08,ZN,0.450589377,3.5933547,NaturalGas,USD,COMM
1990-08,ZB,0.451519069,5.50514638,RbobOil,USD,COMM
1993-02,LB,0.452368842,5.59341902,Lumber,USD,COMM
1986-03,SB,0.457480315,5.03743191,Sugar,USD,COMM
1987-09,ZR,0.467298178,7.86046468,RiceRough,USD,COMM
1993-10,ZR,0.469311115,7.89377659,RiceRough,USD,COMM
2000-11,ZN,0.47090625,3.75145784,NaturalGas,USD,COMM
1988-06,ZC,0.470951279,8.30918572,Corn,USD,COMM
2000-02,ZA,0.477477733,6.78653625,Palladium,USD,COMM
1973-07,ZL,0.480169051,6.89362359,SoybeanOil,USD,COMM
1990-09,ZU,0.484655826,5.60036327,CrudeOil,USD,COMM
2003-02,ZN,0.498325052,3.96482723,NaturalGas,USD,COMM
2000-12,ZN,0.499308987,3.97248408,NaturalGas,USD,COMM
1979-12,ZI,0.507524178,7.5306692,Silver,USD,COMM
1975-07,KC,0.521270182,6.02005118,Coffee,USD,COMM
1985-07,SB,0.525473071,5.77585105,Sugar,USD,COMM
1994-06,KC,0.531651641,6.13792466,Coffee,USD,COMM
1974-07,ZL,0.545534665,7.8265098,SoybeanOil,USD,COMM
1979-09,ZI,0.54695815,8.10775666,Silver,USD,COMM
1973-05,ZS,0.559894156,10.3086176,Soybeans,USD,COMM
1974-07,ZS,0.568792395,10.4723146,Soybeans,USD,COMM
1981-01,JO,0.583578598,8.50371976,OrangeJuice,USD,COMM
1983-05,SB,0.674146798,7.39048666,Sugar,USD,COMM
1973-05,ZM,0.684519662,11.224819,SoybeanMeal,USD,COMM
1977-01,JO,0.706536324,10.2934591,OrangeJuice,USD,COMM
1974-07,ZM,0.752022511,12.3375975,SoybeanMeal,USD,COMM
1988-06,ZO,0.93910762,13.1179877,Oats,USD,COMM
