ID,month,source_ID,supplied_return,return_available,current_target,current_price_date,current_age_days,current_accepted,previous_target,previous_price_date,previous_age_days,previous_accepted,value_difference,supplied_token,saved_precision_tolerance
RL,2008-12,ER,0.053310243,True,2008-12-31,2008-12-31,0,True,2008-11-28,2008-11-28,0,True,-3.39286730655e-10,0.053310243,5.01e-10
RL,2009-01,ER,-0.111069292,True,2009-01-30,2009-01-30,0,True,2008-12-31,2008-12-31,0,True,-2.48801396152e-11,-0.111069292,5.01e-10
RL,2009-02,ER,-0.122228412,True,2009-02-27,2009-02-27,0,True,2009-01-30,2009-01-30,0,True,-2.56267465581e-10,-0.122228412,5.01e-10
RL,2009-03,ER,0.091901498,True,2009-03-31,2009-03-31,0,True,2009-02-27,2009-02-27,0,True,-1.57907992238e-10,0.091901498,5.01e-10
RL,2009-04,ER,0.155242966752,True,2009-04-30,2009-04-30,0,True,2009-03-31,2009-03-31,0,True,8.32667268469e-17,0.15524296675191818,1.000005e-12
RL,2009-05,ER,0.0300078491356,True,2009-05-29,2009-05-29,0,True,2009-04-30,2009-04-30,0,True,2.77555756156e-17,0.030007849135588627,1.0000005e-12
RL,2009-06,ER,0.016608699,True,2009-06-30,2009-06-30,0,True,2009-05-29,2009-05-29,0,True,5.03730980539e-11,0.016608699,5.01e-10
RL,2009-07,ER,0.096005997,True,2009-07-31,2009-07-31,0,True,2009-06-30,2009-06-30,0,True,-2.29030336363e-10,0.096005997,5.01e-10
RL,2009-08,ER,0.028427126,True,2009-08-31,2009-08-31,0,True,2009-07-31,2009-07-31,0,True,-1.03431960913e-10,0.028427126,5.01e-10
RL,2009-09,ER,0.059085328,True,2009-09-30,2009-09-30,0,True,2009-08-31,2009-08-31,0,True,4.22344929862e-10,0.059085328,5.01e-10
RL,2009-10,ER,-0.068315381,True,2009-10-30,2009-10-30,0,True,2009-09-30,2009-09-30,0,True,-2.36842906398e-11,-0.068315381,5.01e-10
RL,2009-11,ER,0.030968099,True,2009-11-30,2009-11-30,0,True,2009-10-30,2009-10-30,0,True,-2.89185259073e-10,0.030968099,5.01e-10
RL,2009-12,ER,0.081514633,True,2009-12-31,2009-12-31,0,True,2009-11-30,2009-11-30,0,True,4.10439515708e-10,0.081514633,5.01e-10
RL,2010-01,ER,-0.036701229,True,2010-01-29,2010-01-29,0,True,2009-12-31,2009-12-31,0,True,-5.72062952564e-11,-0.036701229,5.01e-10
RL,2010-02,ER,0.04476051,True,2010-02-26,2010-02-26,0,True,2010-01-29,2010-01-29,0,True,3.53482715321e-10,0.04476051,5.001e-09
RL,2010-03,ER,0.082374682,True,2010-03-31,2010-03-31,0,True,2010-02-26,2010-02-26,0,True,3.74682479487e-10,0.082374682,5.01e-10
RL,2010-04,ER,0.056712765,True,2010-04-30,2010-04-30,0,True,2010-03-31,2010-03-31,0,True,3.52000539827e-10,0.056712765,5.01e-10
RL,2010-05,ER,-0.076033392,True,2010-05-31,2010-05-28,3,True,2010-04-30,2010-04-30,0,True,3.20990983793e-10,-0.076033392,5.01e-10
RL,2010-06,ER,-0.076898416,True,2010-06-30,2010-06-30,0,True,2010-05-31,2010-05-28,3,True,1.70205793903e-11,-0.076898416,5.01e-10
RL,2010-07,ER,0.068780981,True,2010-07-30,2010-07-30,0,True,2010-06-30,2010-06-30,0,True,-3.54023962923e-10,0.068780981,5.01e-10
RL,2010-08,ER,-0.073896282,True,2010-08-31,2010-08-31,0,True,2010-07-30,2010-07-30,0,True,-2.91774368555e-10,-0.073896282,5.01e-10
RL,2010-09,ER,0.125263157895,True,2010-09-30,2010-09-30,0,True,2010-08-31,2010-08-31,0,True,5.55111512313e-17,0.12526315789473674,1.000005e-12
RL,2010-10,ER,0.041060748,True,2010-10-29,2010-10-29,0,True,2010-09-30,2010-09-30,0,True,-2.03985460467e-10,0.041060748,5.01e-10
RL,2010-11,ER,0.034608106,True,2010-11-30,2010-11-30,0,True,2010-10-29,2010-10-29,0,True,8.43281833252e-11,0.034608106,5.01e-10
RL,2010-12,ER,0.080046846,True,2010-12-31,2010-12-31,0,True,2010-11-30,2010-11-30,0,True,4.20064982798e-10,0.080046846,5.01e-10
RL,2011-01,ER,-0.002680443,True,2011-01-31,2011-01-31,0,True,2010-12-31,2010-12-31,0,True,4.83308138736e-10,-0.002680443,5.01e-10
RL,2011-02,ER,0.054730258,True,2011-02-28,2011-02-28,0,True,2011-01-31,2011-01-31,0,True,1.40736103327e-11,0.054730258,5.01e-10
RL,2011-03,ER,0.025979892513,True,2011-03-31,2011-03-31,0,True,2011-02-28,2011-02-28,0,True,1.38777878078e-17,0.025979892512972613,1.0000005e-12
RL,2011-04,ER,0.0263719391729,True,2011-04-29,2011-04-29,0,True,2011-03-31,2011-03-31,0,True,8.32667268469e-17,0.026371939172941783,1.0000005e-12
RL,2011-05,ER,-0.018632789,True,2011-05-31,2011-05-31,0,True,2011-04-29,2011-04-29,0,True,1.31276562537e-10,-0.018632789,5.01e-10
RL,2011-06,ER,-0.022449872,True,2011-06-30,2011-06-30,0,True,2011-05-31,2011-05-31,0,True,3.33015687942e-10,-0.022449872,5.01e-10
RL,2011-07,ER,-0.036219588,True,2011-07-29,2011-07-29,0,True,2011-06-30,2011-06-30,0,True,3.00213381932e-10,-0.036219588,5.01e-10
RL,2011-08,ER,-0.087117382,True,2011-08-31,2011-08-31,0,True,2011-07-29,2011-07-29,0,True,1.61053531622e-10,-0.087117382,5.01e-10
RL,2011-09,ER,-0.112241972,True,2011-09-30,2011-09-30,0,True,2011-08-31,2011-08-31,0,True,-4.77064249216e-10,-0.112241972,5.01e-10
RL,2011-10,ER,0.152444842417,True,2011-10-31,2011-10-31,0,True,2011-09-30,2011-09-30,0,True,0,0.1524448424173921,1.00005e-12
RL,2011-11,ER,-0.003515565,True,2011-11-30,2011-11-30,0,True,2011-10-31,2011-10-31,0,True,-2.92709021951e-10,-0.003515565,5.01e-10
RL,2011-12,ER,0.007848451,True,2011-12-30,2011-12-30,0,True,2011-11-30,2011-11-30,0,True,-2.38163398725e-10,0.007848451,5.01e-10
RL,2012-01,ER,0.070923065,True,2012-01-31,2012-01-31,0,True,2011-12-30,2011-12-30,0,True,2.15736886688e-10,0.070923065,5.01e-10
RL,2012-02,ER,0.0237570761979,True,2012-02-29,2012-02-29,0,True,2012-01-31,2012-01-31,0,True,4.51028103754e-17,0.023757076197920446,1.0000005e-12
RL,2012-03,ER,0.0267687751608,True,2012-03-30,2012-03-30,0,True,2012-02-29,2012-02-29,0,True,7.6327832943e-17,0.026768775160797675,1.0000005e-12
RL,2012-04,ER,-0.015469028,True,2012-04-30,2012-04-30,0,True,2012-03-30,2012-03-30,0,True,-1.43942021497e-10,-0.015469028,5.01e-10
RL,2012-05,ER,-0.066018195,True,2012-05-31,2012-05-31,0,True,2012-04-30,2012-04-30,0,True,-3.42450123814e-10,-0.066018195,5.01e-10
RL,2012-06,ER,0.0505538129778,True,2012-06-29,2012-06-29,0,True,2012-05-31,2012-05-31,0,True,5.55111512313e-17,0.050553812977847556,1.0000005e-12
RL,2012-07,ER,-0.013575611,True,2012-07-31,2012-07-31,0,True,2012-06-29,2012-06-29,0,True,4.47412063995e-10,-0.013575611,5.01e-10
RL,2012-08,ER,0.033767646,True,2012-08-31,2012-08-31,0,True,2012-07-31,2012-07-31,0,True,4.3287866347e-10,0.033767646,5.01e-10
RL,2012-09,ER,0.033739735,True,2012-09-28,2012-09-28,0,True,2012-08-31,2012-08-31,0,True,1.14486357894e-10,0.033739735,5.01e-10
RL,2012-10,ER,-0.021818021,True,2012-10-31,2012-10-31,0,True,2012-09-28,2012-09-28,0,True,1.11347077392e-10,-0.021818021,5.01e-10
RL,2012-11,ER,0.005519613,True,2012-11-30,2012-11-30,0,True,2012-10-31,2012-10-31,0,True,-2.77745014488e-10,0.005519613,5.01e-10
RL,2012-12,ER,0.035804274,True,2012-12-31,2012-12-31,0,True,2012-11-30,2012-11-30,0,True,4.65691901708e-10,0.035804274,5.01e-10
RL,2013-01,ER,0.063192989,True,2013-01-31,2013-01-31,0,True,2012-12-31,2012-12-31,0,True,-6.6103539309e-11,0.063192989,5.01e-10
RL,2013-02,ER,0.0112152969296,True,2013-02-28,2013-02-28,0,True,2013-01-31,2013-01-31,0,True,7.4593109467e-17,0.011215296929582674,1.0000005e-12
RL,2013-03,ER,0.0461313131313,True,2013-03-29,2013-03-28,1,True,2013-02-28,2013-02-28,0,True,4.85722573274e-17,0.046131313131313245,1.0000005e-12
RL,2013-04,ER,-0.004007068,True,2013-04-30,2013-04-30,0,True,2013-03-29,2013-03-28,1,True,1.11579909375e-10,-0.004007068,5.01e-10
RL,2013-05,ER,0.040212502,True,2013-05-31,2013-05-31,0,True,2013-04-30,2013-04-30,0,True,-6.11136280471e-11,0.040212502,5.01e-10
RL,2013-06,ER,-0.005163094,True,2013-06-28,2013-06-28,0,True,2013-05-31,2013-05-31,0,True,-1.28611378492e-10,-0.005163094,5.01e-10
RL,2013-07,ER,0.069969835,True,2013-07-31,2013-07-31,0,True,2013-06-28,2013-06-28,0,True,-6.47331216408e-11,0.069969835,5.01e-10
RL,2013-08,ER,-0.031449459,True,2013-08-30,2013-08-30,0,True,2013-07-31,2013-07-31,0,True,-3.52974718898e-10,-0.031449459,5.01e-10
RL,2013-09,ER,0.064317547,True,2013-09-30,2013-09-30,0,True,2013-08-30,2013-08-30,0,True,-1.60996493914e-11,0.064317547,5.01e-10
RL,2013-10,ER,0.024639454,True,2013-10-31,2013-10-31,0,True,2013-09-30,2013-09-30,0,True,-2.97711962721e-10,0.024639454,5.01e-10
RL,2013-11,ER,0.039987069,True,2013-11-29,2013-11-29,0,True,2013-10-31,2013-10-31,0,True,-1.41670522535e-10,0.039987069,5.01e-10
RL,2013-12,ER,0.02031674677,True,2013-12-31,2013-12-31,0,True,2013-11-29,2013-11-29,0,True,6.59194920871e-17,0.020316746769963867,1.0000005e-12
RL,2014-01,ER,-0.02850514,True,2014-01-31,2014-01-31,0,True,2013-12-31,2013-12-31,0,True,-1.43111449774e-10,-0.02850514,5.001e-09
RL,2014-02,ER,0.047506091,True,2014-02-28,2014-02-28,0,True,2014-01-31,2014-01-31,0,True,3.9939412888e-11,0.047506091,5.01e-10
RL,2014-03,ER,-0.006394363,True,2014-03-31,2014-03-31,0,True,2014-02-28,2014-02-28,0,True,4.78794268122e-10,-0.006394363,5.01e-10
RL,2014-04,ER,-0.040065514,True,2014-04-30,2014-04-30,0,True,2014-03-31,2014-03-31,0,True,8.7454279929e-12,-0.040065514,5.01e-10
RL,2014-05,ER,0.008547146,True,2014-05-30,2014-05-30,0,True,2014-04-30,2014-04-30,0,True,1.22396487043e-10,0.008547146,5.01e-10
RL,2014-06,ER,0.054726527,True,2014-06-30,2014-06-30,0,True,2014-05-30,2014-05-30,0,True,-3.57343876711e-11,0.054726527,5.01e-10
RL,2014-07,ER,-0.061836092,True,2014-07-31,2014-07-31,0,True,2014-06-30,2014-06-30,0,True,-3.64494719129e-10,-0.061836092,5.01e-10
RL,2014-08,ER,0.050774603021,True,2014-08-29,2014-08-29,0,True,2014-07-31,2014-07-31,0,True,2.77555756156e-17,0.050774603020992126,1.0000005e-12
RL,2014-09,ER,-0.061414483,True,2014-09-30,2014-09-30,0,True,2014-08-29,2014-08-29,0,True,4.7956564414e-10,-0.061414483,5.01e-10
RL,2014-10,ER,0.067845257,True,2014-10-31,2014-10-31,0,True,2014-09-30,2014-09-30,0,True,-1.16940360173e-10,0.067845257,5.01e-10
RL,2014-11,ER,0.000513056,True,2014-11-28,2014-11-28,0,True,2014-10-31,2014-10-31,0,True,1.29872069262e-10,0.000513056,5.01e-10
RL,2014-12,ER,0.0286398738682,True,2014-12-31,2014-12-31,0,True,2014-11-28,2014-11-28,0,True,6.59194920871e-17,0.028639873868219867,1.0000005e-12
