rule,ID,matched_values,mismatched_values,missing_observed,extra_values,matched_blanks,max_abs_difference
calendar_end_3d_bounded,AN,323,0,0,0,229,4.98607266586e-10
calendar_end_3d_bounded,AP,75,0,0,0,477,4.93063943841e-10
calendar_end_3d_bounded,AX,204,0,0,0,348,4.98635639723e-10
calendar_end_3d_bounded,BN,467,0,0,0,85,7.60139413413e-09
calendar_end_3d_bounded,CA,191,0,0,0,361,4.98413990635e-10
calendar_end_3d_bounded,CB,246,0,0,0,306,4.95412826756e-10
calendar_end_3d_bounded,CC,401,0,6,0,145,4.95798330342e-10
calendar_end_3d_bounded,CN,443,0,0,0,109,4.99909738605e-10
calendar_end_3d_bounded,CT,499,0,4,0,49,4.99911959051e-10
calendar_end_3d_bounded,DA,203,0,4,0,345,4.91803264779e-10
calendar_end_3d_bounded,DT,298,0,0,0,254,4.99442001645e-10
calendar_end_3d_bounded,EC,394,0,0,0,158,4.47978012987e-08
calendar_end_3d_bounded,FB,311,0,0,0,241,4.97070039643e-10
calendar_end_3d_bounded,FN,478,0,0,0,74,4.98521560838e-10
calendar_end_3d_bounded,GS,299,0,0,0,253,4.98103212322e-10
calendar_end_3d_bounded,HS,202,0,2,0,348,4.95874681594e-10
calendar_end_3d_bounded,JN,443,0,0,0,109,4.99546112809e-10
calendar_end_3d_bounded,JO,497,0,6,0,49,4.99390258313e-10
calendar_end_3d_bounded,KC,485,0,6,0,61,4.99363161932e-10
calendar_end_3d_bounded,LB,491,0,0,0,61,4.99676442584e-10
calendar_end_3d_bounded,LX,297,0,0,0,255,4.89421617816e-10
calendar_end_3d_bounded,MD,274,0,0,0,278,4.90545992281e-10
calendar_end_3d_bounded,MP,235,0,0,0,317,4.96187100955e-10
calendar_end_3d_bounded,MW,407,0,0,0,145,4.99647521274e-10
calendar_end_3d_bounded,ND,224,0,0,0,328,4.80152237414e-10
calendar_end_3d_bounded,NK,287,0,0,0,265,4.97925306889e-10
calendar_end_3d_bounded,RL,262,0,0,0,290,4.95385052424e-10
calendar_end_3d_bounded,SB,473,0,6,0,73,4.9940551694e-10
calendar_end_3d_bounded,SN,467,0,0,0,85,3.15720810481e-08
calendar_end_3d_bounded,SP,392,0,0,0,160,2.41879985439e-08
calendar_end_3d_bounded,SS,261,0,0,0,291,4.6592380423e-08
calendar_end_3d_bounded,TU,291,0,0,0,261,4.27900361435e-08
calendar_end_3d_bounded,TY,383,0,0,0,169,4.99702206697e-10
calendar_end_3d_bounded,UB,190,0,0,0,362,4.99390360661e-10
calendar_end_3d_bounded,US,443,0,0,0,109,4.99954366101e-10
calendar_end_3d_bounded,UZ,190,0,0,0,362,2.23137503963e-08
calendar_end_3d_bounded,XU,164,0,0,0,388,4.91926290067e-10
calendar_end_3d_bounded,XX,149,0,0,0,403,4.99106637963e-10
calendar_end_3d_bounded,YM,152,0,0,0,400,4.86894262755e-10
calendar_end_3d_bounded,ZA,377,0,6,0,169,4.99444749447e-10
calendar_end_3d_bounded,ZB,353,0,6,0,193,4.99234251161e-10
calendar_end_3d_bounded,ZC,539,0,0,0,13,4.97760839491e-10
calendar_end_3d_bounded,ZD,200,0,0,0,352,4.99877660098e-10
calendar_end_3d_bounded,ZF,443,0,0,0,109,4.99011517871e-10
calendar_end_3d_bounded,ZG,475,0,4,0,73,4.97308045438e-10
calendar_end_3d_bounded,ZI,499,0,4,0,49,4.99517996411e-10
calendar_end_3d_bounded,ZK,307,0,4,0,241,4.99433487622e-10
calendar_end_3d_bounded,ZL,551,0,0,0,1,4.99862443104e-10
calendar_end_3d_bounded,ZM,551,0,0,0,1,4.98806690397e-10
calendar_end_3d_bounded,ZN,283,0,4,0,265,4.98204547061e-10
calendar_end_3d_bounded,ZO,479,0,0,0,73,4.98534822799e-10
calendar_end_3d_bounded,ZP,497,0,6,0,49,4.35469341624e-08
calendar_end_3d_bounded,ZR,335,0,0,0,217,4.99936564369e-10
calendar_end_3d_bounded,ZS,551,0,0,0,1,4.98637339752e-10
calendar_end_3d_bounded,ZT,527,0,0,0,25,4.97732073005e-10
calendar_end_3d_bounded,ZU,365,0,6,0,181,4.99387687453e-10
calendar_end_3d_bounded,ZW,551,0,0,0,1,4.98748098376e-10
calendar_end_3d_bounded,ZZ,539,0,0,0,13,4.99632696327e-10
weekday_end_1d_bounded,AN,315,0,8,0,229,4.98607266586e-10
weekday_end_1d_bounded,AP,75,0,0,0,477,4.93063943841e-10
weekday_end_1d_bounded,AX,198,0,6,0,348,4.98635639723e-10
weekday_end_1d_bounded,BN,455,0,12,0,85,7.60139413413e-09
weekday_end_1d_bounded,CA,189,0,2,0,361,4.98413990635e-10
weekday_end_1d_bounded,CB,246,0,0,0,306,4.95412826756e-10
weekday_end_1d_bounded,CC,381,0,26,0,145,4.95798330342e-10
weekday_end_1d_bounded,CN,433,0,10,0,109,4.99909738605e-10
weekday_end_1d_bounded,CT,475,0,28,0,49,4.99911959051e-10
weekday_end_1d_bounded,DA,195,0,12,0,345,4.91803264779e-10
weekday_end_1d_bounded,DT,286,0,12,0,254,4.99442001645e-10
weekday_end_1d_bounded,EC,384,0,10,0,158,4.47978012987e-08
weekday_end_1d_bounded,FB,303,0,8,0,241,4.97070039643e-10
weekday_end_1d_bounded,FN,464,0,14,0,74,4.98521560838e-10
weekday_end_1d_bounded,GS,285,0,14,0,253,4.98103212322e-10
weekday_end_1d_bounded,HS,200,0,4,0,348,4.95874681594e-10
weekday_end_1d_bounded,JN,433,0,10,0,109,4.99546112809e-10
weekday_end_1d_bounded,JO,471,0,32,0,49,4.99390258313e-10
weekday_end_1d_bounded,KC,463,0,28,0,61,4.99363161932e-10
weekday_end_1d_bounded,LB,479,0,12,0,61,4.99676442584e-10
weekday_end_1d_bounded,LX,285,0,12,0,255,4.89421617816e-10
weekday_end_1d_bounded,MD,266,0,8,0,278,4.90545992281e-10
weekday_end_1d_bounded,MP,229,0,6,0,317,4.96187100955e-10
weekday_end_1d_bounded,MW,397,0,10,0,145,4.99647521274e-10
weekday_end_1d_bounded,ND,218,0,6,0,328,4.80152237414e-10
weekday_end_1d_bounded,NK,281,0,6,0,265,4.97925306889e-10
weekday_end_1d_bounded,RL,254,0,8,0,290,4.95385052424e-10
weekday_end_1d_bounded,SB,451,0,28,0,73,4.9940551694e-10
weekday_end_1d_bounded,SN,455,0,12,0,85,3.15720810481e-08
weekday_end_1d_bounded,SP,382,0,10,0,160,2.41879985439e-08
weekday_end_1d_bounded,SS,247,0,14,0,291,4.6592380423e-08
weekday_end_1d_bounded,TU,283,0,8,0,261,4.27900361435e-08
weekday_end_1d_bounded,TY,375,0,8,0,169,4.99702206697e-10
weekday_end_1d_bounded,UB,184,0,6,0,362,4.99390360661e-10
weekday_end_1d_bounded,US,433,0,10,0,109,4.96740260036e-10
weekday_end_1d_bounded,UZ,184,0,6,0,362,2.23137503963e-08
weekday_end_1d_bounded,XU,158,0,6,0,388,4.86073542527e-10
weekday_end_1d_bounded,XX,145,0,4,0,403,4.99106637963e-10
weekday_end_1d_bounded,YM,148,0,4,0,400,4.86894262755e-10
weekday_end_1d_bounded,ZA,361,0,22,0,169,4.99444749447e-10
weekday_end_1d_bounded,ZB,339,0,20,0,193,4.99234251161e-10
weekday_end_1d_bounded,ZC,525,0,14,0,13,4.97760839491e-10
weekday_end_1d_bounded,ZD,194,0,6,0,352,4.99877660098e-10
weekday_end_1d_bounded,ZF,433,0,10,0,109,4.99011517871e-10
weekday_end_1d_bounded,ZG,459,0,20,0,73,4.97308045438e-10
weekday_end_1d_bounded,ZI,483,0,20,0,49,4.99517996411e-10
weekday_end_1d_bounded,ZK,295,0,16,0,241,4.99433487622e-10
weekday_end_1d_bounded,ZL,535,0,16,0,1,4.99862443104e-10
weekday_end_1d_bounded,ZM,535,0,16,0,1,4.98806690397e-10
weekday_end_1d_bounded,ZN,271,0,16,0,265,4.98204547061e-10
weekday_end_1d_bounded,ZO,467,0,12,0,73,4.98534822799e-10
weekday_end_1d_bounded,ZP,473,0,30,0,49,4.35469341624e-08
weekday_end_1d_bounded,ZR,327,0,8,0,217,4.99936564369e-10
weekday_end_1d_bounded,ZS,535,0,16,0,1,4.98637339752e-10
weekday_end_1d_bounded,ZT,513,0,14,0,25,4.97732073005e-10
weekday_end_1d_bounded,ZU,349,0,22,0,181,4.99387687453e-10
weekday_end_1d_bounded,ZW,535,0,16,0,1,4.98748098376e-10
weekday_end_1d_bounded,ZZ,525,0,14,0,13,4.99632696327e-10
weekday_end_2d_bounded,AN,315,0,8,0,229,4.98607266586e-10
weekday_end_2d_bounded,AP,75,0,0,0,477,4.93063943841e-10
weekday_end_2d_bounded,AX,198,0,6,0,348,4.98635639723e-10
weekday_end_2d_bounded,BN,455,0,12,0,85,7.60139413413e-09
weekday_end_2d_bounded,CA,189,0,2,0,361,4.98413990635e-10
weekday_end_2d_bounded,CB,246,0,0,0,306,4.95412826756e-10
weekday_end_2d_bounded,CC,393,0,14,0,145,4.99540832311e-10
weekday_end_2d_bounded,CN,433,0,10,0,109,4.99909738605e-10
weekday_end_2d_bounded,CT,483,0,20,0,49,4.99911959051e-10
weekday_end_2d_bounded,DA,199,0,8,0,345,4.91803264779e-10
weekday_end_2d_bounded,DT,286,0,12,0,254,4.99442001645e-10
weekday_end_2d_bounded,EC,384,0,10,0,158,4.47978012987e-08
weekday_end_2d_bounded,FB,303,0,8,0,241,4.97070039643e-10
weekday_end_2d_bounded,FN,464,0,14,0,74,4.98521560838e-10
weekday_end_2d_bounded,GS,285,0,14,0,253,4.98103212322e-10
weekday_end_2d_bounded,HS,200,0,4,0,348,4.95874681594e-10
weekday_end_2d_bounded,JN,433,0,10,0,109,4.99546112809e-10
weekday_end_2d_bounded,JO,483,0,20,0,49,4.99390258313e-10
weekday_end_2d_bounded,KC,475,0,16,0,61,4.99363161932e-10
weekday_end_2d_bounded,LB,479,0,12,0,61,4.99676442584e-10
weekday_end_2d_bounded,LX,285,0,12,0,255,4.89421617816e-10
weekday_end_2d_bounded,MD,266,0,8,0,278,4.90545992281e-10
weekday_end_2d_bounded,MP,229,0,6,0,317,4.96187100955e-10
weekday_end_2d_bounded,MW,397,0,10,0,145,4.99647521274e-10
weekday_end_2d_bounded,ND,218,0,6,0,328,4.80152237414e-10
weekday_end_2d_bounded,NK,281,0,6,0,265,4.97925306889e-10
weekday_end_2d_bounded,RL,254,0,8,0,290,4.95385052424e-10
weekday_end_2d_bounded,SB,463,0,16,0,73,4.9940551694e-10
weekday_end_2d_bounded,SN,455,0,12,0,85,3.15720810481e-08
weekday_end_2d_bounded,SP,382,0,10,0,160,2.41879985439e-08
weekday_end_2d_bounded,SS,247,0,14,0,291,4.6592380423e-08
weekday_end_2d_bounded,TU,283,0,8,0,261,4.27900361435e-08
weekday_end_2d_bounded,TY,375,0,8,0,169,4.99702206697e-10
weekday_end_2d_bounded,UB,184,0,6,0,362,4.99390360661e-10
weekday_end_2d_bounded,US,433,0,10,0,109,4.96740260036e-10
weekday_end_2d_bounded,UZ,184,0,6,0,362,2.23137503963e-08
weekday_end_2d_bounded,XU,158,0,6,0,388,4.86073542527e-10
weekday_end_2d_bounded,XX,145,0,4,0,403,4.99106637963e-10
weekday_end_2d_bounded,YM,148,0,4,0,400,4.86894262755e-10
weekday_end_2d_bounded,ZA,373,0,10,0,169,4.99744190474e-10
weekday_end_2d_bounded,ZB,351,0,8,0,193,4.99234251161e-10
weekday_end_2d_bounded,ZC,525,0,14,0,13,4.97760839491e-10
weekday_end_2d_bounded,ZD,194,0,6,0,352,4.99877660098e-10
weekday_end_2d_bounded,ZF,433,0,10,0,109,4.99011517871e-10
weekday_end_2d_bounded,ZG,467,0,12,0,73,4.97308045438e-10
weekday_end_2d_bounded,ZI,491,0,12,0,49,4.99517996411e-10
weekday_end_2d_bounded,ZK,303,0,8,0,241,4.99433487622e-10
weekday_end_2d_bounded,ZL,535,0,16,0,1,4.99862443104e-10
weekday_end_2d_bounded,ZM,535,0,16,0,1,4.98806690397e-10
weekday_end_2d_bounded,ZN,279,0,8,0,265,4.98204547061e-10
weekday_end_2d_bounded,ZO,467,0,12,0,73,4.98534822799e-10
weekday_end_2d_bounded,ZP,485,0,18,0,49,4.35469341624e-08
weekday_end_2d_bounded,ZR,327,0,8,0,217,4.99936564369e-10
weekday_end_2d_bounded,ZS,535,0,16,0,1,4.98637339752e-10
weekday_end_2d_bounded,ZT,513,0,14,0,25,4.97732073005e-10
weekday_end_2d_bounded,ZU,361,0,10,0,181,4.99387687453e-10
weekday_end_2d_bounded,ZW,535,0,16,0,1,4.98748098376e-10
weekday_end_2d_bounded,ZZ,525,0,14,0,13,4.99632696327e-10
weekday_end_3d_unbounded,AN,323,0,0,0,229,4.98607266586e-10
weekday_end_3d_unbounded,AP,75,0,0,0,477,4.93063943841e-10
weekday_end_3d_unbounded,AX,204,0,0,1,347,4.98635639723e-10
weekday_end_3d_unbounded,BN,467,0,0,0,85,7.60139413413e-09
weekday_end_3d_unbounded,CA,191,0,0,0,361,4.98413990635e-10
weekday_end_3d_unbounded,CB,246,0,0,0,306,4.95412826756e-10
weekday_end_3d_unbounded,CC,407,0,0,0,145,4.99540832311e-10
weekday_end_3d_unbounded,CN,443,0,0,0,109,4.99909738605e-10
weekday_end_3d_unbounded,CT,503,0,0,0,49,4.99911959051e-10
weekday_end_3d_unbounded,DA,207,0,0,0,345,4.91803264779e-10
weekday_end_3d_unbounded,DT,298,0,0,1,253,4.99442001645e-10
weekday_end_3d_unbounded,EC,394,0,0,0,158,4.47978012987e-08
weekday_end_3d_unbounded,FB,311,0,0,0,241,4.97070039643e-10
weekday_end_3d_unbounded,FN,478,0,0,0,74,4.98521560838e-10
weekday_end_3d_unbounded,GS,299,0,0,0,253,4.98103212322e-10
weekday_end_3d_unbounded,HS,204,0,0,0,348,4.95874681594e-10
weekday_end_3d_unbounded,JN,443,0,0,0,109,4.99546112809e-10
weekday_end_3d_unbounded,JO,503,0,0,0,49,4.99390258313e-10
weekday_end_3d_unbounded,KC,491,0,0,0,61,4.99363161932e-10
weekday_end_3d_unbounded,LB,491,0,0,0,61,4.99676442584e-10
weekday_end_3d_unbounded,LX,297,0,0,0,255,4.89421617816e-10
weekday_end_3d_unbounded,MD,274,0,0,0,278,4.90545992281e-10
weekday_end_3d_unbounded,MP,235,0,0,0,317,4.96187100955e-10
weekday_end_3d_unbounded,MW,407,0,0,0,145,4.99647521274e-10
weekday_end_3d_unbounded,ND,224,0,0,0,328,4.80152237414e-10
weekday_end_3d_unbounded,NK,287,0,0,0,265,4.97925306889e-10
weekday_end_3d_unbounded,RL,262,0,0,0,290,4.95385052424e-10
weekday_end_3d_unbounded,SB,479,0,0,0,73,4.9940551694e-10
weekday_end_3d_unbounded,SN,467,0,0,0,85,3.15720810481e-08
weekday_end_3d_unbounded,SP,392,0,0,0,160,2.41879985439e-08
weekday_end_3d_unbounded,SS,261,0,0,0,291,4.6592380423e-08
weekday_end_3d_unbounded,TU,291,0,0,0,261,4.27900361435e-08
weekday_end_3d_unbounded,TY,383,0,0,0,169,4.99702206697e-10
weekday_end_3d_unbounded,UB,190,0,0,1,361,4.99390360661e-10
weekday_end_3d_unbounded,US,443,0,0,0,109,4.99954366101e-10
weekday_end_3d_unbounded,UZ,190,0,0,1,361,2.23137503963e-08
weekday_end_3d_unbounded,XU,164,0,0,1,387,4.91926290067e-10
weekday_end_3d_unbounded,XX,149,0,0,1,402,4.99106637963e-10
weekday_end_3d_unbounded,YM,152,0,0,0,400,4.86894262755e-10
weekday_end_3d_unbounded,ZA,383,0,0,0,169,4.99744190474e-10
weekday_end_3d_unbounded,ZB,359,0,0,0,193,4.99234251161e-10
weekday_end_3d_unbounded,ZC,539,0,0,0,13,4.97760839491e-10
weekday_end_3d_unbounded,ZD,200,0,0,0,352,4.99877660098e-10
weekday_end_3d_unbounded,ZF,443,0,0,0,109,4.99011517871e-10
weekday_end_3d_unbounded,ZG,479,0,0,0,73,4.97308045438e-10
weekday_end_3d_unbounded,ZI,503,0,0,0,49,4.99517996411e-10
weekday_end_3d_unbounded,ZK,311,0,0,0,241,4.99433487622e-10
weekday_end_3d_unbounded,ZL,551,0,0,0,1,4.99862443104e-10
weekday_end_3d_unbounded,ZM,551,0,0,0,1,4.98806690397e-10
weekday_end_3d_unbounded,ZN,287,0,0,0,265,4.98204547061e-10
weekday_end_3d_unbounded,ZO,479,0,0,0,73,4.98534822799e-10
weekday_end_3d_unbounded,ZP,503,0,0,0,49,4.35469341624e-08
weekday_end_3d_unbounded,ZR,335,0,0,0,217,4.99936564369e-10
weekday_end_3d_unbounded,ZS,551,0,0,0,1,4.98637339752e-10
weekday_end_3d_unbounded,ZT,527,0,0,0,25,4.97732073005e-10
weekday_end_3d_unbounded,ZU,371,0,0,0,181,4.99387687453e-10
weekday_end_3d_unbounded,ZW,551,0,0,0,1,4.98748098376e-10
weekday_end_3d_unbounded,ZZ,539,0,0,0,13,4.99632696327e-10
weekday_end_3d_bounded,AN,323,0,0,0,229,4.98607266586e-10
weekday_end_3d_bounded,AP,75,0,0,0,477,4.93063943841e-10
weekday_end_3d_bounded,AX,204,0,0,0,348,4.98635639723e-10
weekday_end_3d_bounded,BN,467,0,0,0,85,7.60139413413e-09
weekday_end_3d_bounded,CA,191,0,0,0,361,4.98413990635e-10
weekday_end_3d_bounded,CB,246,0,0,0,306,4.95412826756e-10
weekday_end_3d_bounded,CC,407,0,0,0,145,4.99540832311e-10
weekday_end_3d_bounded,CN,443,0,0,0,109,4.99909738605e-10
weekday_end_3d_bounded,CT,503,0,0,0,49,4.99911959051e-10
weekday_end_3d_bounded,DA,207,0,0,0,345,4.91803264779e-10
weekday_end_3d_bounded,DT,298,0,0,0,254,4.99442001645e-10
weekday_end_3d_bounded,EC,394,0,0,0,158,4.47978012987e-08
weekday_end_3d_bounded,FB,311,0,0,0,241,4.97070039643e-10
weekday_end_3d_bounded,FN,478,0,0,0,74,4.98521560838e-10
weekday_end_3d_bounded,GS,299,0,0,0,253,4.98103212322e-10
weekday_end_3d_bounded,HS,204,0,0,0,348,4.95874681594e-10
weekday_end_3d_bounded,JN,443,0,0,0,109,4.99546112809e-10
weekday_end_3d_bounded,JO,503,0,0,0,49,4.99390258313e-10
weekday_end_3d_bounded,KC,491,0,0,0,61,4.99363161932e-10
weekday_end_3d_bounded,LB,491,0,0,0,61,4.99676442584e-10
weekday_end_3d_bounded,LX,297,0,0,0,255,4.89421617816e-10
weekday_end_3d_bounded,MD,274,0,0,0,278,4.90545992281e-10
weekday_end_3d_bounded,MP,235,0,0,0,317,4.96187100955e-10
weekday_end_3d_bounded,MW,407,0,0,0,145,4.99647521274e-10
weekday_end_3d_bounded,ND,224,0,0,0,328,4.80152237414e-10
weekday_end_3d_bounded,NK,287,0,0,0,265,4.97925306889e-10
weekday_end_3d_bounded,RL,262,0,0,0,290,4.95385052424e-10
weekday_end_3d_bounded,SB,479,0,0,0,73,4.9940551694e-10
weekday_end_3d_bounded,SN,467,0,0,0,85,3.15720810481e-08
weekday_end_3d_bounded,SP,392,0,0,0,160,2.41879985439e-08
weekday_end_3d_bounded,SS,261,0,0,0,291,4.6592380423e-08
weekday_end_3d_bounded,TU,291,0,0,0,261,4.27900361435e-08
weekday_end_3d_bounded,TY,383,0,0,0,169,4.99702206697e-10
weekday_end_3d_bounded,UB,190,0,0,0,362,4.99390360661e-10
weekday_end_3d_bounded,US,443,0,0,0,109,4.99954366101e-10
weekday_end_3d_bounded,UZ,190,0,0,0,362,2.23137503963e-08
weekday_end_3d_bounded,XU,164,0,0,0,388,4.91926290067e-10
weekday_end_3d_bounded,XX,149,0,0,0,403,4.99106637963e-10
weekday_end_3d_bounded,YM,152,0,0,0,400,4.86894262755e-10
weekday_end_3d_bounded,ZA,383,0,0,0,169,4.99744190474e-10
weekday_end_3d_bounded,ZB,359,0,0,0,193,4.99234251161e-10
weekday_end_3d_bounded,ZC,539,0,0,0,13,4.97760839491e-10
weekday_end_3d_bounded,ZD,200,0,0,0,352,4.99877660098e-10
weekday_end_3d_bounded,ZF,443,0,0,0,109,4.99011517871e-10
weekday_end_3d_bounded,ZG,479,0,0,0,73,4.97308045438e-10
weekday_end_3d_bounded,ZI,503,0,0,0,49,4.99517996411e-10
weekday_end_3d_bounded,ZK,311,0,0,0,241,4.99433487622e-10
weekday_end_3d_bounded,ZL,551,0,0,0,1,4.99862443104e-10
weekday_end_3d_bounded,ZM,551,0,0,0,1,4.98806690397e-10
weekday_end_3d_bounded,ZN,287,0,0,0,265,4.98204547061e-10
weekday_end_3d_bounded,ZO,479,0,0,0,73,4.98534822799e-10
weekday_end_3d_bounded,ZP,503,0,0,0,49,4.35469341624e-08
weekday_end_3d_bounded,ZR,335,0,0,0,217,4.99936564369e-10
weekday_end_3d_bounded,ZS,551,0,0,0,1,4.98637339752e-10
weekday_end_3d_bounded,ZT,527,0,0,0,25,4.97732073005e-10
weekday_end_3d_bounded,ZU,371,0,0,0,181,4.99387687453e-10
weekday_end_3d_bounded,ZW,551,0,0,0,1,4.98748098376e-10
weekday_end_3d_bounded,ZZ,539,0,0,0,13,4.99632696327e-10
weekday_end_4d_bounded,AN,323,0,0,0,229,4.98607266586e-10
weekday_end_4d_bounded,AP,75,0,0,0,477,4.93063943841e-10
weekday_end_4d_bounded,AX,204,0,0,0,348,4.98635639723e-10
weekday_end_4d_bounded,BN,467,0,0,0,85,7.60139413413e-09
weekday_end_4d_bounded,CA,191,0,0,0,361,4.98413990635e-10
weekday_end_4d_bounded,CB,246,0,0,0,306,4.95412826756e-10
weekday_end_4d_bounded,CC,407,0,0,0,145,4.99540832311e-10
weekday_end_4d_bounded,CN,443,0,0,0,109,4.99909738605e-10
weekday_end_4d_bounded,CT,503,0,0,0,49,4.99911959051e-10
weekday_end_4d_bounded,DA,207,0,0,0,345,4.91803264779e-10
weekday_end_4d_bounded,DT,298,0,0,2,252,4.99442001645e-10
weekday_end_4d_bounded,EC,394,0,0,0,158,4.47978012987e-08
weekday_end_4d_bounded,FB,311,0,0,0,241,4.97070039643e-10
weekday_end_4d_bounded,FN,478,0,0,0,74,4.98521560838e-10
weekday_end_4d_bounded,GS,299,0,0,2,251,4.98103212322e-10
weekday_end_4d_bounded,HS,204,0,0,2,346,4.95874681594e-10
weekday_end_4d_bounded,JN,443,0,0,0,109,4.99546112809e-10
weekday_end_4d_bounded,JO,503,0,0,0,49,4.99390258313e-10
weekday_end_4d_bounded,KC,491,0,0,0,61,4.99363161932e-10
weekday_end_4d_bounded,LB,491,0,0,0,61,4.99676442584e-10
weekday_end_4d_bounded,LX,297,0,0,2,253,4.89421617816e-10
weekday_end_4d_bounded,MD,274,0,0,0,278,4.90545992281e-10
weekday_end_4d_bounded,MP,235,0,0,0,317,4.96187100955e-10
weekday_end_4d_bounded,MW,407,0,0,0,145,4.99647521274e-10
weekday_end_4d_bounded,ND,224,0,0,0,328,4.80152237414e-10
weekday_end_4d_bounded,NK,287,0,0,0,265,4.97925306889e-10
weekday_end_4d_bounded,RL,262,0,0,0,290,4.95385052424e-10
weekday_end_4d_bounded,SB,479,0,0,0,73,4.9940551694e-10
weekday_end_4d_bounded,SN,467,0,0,0,85,3.15720810481e-08
weekday_end_4d_bounded,SP,392,0,0,0,160,2.41879985439e-08
weekday_end_4d_bounded,SS,261,0,0,2,289,4.6592380423e-08
weekday_end_4d_bounded,TU,291,0,0,0,261,4.27900361435e-08
weekday_end_4d_bounded,TY,383,0,0,0,169,4.99702206697e-10
weekday_end_4d_bounded,UB,190,0,0,0,362,4.99390360661e-10
weekday_end_4d_bounded,US,443,0,0,0,109,4.99954366101e-10
weekday_end_4d_bounded,UZ,190,0,0,0,362,2.23137503963e-08
weekday_end_4d_bounded,XU,164,0,0,0,388,4.91926290067e-10
weekday_end_4d_bounded,XX,149,0,0,0,403,4.99106637963e-10
weekday_end_4d_bounded,YM,152,0,0,0,400,4.86894262755e-10
weekday_end_4d_bounded,ZA,383,0,0,0,169,4.99744190474e-10
weekday_end_4d_bounded,ZB,359,0,0,0,193,4.99234251161e-10
weekday_end_4d_bounded,ZC,539,0,0,0,13,4.97760839491e-10
weekday_end_4d_bounded,ZD,200,0,0,0,352,4.99877660098e-10
weekday_end_4d_bounded,ZF,443,0,0,0,109,4.99011517871e-10
weekday_end_4d_bounded,ZG,479,0,0,0,73,4.97308045438e-10
weekday_end_4d_bounded,ZI,503,0,0,0,49,4.99517996411e-10
weekday_end_4d_bounded,ZK,311,0,0,0,241,4.99433487622e-10
weekday_end_4d_bounded,ZL,551,0,0,0,1,4.99862443104e-10
weekday_end_4d_bounded,ZM,551,0,0,0,1,4.98806690397e-10
weekday_end_4d_bounded,ZN,287,0,0,0,265,4.98204547061e-10
weekday_end_4d_bounded,ZO,479,0,0,0,73,4.98534822799e-10
weekday_end_4d_bounded,ZP,503,0,0,0,49,4.35469341624e-08
weekday_end_4d_bounded,ZR,335,0,0,0,217,4.99936564369e-10
weekday_end_4d_bounded,ZS,551,0,0,0,1,4.98637339752e-10
weekday_end_4d_bounded,ZT,527,0,0,0,25,4.97732073005e-10
weekday_end_4d_bounded,ZU,371,0,0,0,181,4.99387687453e-10
weekday_end_4d_bounded,ZW,551,0,0,0,1,4.98748098376e-10
weekday_end_4d_bounded,ZZ,539,0,0,0,13,4.99632696327e-10
weekday_end_3weekdays_bounded,AN,323,0,0,0,229,4.98607266586e-10
weekday_end_3weekdays_bounded,AP,75,0,0,0,477,4.93063943841e-10
weekday_end_3weekdays_bounded,AX,204,0,0,0,348,4.98635639723e-10
weekday_end_3weekdays_bounded,BN,467,0,0,0,85,7.60139413413e-09
weekday_end_3weekdays_bounded,CA,191,0,0,0,361,4.98413990635e-10
weekday_end_3weekdays_bounded,CB,246,0,0,0,306,4.95412826756e-10
weekday_end_3weekdays_bounded,CC,407,0,0,0,145,4.99540832311e-10
weekday_end_3weekdays_bounded,CN,443,0,0,0,109,4.99909738605e-10
weekday_end_3weekdays_bounded,CT,503,0,0,0,49,4.99911959051e-10
weekday_end_3weekdays_bounded,DA,207,0,0,0,345,4.91803264779e-10
weekday_end_3weekdays_bounded,DT,298,0,0,2,252,4.99442001645e-10
weekday_end_3weekdays_bounded,EC,394,0,0,0,158,4.47978012987e-08
weekday_end_3weekdays_bounded,FB,311,0,0,0,241,4.97070039643e-10
weekday_end_3weekdays_bounded,FN,478,0,0,0,74,4.98521560838e-10
weekday_end_3weekdays_bounded,GS,299,0,0,2,251,4.98103212322e-10
weekday_end_3weekdays_bounded,HS,204,0,0,2,346,4.95874681594e-10
weekday_end_3weekdays_bounded,JN,443,0,0,0,109,4.99546112809e-10
weekday_end_3weekdays_bounded,JO,503,0,0,0,49,4.99390258313e-10
weekday_end_3weekdays_bounded,KC,491,0,0,0,61,4.99363161932e-10
weekday_end_3weekdays_bounded,LB,491,0,0,0,61,4.99676442584e-10
weekday_end_3weekdays_bounded,LX,297,0,0,2,253,4.89421617816e-10
weekday_end_3weekdays_bounded,MD,274,0,0,0,278,4.90545992281e-10
weekday_end_3weekdays_bounded,MP,235,0,0,0,317,4.96187100955e-10
weekday_end_3weekdays_bounded,MW,407,0,0,0,145,4.99647521274e-10
weekday_end_3weekdays_bounded,ND,224,0,0,0,328,4.80152237414e-10
weekday_end_3weekdays_bounded,NK,287,0,0,0,265,4.97925306889e-10
weekday_end_3weekdays_bounded,RL,262,0,0,0,290,4.95385052424e-10
weekday_end_3weekdays_bounded,SB,479,0,0,0,73,4.9940551694e-10
weekday_end_3weekdays_bounded,SN,467,0,0,0,85,3.15720810481e-08
weekday_end_3weekdays_bounded,SP,392,0,0,0,160,2.41879985439e-08
weekday_end_3weekdays_bounded,SS,261,0,0,2,289,4.6592380423e-08
weekday_end_3weekdays_bounded,TU,291,0,0,0,261,4.27900361435e-08
weekday_end_3weekdays_bounded,TY,383,0,0,0,169,4.99702206697e-10
weekday_end_3weekdays_bounded,UB,190,0,0,0,362,4.99390360661e-10
weekday_end_3weekdays_bounded,US,443,0,0,0,109,4.99954366101e-10
weekday_end_3weekdays_bounded,UZ,190,0,0,0,362,2.23137503963e-08
weekday_end_3weekdays_bounded,XU,164,0,0,0,388,4.91926290067e-10
weekday_end_3weekdays_bounded,XX,149,0,0,0,403,4.99106637963e-10
weekday_end_3weekdays_bounded,YM,152,0,0,0,400,4.86894262755e-10
weekday_end_3weekdays_bounded,ZA,383,0,0,0,169,4.99744190474e-10
weekday_end_3weekdays_bounded,ZB,359,0,0,0,193,4.99234251161e-10
weekday_end_3weekdays_bounded,ZC,539,0,0,0,13,4.97760839491e-10
weekday_end_3weekdays_bounded,ZD,200,0,0,0,352,4.99877660098e-10
weekday_end_3weekdays_bounded,ZF,443,0,0,0,109,4.99011517871e-10
weekday_end_3weekdays_bounded,ZG,479,0,0,0,73,4.97308045438e-10
weekday_end_3weekdays_bounded,ZI,503,0,0,0,49,4.99517996411e-10
weekday_end_3weekdays_bounded,ZK,311,0,0,0,241,4.99433487622e-10
weekday_end_3weekdays_bounded,ZL,551,0,0,0,1,4.99862443104e-10
weekday_end_3weekdays_bounded,ZM,551,0,0,0,1,4.98806690397e-10
weekday_end_3weekdays_bounded,ZN,287,0,0,0,265,4.98204547061e-10
weekday_end_3weekdays_bounded,ZO,479,0,0,0,73,4.98534822799e-10
weekday_end_3weekdays_bounded,ZP,503,0,0,0,49,4.35469341624e-08
weekday_end_3weekdays_bounded,ZR,335,0,0,0,217,4.99936564369e-10
weekday_end_3weekdays_bounded,ZS,551,0,0,0,1,4.98637339752e-10
weekday_end_3weekdays_bounded,ZT,527,0,0,0,25,4.97732073005e-10
weekday_end_3weekdays_bounded,ZU,371,0,0,0,181,4.99387687453e-10
weekday_end_3weekdays_bounded,ZW,551,0,0,0,1,4.98748098376e-10
weekday_end_3weekdays_bounded,ZZ,539,0,0,0,13,4.99632696327e-10
last_observed_bounded,AN,323,0,0,0,229,4.98607266586e-10
last_observed_bounded,AP,75,0,0,0,477,4.93063943841e-10
last_observed_bounded,AX,204,0,0,0,348,4.98635639723e-10
last_observed_bounded,BN,467,0,0,0,85,7.60139413413e-09
last_observed_bounded,CA,191,0,0,0,361,4.98413990635e-10
last_observed_bounded,CB,246,0,0,0,306,4.95412826756e-10
last_observed_bounded,CC,407,0,0,0,145,4.99540832311e-10
last_observed_bounded,CN,443,0,0,0,109,4.99909738605e-10
last_observed_bounded,CT,503,0,0,0,49,4.99911959051e-10
last_observed_bounded,DA,207,0,0,0,345,4.91803264779e-10
last_observed_bounded,DT,298,0,0,2,252,4.99442001645e-10
last_observed_bounded,EC,394,0,0,0,158,4.47978012987e-08
last_observed_bounded,FB,311,0,0,0,241,4.97070039643e-10
last_observed_bounded,FN,478,0,0,0,74,4.98521560838e-10
last_observed_bounded,GS,299,0,0,2,251,4.98103212322e-10
last_observed_bounded,HS,204,0,0,2,346,4.95874681594e-10
last_observed_bounded,JN,443,0,0,0,109,4.99546112809e-10
last_observed_bounded,JO,503,0,0,0,49,4.99390258313e-10
last_observed_bounded,KC,491,0,0,0,61,4.99363161932e-10
last_observed_bounded,LB,491,0,0,0,61,4.99676442584e-10
last_observed_bounded,LX,297,0,0,2,253,4.89421617816e-10
last_observed_bounded,MD,274,0,0,0,278,4.90545992281e-10
last_observed_bounded,MP,235,0,0,0,317,4.96187100955e-10
last_observed_bounded,MW,407,0,0,0,145,4.99647521274e-10
last_observed_bounded,ND,224,0,0,0,328,4.80152237414e-10
last_observed_bounded,NK,287,0,0,0,265,4.97925306889e-10
last_observed_bounded,RL,262,0,0,0,290,4.95385052424e-10
last_observed_bounded,SB,479,0,0,0,73,4.9940551694e-10
last_observed_bounded,SN,467,0,0,0,85,3.15720810481e-08
last_observed_bounded,SP,392,0,0,0,160,2.41879985439e-08
last_observed_bounded,SS,261,0,0,18,273,4.6592380423e-08
last_observed_bounded,TU,291,0,0,0,261,4.27900361435e-08
last_observed_bounded,TY,383,0,0,0,169,4.99702206697e-10
last_observed_bounded,UB,190,0,0,0,362,4.99390360661e-10
last_observed_bounded,US,443,0,0,0,109,4.99954366101e-10
last_observed_bounded,UZ,190,0,0,0,362,2.23137503963e-08
last_observed_bounded,XU,164,0,0,0,388,4.91926290067e-10
last_observed_bounded,XX,149,0,0,0,403,4.99106637963e-10
last_observed_bounded,YM,152,0,0,0,400,4.86894262755e-10
last_observed_bounded,ZA,383,0,0,0,169,4.99744190474e-10
last_observed_bounded,ZB,359,0,0,0,193,4.99234251161e-10
last_observed_bounded,ZC,539,0,0,0,13,4.97760839491e-10
last_observed_bounded,ZD,200,0,0,0,352,4.99877660098e-10
last_observed_bounded,ZF,443,0,0,0,109,4.99011517871e-10
last_observed_bounded,ZG,479,0,0,0,73,4.97308045438e-10
last_observed_bounded,ZI,503,0,0,0,49,4.99517996411e-10
last_observed_bounded,ZK,311,0,0,0,241,4.99433487622e-10
last_observed_bounded,ZL,551,0,0,0,1,4.99862443104e-10
last_observed_bounded,ZM,551,0,0,0,1,4.98806690397e-10
last_observed_bounded,ZN,287,0,0,0,265,4.98204547061e-10
last_observed_bounded,ZO,479,0,0,0,73,4.98534822799e-10
last_observed_bounded,ZP,503,0,0,0,49,4.35469341624e-08
last_observed_bounded,ZR,335,0,0,0,217,4.99936564369e-10
last_observed_bounded,ZS,551,0,0,0,1,4.98637339752e-10
last_observed_bounded,ZT,527,0,0,0,25,4.97732073005e-10
last_observed_bounded,ZU,371,0,0,0,181,4.99387687453e-10
last_observed_bounded,ZW,551,0,0,0,1,4.98748098376e-10
last_observed_bounded,ZZ,539,0,0,0,13,4.99632696327e-10
