date,gap_start,gap_end,SS_present,GS_present,LX_present
1997-12-24,1997-12-23,1998-01-05,False,True,True
1997-12-25,1997-12-23,1998-01-05,False,False,False
1997-12-26,1997-12-23,1998-01-05,False,False,False
1997-12-29,1997-12-23,1998-01-05,False,True,True
1997-12-30,1997-12-23,1998-01-05,False,True,True
1997-12-31,1997-12-23,1998-01-05,False,True,True
1998-01-01,1997-12-23,1998-01-05,False,False,False
1998-01-02,1997-12-23,1998-01-05,False,True,True
1991-12-24,1991-12-23,1992-01-02,False,True,True
1991-12-25,1991-12-23,1992-01-02,False,False,False
1991-12-26,1991-12-23,1992-01-02,False,False,False
1991-12-27,1991-12-23,1992-01-02,False,True,True
1991-12-30,1991-12-23,1992-01-02,False,True,True
1991-12-31,1991-12-23,1992-01-02,False,True,True
1992-01-01,1991-12-23,1992-01-02,False,False,False
1992-12-24,1992-12-23,1993-01-04,False,True,True
1992-12-25,1992-12-23,1993-01-04,False,False,False
1992-12-28,1992-12-23,1993-01-04,False,False,False
1992-12-29,1992-12-23,1993-01-04,False,True,True
1992-12-30,1992-12-23,1993-01-04,False,True,True
1992-12-31,1992-12-23,1993-01-04,False,True,True
1993-01-01,1992-12-23,1993-01-04,False,False,False
1993-12-24,1993-12-23,1994-01-04,False,True,True
1993-12-27,1993-12-23,1994-01-04,False,False,False
1993-12-28,1993-12-23,1994-01-04,False,False,False
1993-12-29,1993-12-23,1994-01-04,False,True,True
1993-12-30,1993-12-23,1994-01-04,False,True,True
1993-12-31,1993-12-23,1994-01-04,False,True,True
1994-01-03,1993-12-23,1994-01-04,False,False,False
1994-12-23,1994-12-22,1995-01-03,False,True,True
1994-12-26,1994-12-22,1995-01-03,False,False,False
1994-12-27,1994-12-22,1995-01-03,False,False,False
1994-12-28,1994-12-22,1995-01-03,False,True,True
1994-12-29,1994-12-22,1995-01-03,False,True,True
1994-12-30,1994-12-22,1995-01-03,False,True,True
1995-01-02,1994-12-22,1995-01-03,False,False,False
1995-12-22,1995-12-21,1996-01-02,False,True,True
1995-12-25,1995-12-21,1996-01-02,False,False,False
1995-12-26,1995-12-21,1996-01-02,False,False,False
1995-12-27,1995-12-21,1996-01-02,False,True,True
1995-12-28,1995-12-21,1996-01-02,False,True,True
1995-12-29,1995-12-21,1996-01-02,False,True,True
1996-01-01,1995-12-21,1996-01-02,False,False,False
1996-12-24,1996-12-23,1997-01-02,False,True,True
1996-12-25,1996-12-23,1997-01-02,False,False,False
1996-12-26,1996-12-23,1997-01-02,False,False,False
1996-12-27,1996-12-23,1997-01-02,False,True,True
1996-12-30,1996-12-23,1997-01-02,False,True,True
1996-12-31,1996-12-23,1997-01-02,False,True,True
1997-01-01,1996-12-23,1997-01-02,False,False,False
1998-12-24,1998-12-23,1999-01-04,False,True,True
1998-12-25,1998-12-23,1999-01-04,False,False,False
1998-12-28,1998-12-23,1999-01-04,False,False,False
1998-12-29,1998-12-23,1999-01-04,False,True,True
1998-12-30,1998-12-23,1999-01-04,False,True,True
1998-12-31,1998-12-23,1999-01-04,False,False,False
1999-01-01,1998-12-23,1999-01-04,False,False,False
